preregistration_commit,rules_changed_after_execution,S_experiment_started_after_preregistration,protocol_branch,implementation_branch,n,alpha,repeat_index,seed,sample_index,aspect_ratio,a,feasible,S_Kwant,failure_mode,b,Q_Kwant,Ekin_Kwant,geometry_hash,repeat_best_S,S_random_best_of_5_primary,S_random_best_of_5_p75
7e28542fda40db288ad2613b49f17b1248f6f2ce,False,True,article-s-objective-preregistration,article-s-objective-implementation,1.2,0.95,0,20260602,1,0.9333548852209436,28.108978480057715,True,0.12070587187847989,ok,26.23565238293224,1.4522361696139177,0.010588982645967082,c6914383e7d63a10dba810cd123021dee0f68dc4ef05cc49780e6587add9f25e,0.12070587187847989,0.10586030899443685,0.12070587187847989
7e28542fda40db288ad2613b49f17b1248f6f2ce,False,True,article-s-objective-preregistration,article-s-objective-implementation,1.2,0.95,0,20260602,2,0.802692669521896,30.704786599381215,False,0.35896449401300723,ok,24.64650712255745,1.3350577064281683,0.010523184163347743,2d807432de395fbc7230326c63325fd937d1ec7135e110fbf4e2f48a7fc41b1a,0.12070587187847989,0.10586030899443685,0.12070587187847989
7e28542fda40db288ad2613b49f17b1248f6f2ce,False,True,article-s-objective-preregistration,article-s-objective-implementation,1.2,0.95,0,20260602,3,0.8338267153315726,30.02876904134344,False,0.32193090901473936,ok,25.03878985519382,1.3508319087975384,0.010503214370240155,2de755bcef47ff013bf6f8c0f7b75922ad8d5509d193835a204f1d90a9c8b9ef,0.12070587187847989,0.10586030899443685,0.12070587187847989
7e28542fda40db288ad2613b49f17b1248f6f2ce,False,True,article-s-objective-preregistration,article-s-objective-implementation,1.2,0.95,0,20260602,4,0.6884475204070778,33.582777347908966,False,0.6136859456892687,ok,23.119979793550907,1.2021381363292984,0.010573998406290475,141db57e8569d0ce8000da789c9de530851680fcd23d5eaf7d6c0bafc2bd9ad7,0.12070587187847989,0.10586030899443685,0.12070587187847989
7e28542fda40db288ad2613b49f17b1248f6f2ce,False,True,article-s-objective-preregistration,article-s-objective-implementation,1.2,0.95,0,20260602,5,0.9673963383227839,27.524484280829355,True,0.047265539026333646,ok,26.627085307497342,1.4909380479418592,0.01059736413612411,3287a414615cfa36ed9f4d0b47b16f4db3f601984cd7ccbf507fc1228c6575f3,0.12070587187847989,0.10586030899443685,0.12070587187847989
7e28542fda40db288ad2613b49f17b1248f6f2ce,False,True,article-s-objective-preregistration,article-s-objective-implementation,1.2,0.95,1,20260603,1,0.8626307280388037,29.43757993070532,False,0.2717229394838042,ok,25.393761007324805,1.374877711753057,0.010525932959493112,05d3095cb60b752b7e51cbc874a2da1c4533940dc4b2417e56abd6235f93d399,,0.10586030899443685,0.12070587187847989
7e28542fda40db288ad2613b49f17b1248f6f2ce,False,True,article-s-objective-preregistration,article-s-objective-implementation,1.2,0.95,1,20260603,2,0.6937979473106936,33.43173535988224,False,0.6083974348350318,ok,23.194869367720628,1.2055601842599182,0.010581064687325892,9428d709baddb83acc3a3dbfc690b7724072a4dc5813040e6318103408451daf,,0.10586030899443685,0.12070587187847989
7e28542fda40db288ad2613b49f17b1248f6f2ce,False,True,article-s-objective-preregistration,article-s-objective-implementation,1.2,0.95,1,20260603,3,0.6827201570349696,33.74648798608379,False,0.6419151808925584,ok,23.039407577237842,1.1879874939636488,0.010564523884010413,c1d2a75822a3edd7f4f05b9c648817d2d50d779379ccee3359d2bd52b333bcf6,,0.10586030899443685,0.12070587187847989
7e28542fda40db288ad2613b49f17b1248f6f2ce,False,True,article-s-objective-preregistration,article-s-objective-implementation,1.2,0.95,1,20260603,4,0.8936751520816874,28.834080551869153,False,0.1678088677183946,ok,25.76830132232729,1.42847437591634,0.010605888063781155,5d1ddec47e6358345483e42e0721e0b0e87d2937fcd6646d74036377e10a99ab,,0.10586030899443685,0.12070587187847989
7e28542fda40db288ad2613b49f17b1248f6f2ce,False,True,article-s-objective-preregistration,article-s-objective-implementation,1.2,0.95,1,20260603,5,0.8242667010564628,30.232097647277232,False,0.3370292740654485,ok,24.919311393738056,1.3431350884340807,0.010534749727707293,b8ed5494c88bdbec06a02ff4ff9d518d3b0e6f87f385cbf69677fd50cdce41db,,0.10586030899443685,0.12070587187847989
7e28542fda40db288ad2613b49f17b1248f6f2ce,False,True,article-s-objective-preregistration,article-s-objective-implementation,1.2,0.95,2,20260604,1,0.7174862011849357,32.78411107819655,False,0.5791833365434887,ok,23.52214731672021,1.2214788935745122,0.010553602463598377,7b8c73be2578d79b65147c24bc3a5154b70a79cfdabb5e7c7227e5d75ae0f4c5,,0.10586030899443685,0.12070587187847989
7e28542fda40db288ad2613b49f17b1248f6f2ce,False,True,article-s-objective-preregistration,article-s-objective-implementation,1.2,0.95,2,20260604,2,0.6843738886384919,33.69900003859521,False,0.6307788308322467,ok,23.06271569964209,1.1924161649681018,0.010542902813563959,5681e40569b8e0151fb97ce428c889b1add2e040aaa16c7e1d182ade75b380a4,,0.10586030899443685,0.12070587187847989
7e28542fda40db288ad2613b49f17b1248f6f2ce,False,True,article-s-objective-preregistration,article-s-objective-implementation,1.2,0.95,2,20260604,3,0.8733693723674769,29.225020459415592,False,0.2417707600923314,ok,25.524237776066467,1.3908212237013986,0.010596494839118176,75b5dd72ea6ac96e0133c9d1d2178ab6dd62566e7e5815586d1291603a208713,,0.10586030899443685,0.12070587187847989
7e28542fda40db288ad2613b49f17b1248f6f2ce,False,True,article-s-objective-preregistration,article-s-objective-implementation,1.2,0.95,2,20260604,4,0.892975824305166,28.84731224351455,False,0.1678088677183946,ok,25.759952429640915,1.42847437591634,0.010605888063781155,5d1ddec47e6358345483e42e0721e0b0e87d2937fcd6646d74036377e10a99ab,,0.10586030899443685,0.12070587187847989
7e28542fda40db288ad2613b49f17b1248f6f2ce,False,True,article-s-objective-preregistration,article-s-objective-implementation,1.2,0.95,2,20260604,5,0.8341006067715665,30.022997477700375,False,0.32193090901473936,ok,25.042200413251095,1.3508319087975384,0.010503214370240155,2de755bcef47ff013bf6f8c0f7b75922ad8d5509d193835a204f1d90a9c8b9ef,,0.10586030899443685,0.12070587187847989
7e28542fda40db288ad2613b49f17b1248f6f2ce,False,True,article-s-objective-preregistration,article-s-objective-implementation,1.2,0.95,3,20260605,1,0.9757154508614188,27.386545545816592,True,0.045257037370635245,ok,26.721475634773217,1.492204881944244,0.010600462508664421,df62b2a3bca9840576514e87aa41e031cf6212da600f14e7eab31f1f3db26310,0.08756605380305539,0.10586030899443685,0.12070587187847989
7e28542fda40db288ad2613b49f17b1248f6f2ce,False,True,article-s-objective-preregistration,article-s-objective-implementation,1.2,0.95,3,20260605,2,0.9603380161635924,27.642991708445603,True,0.08756605380305539,ok,26.546615818115285,1.47124659917543,0.010639955983239968,905f77f941402da94bfd3a7fe63c4ebe8e381ddd20b2cc5e50f0c7f728c93d0f,0.08756605380305539,0.10586030899443685,0.12070587187847989
7e28542fda40db288ad2613b49f17b1248f6f2ce,False,True,article-s-objective-preregistration,article-s-objective-implementation,1.2,0.95,3,20260605,3,0.9065600194975205,28.59316425589833,False,0.15859911561954598,ok,25.921419545322998,1.4331032963861925,0.010604272808499182,2ecff0dc8e27e9404a51af6668d0429b29e451881d60bc99ed217ca770569801,0.08756605380305539,0.10586030899443685,0.12070587187847989
7e28542fda40db288ad2613b49f17b1248f6f2ce,False,True,article-s-objective-preregistration,article-s-objective-implementation,1.2,0.95,3,20260605,4,0.9196257374885642,28.354295991678736,False,0.1501177311523351,ok,26.0753403623166,1.4382858690517226,0.010615754594332394,508720285d442da6712afa159529d21cf9cda6652e4f7ebfdf525637322561c2,0.08756605380305539,0.10586030899443685,0.12070587187847989
7e28542fda40db288ad2613b49f17b1248f6f2ce,False,True,article-s-objective-preregistration,article-s-objective-implementation,1.2,0.95,3,20260605,5,0.7850511007118641,31.106305462064476,False,0.41769204734423204,ok,24.42003934207319,1.3025253181428584,0.010476175817657474,78a32e34e224197c81e0c6f3218afca8d432ae2a3affb4a64410572fb4072199,0.08756605380305539,0.10586030899443685,0.12070587187847989
7e28542fda40db288ad2613b49f17b1248f6f2ce,False,True,article-s-objective-preregistration,article-s-objective-implementation,1.2,0.95,4,20260606,1,0.889780495655351,28.907977234465232,False,0.1678088677183946,ok,25.721754312076076,1.42847437591634,0.010605888063781155,5d1ddec47e6358345483e42e0721e0b0e87d2937fcd6646d74036377e10a99ab,0.09285484568280522,0.10586030899443685,0.12070587187847989
7e28542fda40db288ad2613b49f17b1248f6f2ce,False,True,article-s-objective-preregistration,article-s-objective-implementation,1.2,0.95,4,20260606,2,0.9551249735267304,27.731401734704463,True,0.09285484568280522,ok,26.486954347718726,1.4679697430193872,0.010631550355975516,f96d40f5bcc970440b7fe5f05f532a044dd8b16d60ddcad8952116a886ec56ed,0.09285484568280522,0.10586030899443685,0.12070587187847989
7e28542fda40db288ad2613b49f17b1248f6f2ce,False,True,article-s-objective-preregistration,article-s-objective-implementation,1.2,0.95,4,20260606,3,0.9820595947483725,27.282593224966767,True,0.02548646514194377,ok,26.793132446195557,1.5030387000763568,0.010643754785434556,1b2e8fd715c7c9db680cbe93d5bfd73484f70d09e40c8b73b5d0eabfb7175adb,0.09285484568280522,0.10586030899443685,0.12070587187847989
7e28542fda40db288ad2613b49f17b1248f6f2ce,False,True,article-s-objective-preregistration,article-s-objective-implementation,1.2,0.95,4,20260606,4,0.738527306080459,32.23607531308504,False,0.5013263236088523,ok,23.80722185957948,1.25898699809529,0.010520937260746877,7eccff48e1b944835ef2b59194abcf1d599ad76f09dc2292d2662bc1ed97e74d,0.09285484568280522,0.10586030899443685,0.12070587187847989
7e28542fda40db288ad2613b49f17b1248f6f2ce,False,True,article-s-objective-preregistration,article-s-objective-implementation,1.2,0.95,4,20260606,5,0.8214111288011274,30.293548308496064,False,0.3370292740654485,ok,24.883457711473238,1.3431350884340807,0.010534749727707293,b8ed5494c88bdbec06a02ff4ff9d518d3b0e6f87f385cbf69677fd50cdce41db,0.09285484568280522,0.10586030899443685,0.12070587187847989
7e28542fda40db288ad2613b49f17b1248f6f2ce,False,True,article-s-objective-preregistration,article-s-objective-implementation,1.2,0.95,5,20260607,1,0.9050374349568451,28.62135217509816,False,0.15859911561954598,ok,25.903395157547358,1.4331032963861925,0.010604272808499182,2ecff0dc8e27e9404a51af6668d0429b29e451881d60bc99ed217ca770569801,0.13319743561457206,0.10586030899443685,0.12070587187847989
7e28542fda40db288ad2613b49f17b1248f6f2ce,False,True,article-s-objective-preregistration,article-s-objective-implementation,1.2,0.95,5,20260607,2,0.6972348854584217,33.33565944726102,False,0.6045743201815325,ok,23.242784696391993,1.2080493251798332,0.010586099588629772,1d70a444cbe92c4c0ced396a8db197009f58bade0543070855d62be05fbb1cc6,0.13319743561457206,0.10586030899443685,0.12070587187847989
7e28542fda40db288ad2613b49f17b1248f6f2ce,False,True,article-s-objective-preregistration,article-s-objective-implementation,1.2,0.95,5,20260607,3,0.8957140155788856,28.79559662655461,False,0.1634526487064499,ok,25.79261948536104,1.431250897799507,0.010612372515317325,cde7fcfb15b87d7da3f18e181a838e970298b09221c7c79cce6caa81a35b2e33,0.13319743561457206,0.10586030899443685,0.12070587187847989
7e28542fda40db288ad2613b49f17b1248f6f2ce,False,True,article-s-objective-preregistration,article-s-objective-implementation,1.2,0.95,5,20260607,4,0.9266445895628699,28.22816663429872,True,0.13319743561457206,ok,26.157477884952037,1.446741122332222,0.010615018964437617,cc837d6b51d73c23db32f93390d62df6960d9f2bea9f6ccda2f580fdaba8452f,0.13319743561457206,0.10586030899443685,0.12070587187847989
7e28542fda40db288ad2613b49f17b1248f6f2ce,False,True,article-s-objective-preregistration,article-s-objective-implementation,1.2,0.95,5,20260607,5,0.6876971605706926,33.60410535284914,False,0.6136859456892687,ok,23.109447834672768,1.2021381363292984,0.010573998406290475,141db57e8569d0ce8000da789c9de530851680fcd23d5eaf7d6c0bafc2bd9ad7,0.13319743561457206,0.10586030899443685,0.12070587187847989
7e28542fda40db288ad2613b49f17b1248f6f2ce,False,True,article-s-objective-preregistration,article-s-objective-implementation,1.2,0.95,6,20260608,1,0.7818684615019541,31.18024274287659,False,0.4211033132596728,ok,24.37884842263039,1.3003278605515707,0.010471488090488812,3545389f2b91d632d249c4f79e63d8e62ab7feb8ba0e3e9db2eade0d86e34a62,,0.10586030899443685,0.12070587187847989
7e28542fda40db288ad2613b49f17b1248f6f2ce,False,True,article-s-objective-preregistration,article-s-objective-implementation,1.2,0.95,6,20260608,2,0.9175748620579983,28.391436410846282,False,0.1501177311523351,ok,26.051268348310707,1.4382858690517226,0.010615754594332394,508720285d442da6712afa159529d21cf9cda6652e4f7ebfdf525637322561c2,,0.10586030899443685,0.12070587187847989
7e28542fda40db288ad2613b49f17b1248f6f2ce,False,True,article-s-objective-preregistration,article-s-objective-implementation,1.2,0.95,6,20260608,3,0.6737657282879941,34.00674637396755,False,0.6762586965180277,ok,22.91258023736135,1.1711728610162349,0.010623527007743938,308d1394626628c6a1bcf49155ec0cd0b087a560b53992a280c2dc19d25f0b18,,0.10586030899443685,0.12070587187847989
7e28542fda40db288ad2613b49f17b1248f6f2ce,False,True,article-s-objective-preregistration,article-s-objective-implementation,1.2,0.95,6,20260608,4,0.7579703693157974,31.75080614530736,False,0.4874098868438562,ok,24.066170260032912,1.2675031370959602,0.01053836731165303,01fd556d48dfc125715b283a792e320d70c5ad88a48734f76a12efaf72ee762c,,0.10586030899443685,0.12070587187847989
7e28542fda40db288ad2613b49f17b1248f6f2ce,False,True,article-s-objective-preregistration,article-s-objective-implementation,1.2,0.95,6,20260608,5,0.8400514877837464,29.898325246677352,False,0.30522964664587154,ok,25.116132605713656,1.3588029040944707,0.01048353188343043,04751eee7adee2592641ff1f4a190bec5e5b00e53eacca635c7203f149438970,,0.10586030899443685,0.12070587187847989
7e28542fda40db288ad2613b49f17b1248f6f2ce,False,True,article-s-objective-preregistration,article-s-objective-implementation,1.2,0.95,7,20260609,1,0.9989370530361664,27.011129727520384,True,0.004063946810719173,ok,26.9824183291868,1.5143963659663564,0.010695805746105957,617d6389222552938cc1072c9a0412aad40433751b85ea05b0f57e0762317921,0.12070587187847989,0.10586030899443685,0.12070587187847989
7e28542fda40db288ad2613b49f17b1248f6f2ce,False,True,article-s-objective-preregistration,article-s-objective-implementation,1.2,0.95,7,20260609,2,0.93316334845263,28.112361858352433,True,0.12070587187847989,ok,26.233425724652157,1.4522361696139177,0.010588982645967082,c6914383e7d63a10dba810cd123021dee0f68dc4ef05cc49780e6587add9f25e,0.12070587187847989,0.10586030899443685,0.12070587187847989
7e28542fda40db288ad2613b49f17b1248f6f2ce,False,True,article-s-objective-preregistration,article-s-objective-implementation,1.2,0.95,7,20260609,3,0.6831951227825679,33.732830829987684,False,0.6419151808925584,ok,23.046105500697028,1.1879874939636488,0.010564523884010413,c1d2a75822a3edd7f4f05b9c648817d2d50d779379ccee3359d2bd52b333bcf6,0.12070587187847989,0.10586030899443685,0.12070587187847989
7e28542fda40db288ad2613b49f17b1248f6f2ce,False,True,article-s-objective-preregistration,article-s-objective-implementation,1.2,0.95,7,20260609,4,0.9612469845861281,27.627653501854084,True,0.08137149173047956,ok,26.556998619847622,1.47360840186235,0.010629732024094452,566beef2482de649a0d3876a2986e9c8858aa7a832e8c2fb0e139788ffd27b3d,0.12070587187847989,0.10586030899443685,0.12070587187847989
7e28542fda40db288ad2613b49f17b1248f6f2ce,False,True,article-s-objective-preregistration,article-s-objective-implementation,1.2,0.95,7,20260609,5,0.9502528230192913,27.814720031546283,True,0.1045485404482393,ok,26.431016231468085,1.4613606304865898,0.0106087136614601,a17b8e5a35f81601f478d9db4959919bc792bbc64c9f3483dfa2baca7a175fa5,0.12070587187847989,0.10586030899443685,0.12070587187847989
7e28542fda40db288ad2613b49f17b1248f6f2ce,False,True,article-s-objective-preregistration,article-s-objective-implementation,1.2,0.95,8,20260610,1,0.7893362145372032,31.00749109720324,False,0.40414446719800173,ok,24.47533564496243,1.3085949953529272,0.01044554978417267,810ef0ab8011aa4b5739bf9b75595527542290d9fd75ca647c0f48b5adfb8e0d,0.08137149173047956,0.10586030899443685,0.12070587187847989
7e28542fda40db288ad2613b49f17b1248f6f2ce,False,True,article-s-objective-preregistration,article-s-objective-implementation,1.2,0.95,8,20260610,2,0.7705837672218474,31.446228278589015,False,0.45159163186170664,ok,24.23195305183331,1.286146987608743,0.010475446489127016,5dba2778b56e4e02cf77f4353e002f04833c7e436ab897db340aa30eefc23d36,0.08137149173047956,0.10586030899443685,0.12070587187847989
7e28542fda40db288ad2613b49f17b1248f6f2ce,False,True,article-s-objective-preregistration,article-s-objective-implementation,1.2,0.95,8,20260610,3,0.8885372265874607,28.931673808109696,False,0.1678088677183946,ok,25.706869205990866,1.42847437591634,0.010605888063781155,5d1ddec47e6358345483e42e0721e0b0e87d2937fcd6646d74036377e10a99ab,0.08137149173047956,0.10586030899443685,0.12070587187847989
7e28542fda40db288ad2613b49f17b1248f6f2ce,False,True,article-s-objective-preregistration,article-s-objective-implementation,1.2,0.95,8,20260610,4,0.672678828422378,34.038701256680596,False,0.6883934211290543,ok,22.89711368236323,1.1656641208938576,0.010654113879147165,11c3c9e2e63abed685ee5c87f3fc1ff6570fabee39d268175258dc0ea4024520,0.08137149173047956,0.10586030899443685,0.12070587187847989
7e28542fda40db288ad2613b49f17b1248f6f2ce,False,True,article-s-objective-preregistration,article-s-objective-implementation,1.2,0.95,8,20260610,5,0.962123739623057,27.612880501144055,True,0.08137149173047956,ok,26.56700784952531,1.47360840186235,0.010629732024094452,566beef2482de649a0d3876a2986e9c8858aa7a832e8c2fb0e139788ffd27b3d,0.08137149173047956,0.10586030899443685,0.12070587187847989
7e28542fda40db288ad2613b49f17b1248f6f2ce,False,True,article-s-objective-preregistration,article-s-objective-implementation,1.2,0.95,9,20260611,1,0.6869119651360682,33.62646213680898,False,0.6136859456892687,ok,23.09841918696905,1.2021381363292984,0.010573998406290475,141db57e8569d0ce8000da789c9de530851680fcd23d5eaf7d6c0bafc2bd9ad7,0.08137149173047956,0.10586030899443685,0.12070587187847989
7e28542fda40db288ad2613b49f17b1248f6f2ce,False,True,article-s-objective-preregistration,article-s-objective-implementation,1.2,0.95,9,20260611,2,0.9636370512645941,27.58743157460206,True,0.08137149173047956,ok,26.584271214513286,1.47360840186235,0.010629732024094452,566beef2482de649a0d3876a2986e9c8858aa7a832e8c2fb0e139788ffd27b3d,0.08137149173047956,0.10586030899443685,0.12070587187847989
7e28542fda40db288ad2613b49f17b1248f6f2ce,False,True,article-s-objective-preregistration,article-s-objective-implementation,1.2,0.95,9,20260611,3,0.7446180416616848,32.08194179740786,False,0.48831496192357915,ok,23.88879267388999,1.2671412791377443,0.010539780036162405,c5c7086a79d1d265cf3c395d0433cde365ed72a80b8716b06b53eb33b094ca62,0.08137149173047956,0.10586030899443685,0.12070587187847989
7e28542fda40db288ad2613b49f17b1248f6f2ce,False,True,article-s-objective-preregistration,article-s-objective-implementation,1.2,0.95,9,20260611,4,0.7862733105327742,31.078035827510938,False,0.41769204734423204,ok,24.435830114953188,1.3025253181428584,0.010476175817657474,78a32e34e224197c81e0c6f3218afca8d432ae2a3affb4a64410572fb4072199,0.08137149173047956,0.10586030899443685,0.12070587187847989
7e28542fda40db288ad2613b49f17b1248f6f2ce,False,True,article-s-objective-preregistration,article-s-objective-implementation,1.2,0.95,9,20260611,5,0.7814235478872582,31.190616108329568,False,0.4211033132596728,ok,24.373081900160358,1.3003278605515707,0.010471488090488812,3545389f2b91d632d249c4f79e63d8e62ab7feb8ba0e3e9db2eade0d86e34a62,0.08137149173047956,0.10586030899443685,0.12070587187847989
7e28542fda40db288ad2613b49f17b1248f6f2ce,False,True,article-s-objective-preregistration,article-s-objective-implementation,1.2,0.95,10,20260612,1,0.7690703471566849,31.482362067816606,False,0.46768115448976116,ok,24.212151124808166,1.2764629730622121,0.010553714988689844,56c570ddbf173d7756ed27f43dda42235d9dd8d6ccfda264e8aaf667e3dbbcf8,0.02548646514194377,0.10586030899443685,0.12070587187847989
7e28542fda40db288ad2613b49f17b1248f6f2ce,False,True,article-s-objective-preregistration,article-s-objective-implementation,1.2,0.95,10,20260612,2,0.7890968217002555,31.012989401355707,False,0.40414446719800173,ok,24.472251368033497,1.3085949953529272,0.01044554978417267,810ef0ab8011aa4b5739bf9b75595527542290d9fd75ca647c0f48b5adfb8e0d,0.02548646514194377,0.10586030899443685,0.12070587187847989
7e28542fda40db288ad2613b49f17b1248f6f2ce,False,True,article-s-objective-preregistration,article-s-objective-implementation,1.2,0.95,10,20260612,3,0.7438275555347774,32.101835165584504,False,0.48831496192357915,ok,23.87822957939708,1.2671412791377443,0.010539780036162405,c5c7086a79d1d265cf3c395d0433cde365ed72a80b8716b06b53eb33b094ca62,0.02548646514194377,0.10586030899443685,0.12070587187847989
7e28542fda40db288ad2613b49f17b1248f6f2ce,False,True,article-s-objective-preregistration,article-s-objective-implementation,1.2,0.95,10,20260612,4,0.9822684874887804,27.279188408912315,True,0.02548646514194377,ok,26.79548713834377,1.5030387000763568,0.010643754785434556,1b2e8fd715c7c9db680cbe93d5bfd73484f70d09e40c8b73b5d0eabfb7175adb,0.02548646514194377,0.10586030899443685,0.12070587187847989
7e28542fda40db288ad2613b49f17b1248f6f2ce,False,True,article-s-objective-preregistration,article-s-objective-implementation,1.2,0.95,10,20260612,5,0.8414417658554685,29.869397522675538,False,0.30522964664587154,ok,25.13335859651906,1.3588029040944707,0.01048353188343043,04751eee7adee2592641ff1f4a190bec5e5b00e53eacca635c7203f149438970,0.02548646514194377,0.10586030899443685,0.12070587187847989
7e28542fda40db288ad2613b49f17b1248f6f2ce,False,True,article-s-objective-preregistration,article-s-objective-implementation,1.2,0.95,11,20260613,1,0.7427556584225101,32.128863086006945,False,0.48831496192357915,ok,23.86389485581377,1.2671412791377443,0.010539780036162405,c5c7086a79d1d265cf3c395d0433cde365ed72a80b8716b06b53eb33b094ca62,0.037927021136521764,0.10586030899443685,0.12070587187847989
7e28542fda40db288ad2613b49f17b1248f6f2ce,False,True,article-s-objective-preregistration,article-s-objective-implementation,1.2,0.95,11,20260613,2,0.980411940131935,27.309489003300072,True,0.037927021136521764,ok,26.774549097737168,1.4966517822431469,0.01061269580232116,937bc050ec1fe0bcc8d0a19a85d2063a00f53cbfc17f9ac9f91372cb7491ede0,0.037927021136521764,0.10586030899443685,0.12070587187847989
7e28542fda40db288ad2613b49f17b1248f6f2ce,False,True,article-s-objective-preregistration,article-s-objective-implementation,1.2,0.95,11,20260613,3,0.7574008404171024,31.764744718991228,False,0.4874098868438562,ok,24.058644345798673,1.2675031370959602,0.01053836731165303,01fd556d48dfc125715b283a792e320d70c5ad88a48734f76a12efaf72ee762c,0.037927021136521764,0.10586030899443685,0.12070587187847989
7e28542fda40db288ad2613b49f17b1248f6f2ce,False,True,article-s-objective-preregistration,article-s-objective-implementation,1.2,0.95,11,20260613,4,0.984834973149787,27.237449329247482,True,0.02548646514194377,ok,26.824392678838127,1.5030387000763568,0.010643754785434556,1b2e8fd715c7c9db680cbe93d5bfd73484f70d09e40c8b73b5d0eabfb7175adb,0.037927021136521764,0.10586030899443685,0.12070587187847989
7e28542fda40db288ad2613b49f17b1248f6f2ce,False,True,article-s-objective-preregistration,article-s-objective-implementation,1.2,0.95,11,20260613,5,0.854426356595353,29.602789982888563,False,0.2914202400801934,ok,25.293403990136888,1.3652683362424374,0.010530194778005875,d36097c7d5e08a8e68179331e9f787f2febb9c5e4fb779ce8e0f3a4f7c2fb336,0.037927021136521764,0.10586030899443685,0.12070587187847989
7e28542fda40db288ad2613b49f17b1248f6f2ce,False,True,article-s-objective-preregistration,article-s-objective-implementation,1.2,0.95,12,20260614,1,0.923508230221553,28.284341046876165,True,0.14164246533939773,ok,26.120821743183434,1.4416255895499077,0.010600995471975683,2909971a8d6bbddf4ecf5e9ebe1adf7a36efc50694e07936f53449703868a621,0.14164246533939773,0.10586030899443685,0.12070587187847989
7e28542fda40db288ad2613b49f17b1248f6f2ce,False,True,article-s-objective-preregistration,article-s-objective-implementation,1.2,0.95,12,20260614,2,0.731905599463951,32.405903055133116,False,0.5272877520220854,ok,23.718061901737883,1.244894831296603,0.010537882861313186,1b1b0c85e4c9427929b4d3fd28543956f341c2367722c52134e977b332d5d15b,0.14164246533939773,0.10586030899443685,0.12070587187847989
7e28542fda40db288ad2613b49f17b1248f6f2ce,False,True,article-s-objective-preregistration,article-s-objective-implementation,1.2,0.95,12,20260614,3,0.8950306680548094,28.808479608295862,False,0.1634526487064499,ok,25.7844727494564,1.431250897799507,0.010612372515317325,cde7fcfb15b87d7da3f18e181a838e970298b09221c7c79cce6caa81a35b2e33,0.14164246533939773,0.10586030899443685,0.12070587187847989
7e28542fda40db288ad2613b49f17b1248f6f2ce,False,True,article-s-objective-preregistration,article-s-objective-implementation,1.2,0.95,12,20260614,4,0.6704239213381789,34.10525100955698,False,0.6883934211290543,ok,22.864976120050073,1.1656641208938576,0.010654113879147165,11c3c9e2e63abed685ee5c87f3fc1ff6570fabee39d268175258dc0ea4024520,0.14164246533939773,0.10586030899443685,0.12070587187847989
7e28542fda40db288ad2613b49f17b1248f6f2ce,False,True,article-s-objective-preregistration,article-s-objective-implementation,1.2,0.95,12,20260614,5,0.6998142314838284,33.264037347032726,False,0.5952392758425089,ok,23.278646732063073,1.2134894869864354,0.010544488103756855,8adae34af2898519fd9f10c1d8defe1927efdb8f1f029f4bbeedc537d2d00e3a,0.14164246533939773,0.10586030899443685,0.12070587187847989
7e28542fda40db288ad2613b49f17b1248f6f2ce,False,True,article-s-objective-preregistration,article-s-objective-implementation,1.2,0.95,13,20260615,1,0.9838693426522647,27.25313335442247,True,0.02548646514194377,ok,26.813522398630145,1.5030387000763568,0.010643754785434556,1b2e8fd715c7c9db680cbe93d5bfd73484f70d09e40c8b73b5d0eabfb7175adb,0.02548646514194377,0.10586030899443685,0.12070587187847989
7e28542fda40db288ad2613b49f17b1248f6f2ce,False,True,article-s-objective-preregistration,article-s-objective-implementation,1.2,0.95,13,20260615,2,0.7773279050260761,31.28654222037053,False,0.4374935803952212,ok,24.319902319670504,1.2924870988106625,0.010453972244359289,0c14b00fb9f4c96b463db1aac1325c2065f2dbf43b9c0eccaeb55dc477ffc37e,0.02548646514194377,0.10586030899443685,0.12070587187847989
7e28542fda40db288ad2613b49f17b1248f6f2ce,False,True,article-s-objective-preregistration,article-s-objective-implementation,1.2,0.95,13,20260615,3,0.8847058136777343,29.00502844043855,False,0.1761464744306635,ok,25.660917287144013,1.4232662281015067,0.010645689374050082,3608a4673ff7db6c6ac7178b9c1d14f8fc7846572ad8830b317e7a1363c4fc3e,0.02548646514194377,0.10586030899443685,0.12070587187847989
7e28542fda40db288ad2613b49f17b1248f6f2ce,False,True,article-s-objective-preregistration,article-s-objective-implementation,1.2,0.95,13,20260615,4,0.7448040088403896,32.0772665192661,False,0.48831496192357915,ok,23.891276696190996,1.2671412791377443,0.010539780036162405,c5c7086a79d1d265cf3c395d0433cde365ed72a80b8716b06b53eb33b094ca62,0.02548646514194377,0.10586030899443685,0.12070587187847989
7e28542fda40db288ad2613b49f17b1248f6f2ce,False,True,article-s-objective-preregistration,article-s-objective-implementation,1.2,0.95,13,20260615,5,0.8132670501067341,30.470653944638563,False,0.3528375801661414,ok,24.780778848379324,1.3369005158758365,0.010563244657532334,4d8523602ee59d00dc4f7ca6075c4687e54b7db276f426db7167a175fea1cdaa,0.02548646514194377,0.10586030899443685,0.12070587187847989
7e28542fda40db288ad2613b49f17b1248f6f2ce,False,True,article-s-objective-preregistration,article-s-objective-implementation,1.2,0.95,14,20260616,1,0.6790400418245366,33.85280667659332,False,0.6429761018876345,ok,22.987411261551877,1.1875755440468974,0.010566513326049076,8a37efca078bd79f1aad773bc4305be57f1f93954e6538e60ddb71a1b506bcba,0.13319743561457206,0.10586030899443685,0.12070587187847989
7e28542fda40db288ad2613b49f17b1248f6f2ce,False,True,article-s-objective-preregistration,article-s-objective-implementation,1.2,0.95,14,20260616,2,0.9260805558209197,28.23824681844129,True,0.13319743561457206,ok,26.150891309030428,1.446741122332222,0.010615018964437617,cc837d6b51d73c23db32f93390d62df6960d9f2bea9f6ccda2f580fdaba8452f,0.13319743561457206,0.10586030899443685,0.12070587187847989
7e28542fda40db288ad2613b49f17b1248f6f2ce,False,True,article-s-objective-preregistration,article-s-objective-implementation,1.2,0.95,14,20260616,3,0.9353688759260319,28.073468567254828,True,0.12070587187847989,ok,26.259048737097938,1.4522361696139177,0.010588982645967082,c6914383e7d63a10dba810cd123021dee0f68dc4ef05cc49780e6587add9f25e,0.13319743561457206,0.10586030899443685,0.12070587187847989
7e28542fda40db288ad2613b49f17b1248f6f2ce,False,True,article-s-objective-preregistration,article-s-objective-implementation,1.2,0.95,14,20260616,4,0.6760345926974016,33.94029800416121,False,0.655688356080258,ok,22.944815537271555,1.1812024952589542,0.010606078806219887,253b31267f5e1bfb1aa8f99dea2c5f0e529b95c334b2ebfadb0c82a0b07a6478,0.13319743561457206,0.10586030899443685,0.12070587187847989
7e28542fda40db288ad2613b49f17b1248f6f2ce,False,True,article-s-objective-preregistration,article-s-objective-implementation,1.2,0.95,14,20260616,5,0.9552377255952491,27.729481493153713,True,0.09285484568280522,ok,26.488246833455705,1.4679697430193872,0.010631550355975516,f96d40f5bcc970440b7fe5f05f532a044dd8b16d60ddcad8952116a886ec56ed,0.13319743561457206,0.10586030899443685,0.12070587187847989
7e28542fda40db288ad2613b49f17b1248f6f2ce,False,True,article-s-objective-preregistration,article-s-objective-implementation,1.2,0.95,15,20260617,1,0.7280856097246682,32.50496467606923,False,0.535577411056913,ok,23.666397025254664,1.2417004907077023,0.010552958736984586,ab7bfcaba08c0ecd886733613694035a4ba2f80a17cf0a8fd7174a770b924f16,,0.10586030899443685,0.12070587187847989
7e28542fda40db288ad2613b49f17b1248f6f2ce,False,True,article-s-objective-preregistration,article-s-objective-implementation,1.2,0.95,15,20260617,2,0.7769209519624646,31.29611669441212,False,0.4374935803952212,ok,24.314608774951044,1.2924870988106625,0.010453972244359289,0c14b00fb9f4c96b463db1aac1325c2065f2dbf43b9c0eccaeb55dc477ffc37e,,0.10586030899443685,0.12070587187847989
7e28542fda40db288ad2613b49f17b1248f6f2ce,False,True,article-s-objective-preregistration,article-s-objective-implementation,1.2,0.95,15,20260617,3,0.888266081690241,28.936848710938865,False,0.1678088677183946,ok,25.703621220928966,1.42847437591634,0.010605888063781155,5d1ddec47e6358345483e42e0721e0b0e87d2937fcd6646d74036377e10a99ab,,0.10586030899443685,0.12070587187847989
7e28542fda40db288ad2613b49f17b1248f6f2ce,False,True,article-s-objective-preregistration,article-s-objective-implementation,1.2,0.95,15,20260617,4,0.6862226491969845,33.64612160054644,False,0.6243815285367429,ok,23.08873069993086,1.1964572824384283,0.0105518655372987,00bc44508a529d8bd4e12ffebcf738cb67852f7c70bec94d99b977259a9fceb9,,0.10586030899443685,0.12070587187847989
7e28542fda40db288ad2613b49f17b1248f6f2ce,False,True,article-s-objective-preregistration,article-s-objective-implementation,1.2,0.95,15,20260617,5,0.7463375658867182,32.0387814556271,False,0.48831496192357915,ok,23.91174616556926,1.2671412791377443,0.010539780036162405,c5c7086a79d1d265cf3c395d0433cde365ed72a80b8716b06b53eb33b094ca62,,0.10586030899443685,0.12070587187847989
7e28542fda40db288ad2613b49f17b1248f6f2ce,False,True,article-s-objective-preregistration,article-s-objective-implementation,1.2,0.95,16,20260618,1,0.7250030315868001,32.58549384262653,False,0.535577411056913,ok,23.624581821657245,1.2417004907077023,0.010552958736984586,ab7bfcaba08c0ecd886733613694035a4ba2f80a17cf0a8fd7174a770b924f16,,0.10586030899443685,0.12070587187847989
7e28542fda40db288ad2613b49f17b1248f6f2ce,False,True,article-s-objective-preregistration,article-s-objective-implementation,1.2,0.95,16,20260618,2,0.916417823835948,28.41244745332223,False,0.1501177311523351,ok,26.037673265026783,1.4382858690517226,0.010615754594332394,508720285d442da6712afa159529d21cf9cda6652e4f7ebfdf525637322561c2,,0.10586030899443685,0.12070587187847989
7e28542fda40db288ad2613b49f17b1248f6f2ce,False,True,article-s-objective-preregistration,article-s-objective-implementation,1.2,0.95,16,20260618,3,0.6871044713417495,33.620977267835265,False,0.6136859456892687,ok,23.101123811608925,1.2021381363292984,0.010573998406290475,141db57e8569d0ce8000da789c9de530851680fcd23d5eaf7d6c0bafc2bd9ad7,,0.10586030899443685,0.12070587187847989
7e28542fda40db288ad2613b49f17b1248f6f2ce,False,True,article-s-objective-preregistration,article-s-objective-implementation,1.2,0.95,16,20260618,4,0.6775984436433343,33.89469795298425,False,0.655688356080258,ok,22.96699458070304,1.1812024952589542,0.010606078806219887,253b31267f5e1bfb1aa8f99dea2c5f0e529b95c334b2ebfadb0c82a0b07a6478,,0.10586030899443685,0.12070587187847989
7e28542fda40db288ad2613b49f17b1248f6f2ce,False,True,article-s-objective-preregistration,article-s-objective-implementation,1.2,0.95,16,20260618,5,0.910618932008679,28.518382713083902,False,0.15212028643435943,ok,25.969379208803236,1.4371391316921407,0.010614391580709981,0558c23725b455bdedc177d92b60af7c9dee34c81766313f24486ca102a76215,,0.10586030899443685,0.12070587187847989
7e28542fda40db288ad2613b49f17b1248f6f2ce,False,True,article-s-objective-preregistration,article-s-objective-implementation,1.2,0.95,17,20260619,1,0.8494865921820429,29.703464340862684,False,0.2993682204029082,ok,25.232694698920273,1.3624507140560238,0.010492340685841484,d7a282d3ba36a9820b07b7caae130509ea56b228bebdef3b863d504e5f194f2e,0.02548646514194377,0.10586030899443685,0.12070587187847989
7e28542fda40db288ad2613b49f17b1248f6f2ce,False,True,article-s-objective-preregistration,article-s-objective-implementation,1.2,0.95,17,20260619,2,0.98310661101879,27.265539010141453,True,0.02548646514194377,ok,26.80493165386078,1.5030387000763568,0.010643754785434556,1b2e8fd715c7c9db680cbe93d5bfd73484f70d09e40c8b73b5d0eabfb7175adb,0.02548646514194377,0.10586030899443685,0.12070587187847989
7e28542fda40db288ad2613b49f17b1248f6f2ce,False,True,article-s-objective-preregistration,article-s-objective-implementation,1.2,0.95,17,20260619,3,0.8189226050855687,30.347373099364564,False,0.3370292740654485,ok,24.852149836035338,1.3431350884340807,0.010534749727707293,b8ed5494c88bdbec06a02ff4ff9d518d3b0e6f87f385cbf69677fd50cdce41db,0.02548646514194377,0.10586030899443685,0.12070587187847989
7e28542fda40db288ad2613b49f17b1248f6f2ce,False,True,article-s-objective-preregistration,article-s-objective-implementation,1.2,0.95,17,20260619,4,0.904562014607161,28.630168990228892,False,0.15859911561954598,ok,25.897763340344916,1.4331032963861925,0.010604272808499182,2ecff0dc8e27e9404a51af6668d0429b29e451881d60bc99ed217ca770569801,0.02548646514194377,0.10586030899443685,0.12070587187847989
7e28542fda40db288ad2613b49f17b1248f6f2ce,False,True,article-s-objective-preregistration,article-s-objective-implementation,1.2,0.95,17,20260619,5,0.9187962478036951,28.369301981574075,False,0.1501177311523351,ok,26.065608213480193,1.4382858690517226,0.010615754594332394,508720285d442da6712afa159529d21cf9cda6652e4f7ebfdf525637322561c2,0.02548646514194377,0.10586030899443685,0.12070587187847989
7e28542fda40db288ad2613b49f17b1248f6f2ce,False,True,article-s-objective-preregistration,article-s-objective-implementation,1.2,0.95,18,20260620,1,0.9959397392402256,27.058809343547676,True,0.013538636680126715,ok,26.94894352176385,1.5087580687792843,0.01067906110827943,933f8c020f5b2c12202349e803c64bd2e8343a0ff3e78448f43e7f93225b5ed3,0.13319743561457206,0.10586030899443685,0.12070587187847989
7e28542fda40db288ad2613b49f17b1248f6f2ce,False,True,article-s-objective-preregistration,article-s-objective-implementation,1.2,0.95,18,20260620,2,0.8315403422298966,30.077064458484926,False,0.32193090901473936,ok,25.010292473079215,1.3508319087975384,0.010503214370240155,2de755bcef47ff013bf6f8c0f7b75922ad8d5509d193835a204f1d90a9c8b9ef,0.13319743561457206,0.10586030899443685,0.12070587187847989
7e28542fda40db288ad2613b49f17b1248f6f2ce,False,True,article-s-objective-preregistration,article-s-objective-implementation,1.2,0.95,18,20260620,3,0.7570596519511532,31.77310273476466,False,0.4874098868438562,ok,24.054134097789166,1.2675031370959602,0.01053836731165303,01fd556d48dfc125715b283a792e320d70c5ad88a48734f76a12efaf72ee762c,0.13319743561457206,0.10586030899443685,0.12070587187847989
7e28542fda40db288ad2613b49f17b1248f6f2ce,False,True,article-s-objective-preregistration,article-s-objective-implementation,1.2,0.95,18,20260620,4,0.9247042209744609,28.26288468017286,True,0.13319743561457206,ok,26.13480876067027,1.446741122332222,0.010615018964437617,cc837d6b51d73c23db32f93390d62df6960d9f2bea9f6ccda2f580fdaba8452f,0.13319743561457206,0.10586030899443685,0.12070587187847989
7e28542fda40db288ad2613b49f17b1248f6f2ce,False,True,article-s-objective-preregistration,article-s-objective-implementation,1.2,0.95,18,20260620,5,0.942442963234837,27.949688078086787,True,0.10696100291741979,ok,26.340986853801507,1.4604632037309366,0.01061258441789148,6901f1230a2bf953804315df5fd9d8c7365176c530c6d9a813113805b2e3c892,0.13319743561457206,0.10586030899443685,0.12070587187847989
7e28542fda40db288ad2613b49f17b1248f6f2ce,False,True,article-s-objective-preregistration,article-s-objective-implementation,1.2,0.95,19,20260621,1,0.8250106208528465,30.21614341913978,False,0.3347909626715648,ok,24.92863924200316,1.3445791210999645,0.010537875856798884,eb679381974b96a36125ea4804899356381aa2fd5e1ecae9c9f82b2e8974615b,,0.10586030899443685,0.12070587187847989
7e28542fda40db288ad2613b49f17b1248f6f2ce,False,True,article-s-objective-preregistration,article-s-objective-implementation,1.2,0.95,19,20260621,2,0.8639671263943632,29.410902042356895,False,0.2717229394838042,ok,25.410052522201195,1.374877711753057,0.010525932959493112,05d3095cb60b752b7e51cbc874a2da1c4533940dc4b2417e56abd6235f93d399,,0.10586030899443685,0.12070587187847989
7e28542fda40db288ad2613b49f17b1248f6f2ce,False,True,article-s-objective-preregistration,article-s-objective-implementation,1.2,0.95,19,20260621,3,0.7312916610046845,32.42176974640925,False,0.5272877520220854,ok,23.709769850563045,1.244894831296603,0.010537882861313186,1b1b0c85e4c9427929b4d3fd28543956f341c2367722c52134e977b332d5d15b,,0.10586030899443685,0.12070587187847989
7e28542fda40db288ad2613b49f17b1248f6f2ce,False,True,article-s-objective-preregistration,article-s-objective-implementation,1.2,0.95,19,20260621,4,0.773792692435108,31.36997773708437,False,0.4394598456278971,ok,24.273859534807908,1.2912064856755636,0.010451345016211366,fa292d487cc01c634e2393e9517bc1e6d2ef917b703203ba402c92bb3703d5dc,,0.10586030899443685,0.12070587187847989
7e28542fda40db288ad2613b49f17b1248f6f2ce,False,True,article-s-objective-preregistration,article-s-objective-implementation,1.2,0.95,19,20260621,5,0.9073689635912853,28.578218331135684,False,0.15859911561954598,ok,25.930988348408057,1.4331032963861925,0.010604272808499182,2ecff0dc8e27e9404a51af6668d0429b29e451881d60bc99ed217ca770569801,,0.10586030899443685,0.12070587187847989
7e28542fda40db288ad2613b49f17b1248f6f2ce,False,True,article-s-objective-preregistration,article-s-objective-implementation,1.2,0.95,20,20260622,1,0.9764392898919323,27.37463125552525,True,0.045257037370635245,ok,26.72966550419857,1.492204881944244,0.010600462508664421,df62b2a3bca9840576514e87aa41e031cf6212da600f14e7eab31f1f3db26310,0.045257037370635245,0.10586030899443685,0.12070587187847989
7e28542fda40db288ad2613b49f17b1248f6f2ce,False,True,article-s-objective-preregistration,article-s-objective-implementation,1.2,0.95,20,20260622,2,0.8998834050831047,28.717325050158365,False,0.1634526487064499,ok,25.84224425101485,1.431250897799507,0.010612372515317325,cde7fcfb15b87d7da3f18e181a838e970298b09221c7c79cce6caa81a35b2e33,0.045257037370635245,0.10586030899443685,0.12070587187847989
7e28542fda40db288ad2613b49f17b1248f6f2ce,False,True,article-s-objective-preregistration,article-s-objective-implementation,1.2,0.95,20,20260622,3,0.7107154893285988,32.965798327241934,False,0.5791833365434887,ok,23.429303489253655,1.2214788935745122,0.010553602463598377,7b8c73be2578d79b65147c24bc3a5154b70a79cfdabb5e7c7227e5d75ae0f4c5,0.045257037370635245,0.10586030899443685,0.12070587187847989
7e28542fda40db288ad2613b49f17b1248f6f2ce,False,True,article-s-objective-preregistration,article-s-objective-implementation,1.2,0.95,20,20260622,4,0.8024105434400164,30.711099198440206,False,0.35896449401300723,ok,24.642909797460657,1.3350577064281683,0.010523184163347743,2d807432de395fbc7230326c63325fd937d1ec7135e110fbf4e2f48a7fc41b1a,0.045257037370635245,0.10586030899443685,0.12070587187847989
7e28542fda40db288ad2613b49f17b1248f6f2ce,False,True,article-s-objective-preregistration,article-s-objective-implementation,1.2,0.95,20,20260622,5,0.9946609409934883,27.079220722287474,True,0.02548646514194377,ok,26.93464316500083,1.5030387000763568,0.010643754785434556,1b2e8fd715c7c9db680cbe93d5bfd73484f70d09e40c8b73b5d0eabfb7175adb,0.045257037370635245,0.10586030899443685,0.12070587187847989
7e28542fda40db288ad2613b49f17b1248f6f2ce,False,True,article-s-objective-preregistration,article-s-objective-implementation,1.2,0.95,21,20260623,1,0.868743511340596,29.31607936217052,False,0.26231289076960035,ok,25.4681537238316,1.3804611888400995,0.010541819006659292,6b25c4649ce30e108be98c9b4880aa8e455bf7935ba8d27d891724dd9d86b42b,,0.10586030899443685,0.12070587187847989
7e28542fda40db288ad2613b49f17b1248f6f2ce,False,True,article-s-objective-preregistration,article-s-objective-implementation,1.2,0.95,21,20260623,2,0.7633681982761705,31.619504947238834,False,0.4763641927991961,ok,24.13732452195817,1.2728622902975277,0.010567129710090661,4644eafd002f6e8fec66939cd9cfa8a0126d84e3a50d09c6abaf2c62401cc673,,0.10586030899443685,0.12070587187847989
7e28542fda40db288ad2613b49f17b1248f6f2ce,False,True,article-s-objective-preregistration,article-s-objective-implementation,1.2,0.95,21,20260623,3,0.7935314001259803,30.911557539769287,False,0.3878723527684397,ok,24.529291534607925,1.3179469171339417,0.010474904838599475,77e5ecac6c8db007e71e68c8069bfd3566c1f7f06cbe8c1a23646126b41eede3,,0.10586030899443685,0.12070587187847989
7e28542fda40db288ad2613b49f17b1248f6f2ce,False,True,article-s-objective-preregistration,article-s-objective-implementation,1.2,0.95,21,20260623,4,0.7998438411778105,30.768688957098984,False,0.35896449401300723,ok,24.61014636345133,1.3350577064281683,0.010523184163347743,2d807432de395fbc7230326c63325fd937d1ec7135e110fbf4e2f48a7fc41b1a,,0.10586030899443685,0.12070587187847989
7e28542fda40db288ad2613b49f17b1248f6f2ce,False,True,article-s-objective-preregistration,article-s-objective-implementation,1.2,0.95,21,20260623,5,0.7561377642571622,31.795715352321295,False,0.4874098868438562,ok,24.041941119461352,1.2675031370959602,0.01053836731165303,01fd556d48dfc125715b283a792e320d70c5ad88a48734f76a12efaf72ee762c,,0.10586030899443685,0.12070587187847989
7e28542fda40db288ad2613b49f17b1248f6f2ce,False,True,article-s-objective-preregistration,article-s-objective-implementation,1.2,0.95,22,20260624,1,0.934281899441331,28.092618766866924,True,0.12070587187847989,ok,26.24642522178961,1.4522361696139177,0.010588982645967082,c6914383e7d63a10dba810cd123021dee0f68dc4ef05cc49780e6587add9f25e,0.12070587187847989,0.10586030899443685,0.12070587187847989
7e28542fda40db288ad2613b49f17b1248f6f2ce,False,True,article-s-objective-preregistration,article-s-objective-implementation,1.2,0.95,22,20260624,2,0.9736129504702754,27.421231549707556,True,0.045257037370635245,ok,26.697666154639375,1.492204881944244,0.010600462508664421,df62b2a3bca9840576514e87aa41e031cf6212da600f14e7eab31f1f3db26310,0.12070587187847989,0.10586030899443685,0.12070587187847989
7e28542fda40db288ad2613b49f17b1248f6f2ce,False,True,article-s-objective-preregistration,article-s-objective-implementation,1.2,0.95,22,20260624,3,0.7150894648708759,32.84812053415847,False,0.5791833365434887,ok,23.489344934785407,1.2214788935745122,0.010553602463598377,7b8c73be2578d79b65147c24bc3a5154b70a79cfdabb5e7c7227e5d75ae0f4c5,0.12070587187847989,0.10586030899443685,0.12070587187847989
7e28542fda40db288ad2613b49f17b1248f6f2ce,False,True,article-s-objective-preregistration,article-s-objective-implementation,1.2,0.95,22,20260624,4,0.744899881318335,32.07485696156484,False,0.48831496192357915,ok,23.89255714397222,1.2671412791377443,0.010539780036162405,c5c7086a79d1d265cf3c395d0433cde365ed72a80b8716b06b53eb33b094ca62,0.12070587187847989,0.10586030899443685,0.12070587187847989
7e28542fda40db288ad2613b49f17b1248f6f2ce,False,True,article-s-objective-preregistration,article-s-objective-implementation,1.2,0.95,22,20260624,5,0.9000514680123219,28.71418195723179,False,0.1634526487064499,ok,25.8442416233794,1.431250897799507,0.010612372515317325,cde7fcfb15b87d7da3f18e181a838e970298b09221c7c79cce6caa81a35b2e33,0.12070587187847989,0.10586030899443685,0.12070587187847989
7e28542fda40db288ad2613b49f17b1248f6f2ce,False,True,article-s-objective-preregistration,article-s-objective-implementation,1.2,0.95,23,20260625,1,0.792921123018682,30.925463854579313,False,0.3878723527684397,ok,24.52145352944669,1.3179469171339417,0.010474904838599475,77e5ecac6c8db007e71e68c8069bfd3566c1f7f06cbe8c1a23646126b41eede3,0.02548646514194377,0.10586030899443685,0.12070587187847989
7e28542fda40db288ad2613b49f17b1248f6f2ce,False,True,article-s-objective-preregistration,article-s-objective-implementation,1.2,0.95,23,20260625,2,0.9078089103706775,28.570098724953123,False,0.15859911561954598,ok,25.936190192682375,1.4331032963861925,0.010604272808499182,2ecff0dc8e27e9404a51af6668d0429b29e451881d60bc99ed217ca770569801,0.02548646514194377,0.10586030899443685,0.12070587187847989
7e28542fda40db288ad2613b49f17b1248f6f2ce,False,True,article-s-objective-preregistration,article-s-objective-implementation,1.2,0.95,23,20260625,3,0.8311611156098655,30.08509500156244,False,0.32193090901473936,ok,25.005561124727425,1.3508319087975384,0.010503214370240155,2de755bcef47ff013bf6f8c0f7b75922ad8d5509d193835a204f1d90a9c8b9ef,0.02548646514194377,0.10586030899443685,0.12070587187847989
7e28542fda40db288ad2613b49f17b1248f6f2ce,False,True,article-s-objective-preregistration,article-s-objective-implementation,1.2,0.95,23,20260625,4,0.8640640394027687,29.408969927806574,False,0.2717229394838042,ok,25.4112333504951,1.374877711753057,0.010525932959493112,05d3095cb60b752b7e51cbc874a2da1c4533940dc4b2417e56abd6235f93d399,0.02548646514194377,0.10586030899443685,0.12070587187847989
7e28542fda40db288ad2613b49f17b1248f6f2ce,False,True,article-s-objective-preregistration,article-s-objective-implementation,1.2,0.95,23,20260625,5,0.9818345313556947,27.286262890215202,True,0.02548646514194377,ok,26.790595137262724,1.5030387000763568,0.010643754785434556,1b2e8fd715c7c9db680cbe93d5bfd73484f70d09e40c8b73b5d0eabfb7175adb,0.02548646514194377,0.10586030899443685,0.12070587187847989
7e28542fda40db288ad2613b49f17b1248f6f2ce,False,True,article-s-objective-preregistration,article-s-objective-implementation,1.2,0.95,24,20260626,1,0.9693972884080206,27.49113632899709,True,0.047265539026333646,ok,26.649833012585006,1.4909380479418592,0.01059736413612411,3287a414615cfa36ed9f4d0b47b16f4db3f601984cd7ccbf507fc1228c6575f3,0.047265539026333646,0.10586030899443685,0.12070587187847989
7e28542fda40db288ad2613b49f17b1248f6f2ce,False,True,article-s-objective-preregistration,article-s-objective-implementation,1.2,0.95,24,20260626,2,0.6956661546473076,33.379420387583544,False,0.6045743201815325,ok,23.220933025386188,1.2080493251798332,0.010586099588629772,1d70a444cbe92c4c0ced396a8db197009f58bade0543070855d62be05fbb1cc6,0.047265539026333646,0.10586030899443685,0.12070587187847989
7e28542fda40db288ad2613b49f17b1248f6f2ce,False,True,article-s-objective-preregistration,article-s-objective-implementation,1.2,0.95,24,20260626,3,0.6723747257569479,34.047656186542994,False,0.6883934211290543,ok,22.892783491093695,1.1656641208938576,0.010654113879147165,11c3c9e2e63abed685ee5c87f3fc1ff6570fabee39d268175258dc0ea4024520,0.047265539026333646,0.10586030899443685,0.12070587187847989
7e28542fda40db288ad2613b49f17b1248f6f2ce,False,True,article-s-objective-preregistration,article-s-objective-implementation,1.2,0.95,24,20260626,4,0.6825027037700687,33.75274554285558,False,0.6419151808925584,ok,23.03634009266207,1.1879874939636488,0.010564523884010413,c1d2a75822a3edd7f4f05b9c648817d2d50d779379ccee3359d2bd52b333bcf6,0.047265539026333646,0.10586030899443685,0.12070587187847989
7e28542fda40db288ad2613b49f17b1248f6f2ce,False,True,article-s-objective-preregistration,article-s-objective-implementation,1.2,0.95,24,20260626,5,0.7787952904255702,31.252083480245414,False,0.4211033132596728,ok,24.33897543040189,1.3003278605515707,0.010471488090488812,3545389f2b91d632d249c4f79e63d8e62ab7feb8ba0e3e9db2eade0d86e34a62,0.047265539026333646,0.10586030899443685,0.12070587187847989
7e28542fda40db288ad2613b49f17b1248f6f2ce,False,True,article-s-objective-preregistration,article-s-objective-implementation,1.2,0.95,25,20260627,1,0.9343660899133217,28.091134259179448,True,0.12070587187847989,ok,26.247403278979657,1.4522361696139177,0.010588982645967082,c6914383e7d63a10dba810cd123021dee0f68dc4ef05cc49780e6587add9f25e,0.12070587187847989,0.10586030899443685,0.12070587187847989
7e28542fda40db288ad2613b49f17b1248f6f2ce,False,True,article-s-objective-preregistration,article-s-objective-implementation,1.2,0.95,25,20260627,2,0.7350172957892271,32.32580090604978,False,0.5175662251845428,ok,23.760022766185656,1.2508580212636005,0.010552690809212617,9227c65510a172f0b39967be2e79ac392d607ea6a70bb9ad257dc4d19c6cd490,0.12070587187847989,0.10586030899443685,0.12070587187847989
7e28542fda40db288ad2613b49f17b1248f6f2ce,False,True,article-s-objective-preregistration,article-s-objective-implementation,1.2,0.95,25,20260627,3,0.9494275519982184,27.828899557699227,True,0.1045485404482393,ok,26.421523981870678,1.4613606304865898,0.0106087136614601,a17b8e5a35f81601f478d9db4959919bc792bbc64c9f3483dfa2baca7a175fa5,0.12070587187847989,0.10586030899443685,0.12070587187847989
7e28542fda40db288ad2613b49f17b1248f6f2ce,False,True,article-s-objective-preregistration,article-s-objective-implementation,1.2,0.95,25,20260627,4,0.775231345278391,31.335952167721786,False,0.4394598456278971,ok,24.292612354562273,1.2912064856755636,0.010451345016211366,fa292d487cc01c634e2393e9517bc1e6d2ef917b703203ba402c92bb3703d5dc,0.12070587187847989,0.10586030899443685,0.12070587187847989
7e28542fda40db288ad2613b49f17b1248f6f2ce,False,True,article-s-objective-preregistration,article-s-objective-implementation,1.2,0.95,25,20260627,5,0.9681487808412431,27.511931290708763,True,0.047265539026333646,ok,26.635642737687736,1.4909380479418592,0.01059736413612411,3287a414615cfa36ed9f4d0b47b16f4db3f601984cd7ccbf507fc1228c6575f3,0.12070587187847989,0.10586030899443685,0.12070587187847989
7e28542fda40db288ad2613b49f17b1248f6f2ce,False,True,article-s-objective-preregistration,article-s-objective-implementation,1.2,0.95,26,20260628,1,0.7061003791164151,33.091187864625375,False,0.5896350991159848,ok,23.365700296624492,1.21566379370086,0.010534132305952237,26c0b018af687ce3b916c6d1d524b6baf25c01b1b6ff4c90c1c4c361f0390103,0.10717207754063439,0.10586030899443685,0.12070587187847989
7e28542fda40db288ad2613b49f17b1248f6f2ce,False,True,article-s-objective-preregistration,article-s-objective-implementation,1.2,0.95,26,20260628,2,0.8849031605668767,29.001237953106116,False,0.1761464744306635,ok,25.66328712505566,1.4232662281015067,0.010645689374050082,3608a4673ff7db6c6ac7178b9c1d14f8fc7846572ad8830b317e7a1363c4fc3e,0.10717207754063439,0.10586030899443685,0.12070587187847989
7e28542fda40db288ad2613b49f17b1248f6f2ce,False,True,article-s-objective-preregistration,article-s-objective-implementation,1.2,0.95,26,20260628,3,0.9387634962393465,28.013887293497806,True,0.10717207754063439,ok,26.298414778899005,1.460329234246343,0.01061226570927154,439d0c3787957575e09b80e8d71d620c859df70985ffa54151273366d1085496,0.10717207754063439,0.10586030899443685,0.12070587187847989
7e28542fda40db288ad2613b49f17b1248f6f2ce,False,True,article-s-objective-preregistration,article-s-objective-implementation,1.2,0.95,26,20260628,4,0.964188013976184,27.578181818634715,True,0.07106352732257329,ok,26.590552356783512,1.4794093614867627,0.010591937632622006,aed6a9cbdcc123b17d98b1d24b7b004dfc750759df897cee6809a5b1be6eff84,0.10717207754063439,0.10586030899443685,0.12070587187847989
7e28542fda40db288ad2613b49f17b1248f6f2ce,False,True,article-s-objective-preregistration,article-s-objective-implementation,1.2,0.95,26,20260628,5,0.7350620040806434,32.32465385336576,False,0.5175662251845428,ok,23.760624842668125,1.2508580212636005,0.010552690809212617,9227c65510a172f0b39967be2e79ac392d607ea6a70bb9ad257dc4d19c6cd490,0.10717207754063439,0.10586030899443685,0.12070587187847989
7e28542fda40db288ad2613b49f17b1248f6f2ce,False,True,article-s-objective-preregistration,article-s-objective-implementation,1.2,0.95,27,20260629,1,0.7313919570764065,32.41917627011432,False,0.5272877520220854,ok,23.71112477900391,1.244894831296603,0.010537882861313186,1b1b0c85e4c9427929b4d3fd28543956f341c2367722c52134e977b332d5d15b,0.047265539026333646,0.10586030899443685,0.12070587187847989
7e28542fda40db288ad2613b49f17b1248f6f2ce,False,True,article-s-objective-preregistration,article-s-objective-implementation,1.2,0.95,27,20260629,2,0.719021458537535,32.74328316203042,False,0.5791833365434887,ok,23.543123216470626,1.2214788935745122,0.010553602463598377,7b8c73be2578d79b65147c24bc3a5154b70a79cfdabb5e7c7227e5d75ae0f4c5,0.047265539026333646,0.10586030899443685,0.12070587187847989
7e28542fda40db288ad2613b49f17b1248f6f2ce,False,True,article-s-objective-preregistration,article-s-objective-implementation,1.2,0.95,27,20260629,3,0.9880195079032275,27.185896665744643,True,0.02548646514194377,ok,26.860196245597013,1.5030387000763568,0.010643754785434556,1b2e8fd715c7c9db680cbe93d5bfd73484f70d09e40c8b73b5d0eabfb7175adb,0.047265539026333646,0.10586030899443685,0.12070587187847989
7e28542fda40db288ad2613b49f17b1248f6f2ce,False,True,article-s-objective-preregistration,article-s-objective-implementation,1.2,0.95,27,20260629,4,0.967841719745766,27.51705213053955,True,0.047265539026333646,ok,26.632151056355294,1.4909380479418592,0.01059736413612411,3287a414615cfa36ed9f4d0b47b16f4db3f601984cd7ccbf507fc1228c6575f3,0.047265539026333646,0.10586030899443685,0.12070587187847989
7e28542fda40db288ad2613b49f17b1248f6f2ce,False,True,article-s-objective-preregistration,article-s-objective-implementation,1.2,0.95,27,20260629,5,0.721598278447592,32.67505969143015,False,0.5791833365434887,ok,23.5782668215083,1.2214788935745122,0.010553602463598377,7b8c73be2578d79b65147c24bc3a5154b70a79cfdabb5e7c7227e5d75ae0f4c5,0.047265539026333646,0.10586030899443685,0.12070587187847989
7e28542fda40db288ad2613b49f17b1248f6f2ce,False,True,article-s-objective-preregistration,article-s-objective-implementation,1.2,0.95,28,20260630,1,0.8025571734036316,30.70781790619913,False,0.35896449401300723,ok,24.644779540192598,1.3350577064281683,0.010523184163347743,2d807432de395fbc7230326c63325fd937d1ec7135e110fbf4e2f48a7fc41b1a,,0.10586030899443685,0.12070587187847989
7e28542fda40db288ad2613b49f17b1248f6f2ce,False,True,article-s-objective-preregistration,article-s-objective-implementation,1.2,0.95,28,20260630,2,0.8433560161715852,29.829689570268133,False,0.30522964664587154,ok,25.157048159616416,1.3588029040944707,0.01048353188343043,04751eee7adee2592641ff1f4a190bec5e5b00e53eacca635c7203f149438970,,0.10586030899443685,0.12070587187847989
7e28542fda40db288ad2613b49f17b1248f6f2ce,False,True,article-s-objective-preregistration,article-s-objective-implementation,1.2,0.95,28,20260630,3,0.6706363553479855,34.09896661586997,False,0.6883934211290543,ok,22.868006692399668,1.1656641208938576,0.010654113879147165,11c3c9e2e63abed685ee5c87f3fc1ff6570fabee39d268175258dc0ea4024520,,0.10586030899443685,0.12070587187847989
7e28542fda40db288ad2613b49f17b1248f6f2ce,False,True,article-s-objective-preregistration,article-s-objective-implementation,1.2,0.95,28,20260630,4,0.9073872215890372,28.577881240707324,False,0.15859911561954598,ok,25.931204257906884,1.4331032963861925,0.010604272808499182,2ecff0dc8e27e9404a51af6668d0429b29e451881d60bc99ed217ca770569801,,0.10586030899443685,0.12070587187847989
7e28542fda40db288ad2613b49f17b1248f6f2ce,False,True,article-s-objective-preregistration,article-s-objective-implementation,1.2,0.95,28,20260630,5,0.8377174861231798,29.947057954673056,False,0.30522964664587154,ok,25.087174106573887,1.3588029040944707,0.01048353188343043,04751eee7adee2592641ff1f4a190bec5e5b00e53eacca635c7203f149438970,,0.10586030899443685,0.12070587187847989
7e28542fda40db288ad2613b49f17b1248f6f2ce,False,True,article-s-objective-preregistration,article-s-objective-implementation,1.2,0.95,29,20260631,1,0.7699682768277631,31.46091012568733,False,0.4568300268630869,ok,24.2239027569086,1.2821901664730813,0.010517208594323257,d084f238b18134768bc99f4e75de9faa767a91628cc194eac24abcda7b697f5f,0.013538636680126715,0.10586030899443685,0.12070587187847989
7e28542fda40db288ad2613b49f17b1248f6f2ce,False,True,article-s-objective-preregistration,article-s-objective-implementation,1.2,0.95,29,20260631,2,0.7935320011511727,30.911543852500156,False,0.3878723527684397,ok,24.52929925194668,1.3179469171339417,0.010474904838599475,77e5ecac6c8db007e71e68c8069bfd3566c1f7f06cbe8c1a23646126b41eede3,0.013538636680126715,0.10586030899443685,0.12070587187847989
7e28542fda40db288ad2613b49f17b1248f6f2ce,False,True,article-s-objective-preregistration,article-s-objective-implementation,1.2,0.95,29,20260631,3,0.9963040192223488,27.05300249910275,True,0.013538636680126715,ok,26.953015121888317,1.5087580687792843,0.01067906110827943,933f8c020f5b2c12202349e803c64bd2e8343a0ff3e78448f43e7f93225b5ed3,0.013538636680126715,0.10586030899443685,0.12070587187847989
7e28542fda40db288ad2613b49f17b1248f6f2ce,False,True,article-s-objective-preregistration,article-s-objective-implementation,1.2,0.95,29,20260631,4,0.696664096341745,33.3515643708825,False,0.6045743201815325,ok,23.234837454024394,1.2080493251798332,0.010586099588629772,1d70a444cbe92c4c0ced396a8db197009f58bade0543070855d62be05fbb1cc6,0.013538636680126715,0.10586030899443685,0.12070587187847989
7e28542fda40db288ad2613b49f17b1248f6f2ce,False,True,article-s-objective-preregistration,article-s-objective-implementation,1.2,0.95,29,20260631,5,0.8462913350274728,29.769074401635372,False,0.30522964664587154,ok,25.193309717892163,1.3588029040944707,0.01048353188343043,04751eee7adee2592641ff1f4a190bec5e5b00e53eacca635c7203f149438970,0.013538636680126715,0.10586030899443685,0.12070587187847989
7e28542fda40db288ad2613b49f17b1248f6f2ce,False,True,article-s-objective-preregistration,article-s-objective-implementation,1.2,0.95,30,20260632,1,0.73379202571189,32.35727915231344,False,0.5175662251845428,ok,23.743513415701184,1.2508580212636005,0.010552690809212617,9227c65510a172f0b39967be2e79ac392d607ea6a70bb9ad257dc4d19c6cd490,,0.10586030899443685,0.12070587187847989
7e28542fda40db288ad2613b49f17b1248f6f2ce,False,True,article-s-objective-preregistration,article-s-objective-implementation,1.2,0.95,30,20260632,2,0.8189487658370131,30.34680593426595,False,0.3370292740654485,ok,24.852479266962447,1.3431350884340807,0.010534749727707293,b8ed5494c88bdbec06a02ff4ff9d518d3b0e6f87f385cbf69677fd50cdce41db,,0.10586030899443685,0.12070587187847989
7e28542fda40db288ad2613b49f17b1248f6f2ce,False,True,article-s-objective-preregistration,article-s-objective-implementation,1.2,0.95,30,20260632,3,0.8739611687780802,29.21342562568105,False,0.2417707600923314,ok,25.53139960383173,1.3908212237013986,0.010596494839118176,75b5dd72ea6ac96e0133c9d1d2178ab6dd62566e7e5815586d1291603a208713,,0.10586030899443685,0.12070587187847989
7e28542fda40db288ad2613b49f17b1248f6f2ce,False,True,article-s-objective-preregistration,article-s-objective-implementation,1.2,0.95,30,20260632,4,0.8989444451014067,28.734902338629812,False,0.1634526487064499,ok,25.83108083784269,1.431250897799507,0.010612372515317325,cde7fcfb15b87d7da3f18e181a838e970298b09221c7c79cce6caa81a35b2e33,,0.10586030899443685,0.12070587187847989
7e28542fda40db288ad2613b49f17b1248f6f2ce,False,True,article-s-objective-preregistration,article-s-objective-implementation,1.2,0.95,30,20260632,5,0.8412623242910963,29.87312698615122,False,0.30522964664587154,ok,25.131136242212648,1.3588029040944707,0.01048353188343043,04751eee7adee2592641ff1f4a190bec5e5b00e53eacca635c7203f149438970,,0.10586030899443685,0.12070587187847989
7e28542fda40db288ad2613b49f17b1248f6f2ce,False,True,article-s-objective-preregistration,article-s-objective-implementation,1.2,0.95,31,20260633,1,0.8965278570153261,28.7802735859104,False,0.1634526487064499,ok,25.802317002291048,1.431250897799507,0.010612372515317325,cde7fcfb15b87d7da3f18e181a838e970298b09221c7c79cce6caa81a35b2e33,,0.10586030899443685,0.12070587187847989
7e28542fda40db288ad2613b49f17b1248f6f2ce,False,True,article-s-objective-preregistration,article-s-objective-implementation,1.2,0.95,31,20260633,2,0.7538505293062681,31.852003742176816,False,0.4874098868438562,ok,24.011649880505225,1.2675031370959602,0.01053836731165303,01fd556d48dfc125715b283a792e320d70c5ad88a48734f76a12efaf72ee762c,,0.10586030899443685,0.12070587187847989
7e28542fda40db288ad2613b49f17b1248f6f2ce,False,True,article-s-objective-preregistration,article-s-objective-implementation,1.2,0.95,31,20260633,3,0.6737296370821981,34.007806176014974,False,0.6762586965180277,ok,22.912066912928303,1.1711728610162349,0.010623527007743938,308d1394626628c6a1bcf49155ec0cd0b087a560b53992a280c2dc19d25f0b18,,0.10586030899443685,0.12070587187847989
7e28542fda40db288ad2613b49f17b1248f6f2ce,False,True,article-s-objective-preregistration,article-s-objective-implementation,1.2,0.95,31,20260633,4,0.9004827236259976,28.70612087966475,False,0.1634526487064499,ok,25.84936591445763,1.431250897799507,0.010612372515317325,cde7fcfb15b87d7da3f18e181a838e970298b09221c7c79cce6caa81a35b2e33,,0.10586030899443685,0.12070587187847989
7e28542fda40db288ad2613b49f17b1248f6f2ce,False,True,article-s-objective-preregistration,article-s-objective-implementation,1.2,0.95,31,20260633,5,0.8549619368215429,29.591929393849515,False,0.2914202400801934,ok,25.299973268851925,1.3652683362424374,0.010530194778005875,d36097c7d5e08a8e68179331e9f787f2febb9c5e4fb779ce8e0f3a4f7c2fb336,,0.10586030899443685,0.12070587187847989
7e28542fda40db288ad2613b49f17b1248f6f2ce,False,True,article-s-objective-preregistration,article-s-objective-implementation,1.2,0.95,32,20260634,1,0.9025626142148356,28.66732827167646,False,0.1634526487064499,ok,25.87405874743917,1.431250897799507,0.010612372515317325,cde7fcfb15b87d7da3f18e181a838e970298b09221c7c79cce6caa81a35b2e33,0.1045485404482393,0.10586030899443685,0.12070587187847989
7e28542fda40db288ad2613b49f17b1248f6f2ce,False,True,article-s-objective-preregistration,article-s-objective-implementation,1.2,0.95,32,20260634,2,0.9481536677418891,27.850825129705154,True,0.1045485404482393,ok,26.406861996367915,1.4613606304865898,0.0106087136614601,a17b8e5a35f81601f478d9db4959919bc792bbc64c9f3483dfa2baca7a175fa5,0.1045485404482393,0.10586030899443685,0.12070587187847989
7e28542fda40db288ad2613b49f17b1248f6f2ce,False,True,article-s-objective-preregistration,article-s-objective-implementation,1.2,0.95,32,20260634,3,0.9099258632913818,28.53111473470899,False,0.15212028643435943,ok,25.961199205645542,1.4371391316921407,0.010614391580709981,0558c23725b455bdedc177d92b60af7c9dee34c81766313f24486ca102a76215,0.1045485404482393,0.10586030899443685,0.12070587187847989
7e28542fda40db288ad2613b49f17b1248f6f2ce,False,True,article-s-objective-preregistration,article-s-objective-implementation,1.2,0.95,32,20260634,4,0.7526250211140937,31.88227270567419,False,0.4882532986647155,ok,23.99539616827333,1.2671818613635155,0.010539860672953871,315a75c89fc27a1a9168c5dc6a40ed43c16a0a65aa81417260fec4f413e547cc,0.1045485404482393,0.10586030899443685,0.12070587187847989
7e28542fda40db288ad2613b49f17b1248f6f2ce,False,True,article-s-objective-preregistration,article-s-objective-implementation,1.2,0.95,32,20260634,5,0.9658571388203859,27.55021070726264,True,0.07106352732257329,ok,26.609567687615453,1.4794093614867627,0.010591937632622006,aed6a9cbdcc123b17d98b1d24b7b004dfc750759df897cee6809a5b1be6eff84,0.1045485404482393,0.10586030899443685,0.12070587187847989
7e28542fda40db288ad2613b49f17b1248f6f2ce,False,True,article-s-objective-preregistration,article-s-objective-implementation,1.2,0.95,33,20260635,1,0.7062245079856967,33.08779874150423,False,0.5896350991159848,ok,23.367414386548578,1.21566379370086,0.010534132305952237,26c0b018af687ce3b916c6d1d524b6baf25c01b1b6ff4c90c1c4c361f0390103,,0.10586030899443685,0.12070587187847989
7e28542fda40db288ad2613b49f17b1248f6f2ce,False,True,article-s-objective-preregistration,article-s-objective-implementation,1.2,0.95,33,20260635,2,0.9052541551715118,28.617335445558655,False,0.15859911561954598,ok,25.90596182202896,1.4331032963861925,0.010604272808499182,2ecff0dc8e27e9404a51af6668d0429b29e451881d60bc99ed217ca770569801,,0.10586030899443685,0.12070587187847989
7e28542fda40db288ad2613b49f17b1248f6f2ce,False,True,article-s-objective-preregistration,article-s-objective-implementation,1.2,0.95,33,20260635,3,0.7995769872738449,30.7746929787084,False,0.35896449401300723,ok,24.60673629619321,1.3350577064281683,0.010523184163347743,2d807432de395fbc7230326c63325fd937d1ec7135e110fbf4e2f48a7fc41b1a,,0.10586030899443685,0.12070587187847989
7e28542fda40db288ad2613b49f17b1248f6f2ce,False,True,article-s-objective-preregistration,article-s-objective-implementation,1.2,0.95,33,20260635,4,0.7397308318169095,32.20546228365288,False,0.4950651404910288,ok,23.82337340413465,1.2628628918815223,0.010530244544819212,367257d80f72426e8154c786f5a7a030c192ecfb20053bd56dcdb94fd48f7787,,0.10586030899443685,0.12070587187847989
7e28542fda40db288ad2613b49f17b1248f6f2ce,False,True,article-s-objective-preregistration,article-s-objective-implementation,1.2,0.95,33,20260635,5,0.8853749768729142,28.992181040214305,False,0.17597924124533793,ok,25.668951617975083,1.4233754211252516,0.01064592707825307,eedde0b36d2c745d1cdeec81c9be1e33254739658b3b29809ced9a65220788ad,,0.10586030899443685,0.12070587187847989
7e28542fda40db288ad2613b49f17b1248f6f2ce,False,True,article-s-objective-preregistration,article-s-objective-implementation,1.2,0.95,34,20260636,1,0.7014147359575894,33.219800644842536,False,0.5896350991159848,ok,23.300857697865986,1.21566379370086,0.010534132305952237,26c0b018af687ce3b916c6d1d524b6baf25c01b1b6ff4c90c1c4c361f0390103,0.07106352732257329,0.10586030899443685,0.12070587187847989
7e28542fda40db288ad2613b49f17b1248f6f2ce,False,True,article-s-objective-preregistration,article-s-objective-implementation,1.2,0.95,34,20260636,2,0.770922261040017,31.438161662772252,False,0.45159163186170664,ok,24.236378672005966,1.286146987608743,0.010475446489127016,5dba2778b56e4e02cf77f4353e002f04833c7e436ab897db340aa30eefc23d36,0.07106352732257329,0.10586030899443685,0.12070587187847989
7e28542fda40db288ad2613b49f17b1248f6f2ce,False,True,article-s-objective-preregistration,article-s-objective-implementation,1.2,0.95,34,20260636,3,0.8003750625620929,30.756746156699286,False,0.35896449401300723,ok,24.616932629374602,1.3350577064281683,0.010523184163347743,2d807432de395fbc7230326c63325fd937d1ec7135e110fbf4e2f48a7fc41b1a,0.07106352732257329,0.10586030899443685,0.12070587187847989
7e28542fda40db288ad2613b49f17b1248f6f2ce,False,True,article-s-objective-preregistration,article-s-objective-implementation,1.2,0.95,34,20260636,4,0.9641429490007104,27.578938072643616,True,0.07106352732257329,ok,26.590038683666585,1.4794093614867627,0.010591937632622006,aed6a9cbdcc123b17d98b1d24b7b004dfc750759df897cee6809a5b1be6eff84,0.07106352732257329,0.10586030899443685,0.12070587187847989
7e28542fda40db288ad2613b49f17b1248f6f2ce,False,True,article-s-objective-preregistration,article-s-objective-implementation,1.2,0.95,34,20260636,5,0.7353090735695518,32.31831690029069,False,0.5175662251845428,ok,23.763951659279936,1.2508580212636005,0.010552690809212617,9227c65510a172f0b39967be2e79ac392d607ea6a70bb9ad257dc4d19c6cd490,0.07106352732257329,0.10586030899443685,0.12070587187847989
7e28542fda40db288ad2613b49f17b1248f6f2ce,False,True,article-s-objective-preregistration,article-s-objective-implementation,1.2,0.95,35,20260637,1,0.8485022404505211,29.723635384250716,False,0.2993682204029082,ok,25.220571217871118,1.3624507140560238,0.010492340685841484,d7a282d3ba36a9820b07b7caae130509ea56b228bebdef3b863d504e5f194f2e,,0.10586030899443685,0.12070587187847989
7e28542fda40db288ad2613b49f17b1248f6f2ce,False,True,article-s-objective-preregistration,article-s-objective-implementation,1.2,0.95,35,20260637,2,0.8536119815795402,29.619324462834225,False,0.2914202400801934,ok,25.28341024776727,1.3652683362424374,0.010530194778005875,d36097c7d5e08a8e68179331e9f787f2febb9c5e4fb779ce8e0f3a4f7c2fb336,,0.10586030899443685,0.12070587187847989
7e28542fda40db288ad2613b49f17b1248f6f2ce,False,True,article-s-objective-preregistration,article-s-objective-implementation,1.2,0.95,35,20260637,3,0.7169126150966025,32.79939956740694,False,0.5791833365434887,ok,23.51430331746808,1.2214788935745122,0.010553602463598377,7b8c73be2578d79b65147c24bc3a5154b70a79cfdabb5e7c7227e5d75ae0f4c5,,0.10586030899443685,0.12070587187847989
7e28542fda40db288ad2613b49f17b1248f6f2ce,False,True,article-s-objective-preregistration,article-s-objective-implementation,1.2,0.95,35,20260637,4,0.8365335899665216,29.971858341892162,False,0.3091569483158976,ok,25.07246625671109,1.3563041109629814,0.010477891656756722,e385c531c69aa085dfd620d90296e0e7c67aeecb43f2acc3e7c7dda2674c9103,,0.10586030899443685,0.12070587187847989
7e28542fda40db288ad2613b49f17b1248f6f2ce,False,True,article-s-objective-preregistration,article-s-objective-implementation,1.2,0.95,35,20260637,5,0.8078235205207277,30.5905842632863,False,0.35896449401300723,ok,24.71179347435391,1.3350577064281683,0.010523184163347743,2d807432de395fbc7230326c63325fd937d1ec7135e110fbf4e2f48a7fc41b1a,,0.10586030899443685,0.12070587187847989
7e28542fda40db288ad2613b49f17b1248f6f2ce,False,True,article-s-objective-preregistration,article-s-objective-implementation,1.2,0.95,36,20260638,1,0.9226802495677139,28.299220825008508,True,0.14164246533939773,ok,26.111132133390697,1.4416255895499077,0.010600995471975683,2909971a8d6bbddf4ecf5e9ebe1adf7a36efc50694e07936f53449703868a621,0.14164246533939773,0.10586030899443685,0.12070587187847989
7e28542fda40db288ad2613b49f17b1248f6f2ce,False,True,article-s-objective-preregistration,article-s-objective-implementation,1.2,0.95,36,20260638,2,0.6811379385796476,33.79208937820894,False,0.6419151808925584,ok,23.017074099372444,1.1879874939636488,0.010564523884010413,c1d2a75822a3edd7f4f05b9c648817d2d50d779379ccee3359d2bd52b333bcf6,0.14164246533939773,0.10586030899443685,0.12070587187847989
7e28542fda40db288ad2613b49f17b1248f6f2ce,False,True,article-s-objective-preregistration,article-s-objective-implementation,1.2,0.95,36,20260638,3,0.7783241901590701,31.263135334855267,False,0.4327020335968077,ok,24.332854491334633,1.2943144861709304,0.010445640338646367,89fbdd6526889fb314621798c6857ee65b2f03b0f938adbf4758300f8f39b66d,0.14164246533939773,0.10586030899443685,0.12070587187847989
7e28542fda40db288ad2613b49f17b1248f6f2ce,False,True,article-s-objective-preregistration,article-s-objective-implementation,1.2,0.95,36,20260638,4,0.8854986446660807,28.989808384446217,False,0.17597924124533793,ok,25.67043603355651,1.4233754211252516,0.01064592707825307,eedde0b36d2c745d1cdeec81c9be1e33254739658b3b29809ced9a65220788ad,0.14164246533939773,0.10586030899443685,0.12070587187847989
7e28542fda40db288ad2613b49f17b1248f6f2ce,False,True,article-s-objective-preregistration,article-s-objective-implementation,1.2,0.95,36,20260638,5,0.7656281405974078,31.56496064370988,False,0.47557626074355863,ok,24.167022125673952,1.2733799306305214,0.010568168838403835,77a3db29dec470ca7785102d15f2692b5a106fd90a81b2119c9f3866b755b803,0.14164246533939773,0.10586030899443685,0.12070587187847989
7e28542fda40db288ad2613b49f17b1248f6f2ce,False,True,article-s-objective-preregistration,article-s-objective-implementation,1.2,0.95,37,20260639,1,0.9375467388296117,28.0352044047526,True,0.11730912663479444,ok,26.284314462097367,1.4543833603514122,0.010594135897897594,e6fcefe90cb01e6e974ce73a02534f13ebc11db3b45d785baa003065a47bffcf,0.11730912663479444,0.10586030899443685,0.12070587187847989
7e28542fda40db288ad2613b49f17b1248f6f2ce,False,True,article-s-objective-preregistration,article-s-objective-implementation,1.2,0.95,37,20260639,2,0.9590842470256897,27.66418574318105,True,0.08756605380305539,ok,26.53228475307762,1.47124659917543,0.010639955983239968,905f77f941402da94bfd3a7fe63c4ebe8e381ddd20b2cc5e50f0c7f728c93d0f,0.11730912663479444,0.10586030899443685,0.12070587187847989
7e28542fda40db288ad2613b49f17b1248f6f2ce,False,True,article-s-objective-preregistration,article-s-objective-implementation,1.2,0.95,37,20260639,3,0.6801818453152173,33.81972466674209,False,0.6419151808925584,ok,23.003562731877206,1.1879874939636488,0.010564523884010413,c1d2a75822a3edd7f4f05b9c648817d2d50d779379ccee3359d2bd52b333bcf6,0.11730912663479444,0.10586030899443685,0.12070587187847989
7e28542fda40db288ad2613b49f17b1248f6f2ce,False,True,article-s-objective-preregistration,article-s-objective-implementation,1.2,0.95,37,20260639,4,0.9113090680488387,28.505719681615265,False,0.15212028643435943,ok,25.977520837114245,1.4371391316921407,0.010614391580709981,0558c23725b455bdedc177d92b60af7c9dee34c81766313f24486ca102a76215,0.11730912663479444,0.10586030899443685,0.12070587187847989
7e28542fda40db288ad2613b49f17b1248f6f2ce,False,True,article-s-objective-preregistration,article-s-objective-implementation,1.2,0.95,37,20260639,5,0.9562328974589502,27.71254852620081,True,0.09285484568280522,ok,26.499650573180762,1.4679697430193872,0.010631550355975516,f96d40f5bcc970440b7fe5f05f532a044dd8b16d60ddcad8952116a886ec56ed,0.11730912663479444,0.10586030899443685,0.12070587187847989
7e28542fda40db288ad2613b49f17b1248f6f2ce,False,True,article-s-objective-preregistration,article-s-objective-implementation,1.2,0.95,38,20260640,1,0.672079718412742,34.05634927494257,False,0.6883934211290543,ok,22.888581630869393,1.1656641208938576,0.010654113879147165,11c3c9e2e63abed685ee5c87f3fc1ff6570fabee39d268175258dc0ea4024520,,0.10586030899443685,0.12070587187847989
7e28542fda40db288ad2613b49f17b1248f6f2ce,False,True,article-s-objective-preregistration,article-s-objective-implementation,1.2,0.95,38,20260640,2,0.8155190086565243,30.421405333207545,False,0.3471651941556307,ok,24.809234319275717,1.3390892165756367,0.01055333148451032,86a0dfd7c2a3180c66260187e2a75bfc5c9120402fb52e765ea182185271f04c,,0.10586030899443685,0.12070587187847989
7e28542fda40db288ad2613b49f17b1248f6f2ce,False,True,article-s-objective-preregistration,article-s-objective-implementation,1.2,0.95,38,20260640,3,0.7243900932713417,32.60156961941921,False,0.5450234120125432,ok,23.61625405740322,1.236182470727858,0.010537026497449364,882ad909eff33a6f2915705c0daa08947b72956b51fe6e20a7caa23d693844b0,,0.10586030899443685,0.12070587187847989
7e28542fda40db288ad2613b49f17b1248f6f2ce,False,True,article-s-objective-preregistration,article-s-objective-implementation,1.2,0.95,38,20260640,4,0.8788074653616713,29.118934979510147,False,0.21744786162935073,ok,25.589937443374623,1.40370055492852,0.010653392886750268,ebabd026fa1c8c2e1532a4367140581559650d2baec35168fdf3790ad3c6a564,,0.10586030899443685,0.12070587187847989
7e28542fda40db288ad2613b49f17b1248f6f2ce,False,True,article-s-objective-preregistration,article-s-objective-implementation,1.2,0.95,38,20260640,5,0.8961819602140745,28.78678347679437,False,0.1634526487064499,ok,25.798196044491707,1.431250897799507,0.010612372515317325,cde7fcfb15b87d7da3f18e181a838e970298b09221c7c79cce6caa81a35b2e33,,0.10586030899443685,0.12070587187847989
7e28542fda40db288ad2613b49f17b1248f6f2ce,False,True,article-s-objective-preregistration,article-s-objective-implementation,1.2,0.95,39,20260641,1,0.7772728254676198,31.287837632152872,False,0.4374935803952212,ok,24.319185959115586,1.2924870988106625,0.010453972244359289,0c14b00fb9f4c96b463db1aac1325c2065f2dbf43b9c0eccaeb55dc477ffc37e,0.14164246533939773,0.10586030899443685,0.12070587187847989
7e28542fda40db288ad2613b49f17b1248f6f2ce,False,True,article-s-objective-preregistration,article-s-objective-implementation,1.2,0.95,39,20260641,2,0.8023739617819167,30.7119179703787,False,0.35896449401300723,ok,24.642443295813997,1.3350577064281683,0.010523184163347743,2d807432de395fbc7230326c63325fd937d1ec7135e110fbf4e2f48a7fc41b1a,0.14164246533939773,0.10586030899443685,0.12070587187847989
7e28542fda40db288ad2613b49f17b1248f6f2ce,False,True,article-s-objective-preregistration,article-s-objective-implementation,1.2,0.95,39,20260641,3,0.921603033316932,28.31861110093436,True,0.14164246533939773,ok,26.09851788994365,1.4416255895499077,0.010600995471975683,2909971a8d6bbddf4ecf5e9ebe1adf7a36efc50694e07936f53449703868a621,0.14164246533939773,0.10586030899443685,0.12070587187847989
7e28542fda40db288ad2613b49f17b1248f6f2ce,False,True,article-s-objective-preregistration,article-s-objective-implementation,1.2,0.95,39,20260641,4,0.9588387978874984,27.66833998587559,True,0.08756605380305539,ok,26.529477851599555,1.47124659917543,0.010639955983239968,905f77f941402da94bfd3a7fe63c4ebe8e381ddd20b2cc5e50f0c7f728c93d0f,0.14164246533939773,0.10586030899443685,0.12070587187847989
7e28542fda40db288ad2613b49f17b1248f6f2ce,False,True,article-s-objective-preregistration,article-s-objective-implementation,1.2,0.95,39,20260641,5,0.9138848838893354,28.458589782790845,False,0.1501177311523351,ok,26.007875019300037,1.4382858690517226,0.010615754594332394,508720285d442da6712afa159529d21cf9cda6652e4f7ebfdf525637322561c2,0.14164246533939773,0.10586030899443685,0.12070587187847989
7e28542fda40db288ad2613b49f17b1248f6f2ce,False,True,article-s-objective-preregistration,article-s-objective-implementation,1.2,0.95,40,20260642,1,0.9105092365926201,28.520396859123192,False,0.15212028643435943,ok,25.968084771518818,1.4371391316921407,0.010614391580709981,0558c23725b455bdedc177d92b60af7c9dee34c81766313f24486ca102a76215,,0.10586030899443685,0.12070587187847989
7e28542fda40db288ad2613b49f17b1248f6f2ce,False,True,article-s-objective-preregistration,article-s-objective-implementation,1.2,0.95,40,20260642,2,0.8701059637995832,29.2891810205737,False,0.26231289076960035,ok,25.484691080806737,1.3804611888400995,0.010541819006659292,6b25c4649ce30e108be98c9b4880aa8e455bf7935ba8d27d891724dd9d86b42b,,0.10586030899443685,0.12070587187847989
7e28542fda40db288ad2613b49f17b1248f6f2ce,False,True,article-s-objective-preregistration,article-s-objective-implementation,1.2,0.95,40,20260642,3,0.9118021295787183,28.496681913458453,False,0.15212028643435943,ok,25.983335254618762,1.4371391316921407,0.010614391580709981,0558c23725b455bdedc177d92b60af7c9dee34c81766313f24486ca102a76215,,0.10586030899443685,0.12070587187847989
7e28542fda40db288ad2613b49f17b1248f6f2ce,False,True,article-s-objective-preregistration,article-s-objective-implementation,1.2,0.95,40,20260642,4,0.7457082064829041,32.05456052452538,False,0.48831496192357915,ok,23.90334883834152,1.2671412791377443,0.010539780036162405,c5c7086a79d1d265cf3c395d0433cde365ed72a80b8716b06b53eb33b094ca62,,0.10586030899443685,0.12070587187847989
7e28542fda40db288ad2613b49f17b1248f6f2ce,False,True,article-s-objective-preregistration,article-s-objective-implementation,1.2,0.95,40,20260642,5,0.804357563315208,30.667604830807143,False,0.35896449401300723,ok,24.667719894421737,1.3350577064281683,0.010523184163347743,2d807432de395fbc7230326c63325fd937d1ec7135e110fbf4e2f48a7fc41b1a,,0.10586030899443685,0.12070587187847989
7e28542fda40db288ad2613b49f17b1248f6f2ce,False,True,article-s-objective-preregistration,article-s-objective-implementation,1.2,0.95,41,20260643,1,0.8268858832066097,30.176025823237254,False,0.3347909626715648,ok,24.952129764513,1.3445791210999645,0.010537875856798884,eb679381974b96a36125ea4804899356381aa2fd5e1ecae9c9f82b2e8974615b,,0.10586030899443685,0.12070587187847989
7e28542fda40db288ad2613b49f17b1248f6f2ce,False,True,article-s-objective-preregistration,article-s-objective-implementation,1.2,0.95,41,20260643,2,0.9097208198265385,28.53488440668765,False,0.15212028643435943,ok,25.958778436107398,1.4371391316921407,0.010614391580709981,0558c23725b455bdedc177d92b60af7c9dee34c81766313f24486ca102a76215,,0.10586030899443685,0.12070587187847989
7e28542fda40db288ad2613b49f17b1248f6f2ce,False,True,article-s-objective-preregistration,article-s-objective-implementation,1.2,0.95,41,20260643,3,0.7809120857682017,31.202552462876447,False,0.4211033132596728,ok,24.366450325076585,1.3003278605515707,0.010471488090488812,3545389f2b91d632d249c4f79e63d8e62ab7feb8ba0e3e9db2eade0d86e34a62,,0.10586030899443685,0.12070587187847989
7e28542fda40db288ad2613b49f17b1248f6f2ce,False,True,article-s-objective-preregistration,article-s-objective-implementation,1.2,0.95,41,20260643,4,0.7146863057748701,32.85892039111634,False,0.5791833365434887,ok,23.48382042607749,1.2214788935745122,0.010553602463598377,7b8c73be2578d79b65147c24bc3a5154b70a79cfdabb5e7c7227e5d75ae0f4c5,,0.10586030899443685,0.12070587187847989
7e28542fda40db288ad2613b49f17b1248f6f2ce,False,True,article-s-objective-preregistration,article-s-objective-implementation,1.2,0.95,41,20260643,5,0.769543444204542,31.471054708381082,False,0.46768115448976116,ok,24.218343833037146,1.2764629730622121,0.010553714988689844,56c570ddbf173d7756ed27f43dda42235d9dd8d6ccfda264e8aaf667e3dbbcf8,,0.10586030899443685,0.12070587187847989
7e28542fda40db288ad2613b49f17b1248f6f2ce,False,True,article-s-objective-preregistration,article-s-objective-implementation,1.2,0.95,42,20260644,1,0.9740150528572875,27.41458874007273,True,0.045257037370635245,ok,26.70222210072274,1.492204881944244,0.010600462508664421,df62b2a3bca9840576514e87aa41e031cf6212da600f14e7eab31f1f3db26310,0.12070587187847989,0.10586030899443685,0.12070587187847989
7e28542fda40db288ad2613b49f17b1248f6f2ce,False,True,article-s-objective-preregistration,article-s-objective-implementation,1.2,0.95,42,20260644,2,0.9321239628055765,28.13074102277439,True,0.12070587187847989,ok,26.221337798805862,1.4522361696139177,0.010588982645967082,c6914383e7d63a10dba810cd123021dee0f68dc4ef05cc49780e6587add9f25e,0.12070587187847989,0.10586030899443685,0.12070587187847989
7e28542fda40db288ad2613b49f17b1248f6f2ce,False,True,article-s-objective-preregistration,article-s-objective-implementation,1.2,0.95,42,20260644,3,0.7023439349061846,33.194190030505474,False,0.5896350991159848,ok,23.31373804204886,1.21566379370086,0.010534132305952237,26c0b018af687ce3b916c6d1d524b6baf25c01b1b6ff4c90c1c4c361f0390103,0.12070587187847989,0.10586030899443685,0.12070587187847989
7e28542fda40db288ad2613b49f17b1248f6f2ce,False,True,article-s-objective-preregistration,article-s-objective-implementation,1.2,0.95,42,20260644,4,0.8638216137448925,29.41380370554814,False,0.2717229394838042,ok,25.408279383302094,1.374877711753057,0.010525932959493112,05d3095cb60b752b7e51cbc874a2da1c4533940dc4b2417e56abd6235f93d399,0.12070587187847989,0.10586030899443685,0.12070587187847989
7e28542fda40db288ad2613b49f17b1248f6f2ce,False,True,article-s-objective-preregistration,article-s-objective-implementation,1.2,0.95,42,20260644,5,0.8110700120761924,30.518907178682646,False,0.3528375801661414,ok,24.75297041396633,1.3369005158758365,0.010563244657532334,4d8523602ee59d00dc4f7ca6075c4687e54b7db276f426db7167a175fea1cdaa,0.12070587187847989,0.10586030899443685,0.12070587187847989
7e28542fda40db288ad2613b49f17b1248f6f2ce,False,True,article-s-objective-preregistration,article-s-objective-implementation,1.2,0.95,43,20260645,1,0.8807458909437673,29.08136893522794,False,0.18910214185323748,ok,25.61329619272173,1.4172719211728668,0.010676153827930523,3fd1cb1da4df8e762f2787a65814941e6d852d5a3158e605b213d92688ad0a45,,0.10586030899443685,0.12070587187847989
7e28542fda40db288ad2613b49f17b1248f6f2ce,False,True,article-s-objective-preregistration,article-s-objective-implementation,1.2,0.95,43,20260645,2,0.8433738474024066,29.829320353929795,False,0.30522964664587154,ok,25.157268672292687,1.3588029040944707,0.01048353188343043,04751eee7adee2592641ff1f4a190bec5e5b00e53eacca635c7203f149438970,,0.10586030899443685,0.12070587187847989
7e28542fda40db288ad2613b49f17b1248f6f2ce,False,True,article-s-objective-preregistration,article-s-objective-implementation,1.2,0.95,43,20260645,3,0.8380779361672613,29.93951809088535,False,0.30522964664587154,ok,25.09164953145158,1.3588029040944707,0.01048353188343043,04751eee7adee2592641ff1f4a190bec5e5b00e53eacca635c7203f149438970,,0.10586030899443685,0.12070587187847989
7e28542fda40db288ad2613b49f17b1248f6f2ce,False,True,article-s-objective-preregistration,article-s-objective-implementation,1.2,0.95,43,20260645,4,0.7326854756547675,32.385777640478,False,0.5256903460060417,ok,23.728588894963156,1.2459542753337607,0.010539929603100351,2dc512e8aada8eed90113124f3ac917c7efad549dce0b46e767116173be86e49,,0.10586030899443685,0.12070587187847989
7e28542fda40db288ad2613b49f17b1248f6f2ce,False,True,article-s-objective-preregistration,article-s-objective-implementation,1.2,0.95,43,20260645,5,0.7525916750767635,31.88309739467826,False,0.4882532986647155,ok,23.994953674896504,1.2671818613635155,0.010539860672953871,315a75c89fc27a1a9168c5dc6a40ed43c16a0a65aa81417260fec4f413e547cc,,0.10586030899443685,0.12070587187847989
7e28542fda40db288ad2613b49f17b1248f6f2ce,False,True,article-s-objective-preregistration,article-s-objective-implementation,1.2,0.95,44,20260646,1,0.7749478777384973,31.34264867098032,False,0.4394598456278971,ok,24.288919070279533,1.2912064856755636,0.010451345016211366,fa292d487cc01c634e2393e9517bc1e6d2ef917b703203ba402c92bb3703d5dc,0.08756605380305539,0.10586030899443685,0.12070587187847989
7e28542fda40db288ad2613b49f17b1248f6f2ce,False,True,article-s-objective-preregistration,article-s-objective-implementation,1.2,0.95,44,20260646,2,0.9585956816667766,27.672456394949194,True,0.08756605380305539,ok,26.526697201310473,1.47124659917543,0.010639955983239968,905f77f941402da94bfd3a7fe63c4ebe8e381ddd20b2cc5e50f0c7f728c93d0f,0.08756605380305539,0.10586030899443685,0.12070587187847989
7e28542fda40db288ad2613b49f17b1248f6f2ce,False,True,article-s-objective-preregistration,article-s-objective-implementation,1.2,0.95,44,20260646,3,0.8432673367964219,29.8315259611419,False,0.30522964664587154,ok,25.155951449825448,1.3588029040944707,0.01048353188343043,04751eee7adee2592641ff1f4a190bec5e5b00e53eacca635c7203f149438970,0.08756605380305539,0.10586030899443685,0.12070587187847989
7e28542fda40db288ad2613b49f17b1248f6f2ce,False,True,article-s-objective-preregistration,article-s-objective-implementation,1.2,0.95,44,20260646,4,0.7714514560068043,31.425561513344185,False,0.45159163186170664,ok,24.243295185300763,1.286146987608743,0.010475446489127016,5dba2778b56e4e02cf77f4353e002f04833c7e436ab897db340aa30eefc23d36,0.08756605380305539,0.10586030899443685,0.12070587187847989
7e28542fda40db288ad2613b49f17b1248f6f2ce,False,True,article-s-objective-preregistration,article-s-objective-implementation,1.2,0.95,44,20260646,5,0.7421778467887556,32.14345779381747,False,0.48831496192357915,ok,23.856162293760693,1.2671412791377443,0.010539780036162405,c5c7086a79d1d265cf3c395d0433cde365ed72a80b8716b06b53eb33b094ca62,0.08756605380305539,0.10586030899443685,0.12070587187847989
7e28542fda40db288ad2613b49f17b1248f6f2ce,False,True,article-s-objective-preregistration,article-s-objective-implementation,1.2,0.95,45,20260647,1,0.9386592551298998,28.015711854133606,True,0.10717207754063439,ok,26.297207220934954,1.460329234246343,0.01061226570927154,439d0c3787957575e09b80e8d71d620c859df70985ffa54151273366d1085496,0.10717207754063439,0.10586030899443685,0.12070587187847989
7e28542fda40db288ad2613b49f17b1248f6f2ce,False,True,article-s-objective-preregistration,article-s-objective-implementation,1.2,0.95,45,20260647,2,0.8957044537069598,28.795776787743442,False,0.1634526487064499,ok,25.792505516733293,1.431250897799507,0.010612372515317325,cde7fcfb15b87d7da3f18e181a838e970298b09221c7c79cce6caa81a35b2e33,0.10717207754063439,0.10586030899443685,0.12070587187847989
7e28542fda40db288ad2613b49f17b1248f6f2ce,False,True,article-s-objective-preregistration,article-s-objective-implementation,1.2,0.95,45,20260647,3,0.9693782347093954,27.491453367540554,True,0.047265539026333646,ok,26.649616535022126,1.4909380479418592,0.01059736413612411,3287a414615cfa36ed9f4d0b47b16f4db3f601984cd7ccbf507fc1228c6575f3,0.10717207754063439,0.10586030899443685,0.12070587187847989
7e28542fda40db288ad2613b49f17b1248f6f2ce,False,True,article-s-objective-preregistration,article-s-objective-implementation,1.2,0.95,45,20260647,4,0.7560617602207507,31.797581539431118,False,0.4874098868438562,ok,24.040935469465136,1.2675031370959602,0.01053836731165303,01fd556d48dfc125715b283a792e320d70c5ad88a48734f76a12efaf72ee762c,0.10717207754063439,0.10586030899443685,0.12070587187847989
7e28542fda40db288ad2613b49f17b1248f6f2ce,False,True,article-s-objective-preregistration,article-s-objective-implementation,1.2,0.95,45,20260647,5,0.7250672855084463,32.583809851552125,False,0.535577411056913,ok,23.62545456058827,1.2417004907077023,0.010552958736984586,ab7bfcaba08c0ecd886733613694035a4ba2f80a17cf0a8fd7174a770b924f16,0.10717207754063439,0.10586030899443685,0.12070587187847989
7e28542fda40db288ad2613b49f17b1248f6f2ce,False,True,article-s-objective-preregistration,article-s-objective-implementation,1.2,0.95,46,20260648,1,0.7857622364019132,31.089848599184776,False,0.41769204734423204,ok,24.429228964692317,1.3025253181428584,0.010476175817657474,78a32e34e224197c81e0c6f3218afca8d432ae2a3affb4a64410572fb4072199,0.12070587187847989,0.10586030899443685,0.12070587187847989
7e28542fda40db288ad2613b49f17b1248f6f2ce,False,True,article-s-objective-preregistration,article-s-objective-implementation,1.2,0.95,46,20260648,2,0.759776115293919,31.706720115855493,False,0.4763641927991961,ok,24.090008638336244,1.2728622902975277,0.010567129710090661,4644eafd002f6e8fec66939cd9cfa8a0126d84e3a50d09c6abaf2c62401cc673,0.12070587187847989,0.10586030899443685,0.12070587187847989
7e28542fda40db288ad2613b49f17b1248f6f2ce,False,True,article-s-objective-preregistration,article-s-objective-implementation,1.2,0.95,46,20260648,3,0.8474059013701833,29.74614439635453,False,0.2993682204029082,ok,25.20705830448044,1.3624507140560238,0.010492340685841484,d7a282d3ba36a9820b07b7caae130509ea56b228bebdef3b863d504e5f194f2e,0.12070587187847989,0.10586030899443685,0.12070587187847989
7e28542fda40db288ad2613b49f17b1248f6f2ce,False,True,article-s-objective-preregistration,article-s-objective-implementation,1.2,0.95,46,20260648,4,0.9348543334034382,28.082529340301395,True,0.12070587187847989,ok,26.253074246709954,1.4522361696139177,0.010588982645967082,c6914383e7d63a10dba810cd123021dee0f68dc4ef05cc49780e6587add9f25e,0.12070587187847989,0.10586030899443685,0.12070587187847989
7e28542fda40db288ad2613b49f17b1248f6f2ce,False,True,article-s-objective-preregistration,article-s-objective-implementation,1.2,0.95,46,20260648,5,0.8065853979916615,30.61803852182558,False,0.35896449401300723,ok,24.696062786850707,1.3350577064281683,0.010523184163347743,2d807432de395fbc7230326c63325fd937d1ec7135e110fbf4e2f48a7fc41b1a,0.12070587187847989,0.10586030899443685,0.12070587187847989
7e28542fda40db288ad2613b49f17b1248f6f2ce,False,True,article-s-objective-preregistration,article-s-objective-implementation,1.2,0.95,47,20260649,1,0.7786476825289519,31.255545191107107,False,0.4211033132596728,ok,24.337057829234475,1.3003278605515707,0.010471488090488812,3545389f2b91d632d249c4f79e63d8e62ab7feb8ba0e3e9db2eade0d86e34a62,,0.10586030899443685,0.12070587187847989
7e28542fda40db288ad2613b49f17b1248f6f2ce,False,True,article-s-objective-preregistration,article-s-objective-implementation,1.2,0.95,47,20260649,2,0.8600250572704147,29.489782339110263,False,0.2824397134502154,ok,25.361951745085367,1.3707873798132217,0.010544199220579475,4e4c0b87d6c7c965d757f4aae4ac53dd5ea5117700c42f9feae54cf2f9f2666f,,0.10586030899443685,0.12070587187847989
7e28542fda40db288ad2613b49f17b1248f6f2ce,False,True,article-s-objective-preregistration,article-s-objective-implementation,1.2,0.95,47,20260649,3,0.7889513078895016,31.016332790983537,False,0.40414446719800173,ok,24.4703763213825,1.3085949953529272,0.01044554978417267,810ef0ab8011aa4b5739bf9b75595527542290d9fd75ca647c0f48b5adfb8e0d,,0.10586030899443685,0.12070587187847989
7e28542fda40db288ad2613b49f17b1248f6f2ce,False,True,article-s-objective-preregistration,article-s-objective-implementation,1.2,0.95,47,20260649,4,0.8215001979277852,30.29162653769572,False,0.3370292740654485,ok,24.884577196271582,1.3431350884340807,0.010534749727707293,b8ed5494c88bdbec06a02ff4ff9d518d3b0e6f87f385cbf69677fd50cdce41db,,0.10586030899443685,0.12070587187847989
7e28542fda40db288ad2613b49f17b1248f6f2ce,False,True,article-s-objective-preregistration,article-s-objective-implementation,1.2,0.95,47,20260649,5,0.7524080899817701,31.88763870075218,False,0.4882532986647155,ok,23.992517328861723,1.2671818613635155,0.010539860672953871,315a75c89fc27a1a9168c5dc6a40ed43c16a0a65aa81417260fec4f413e547cc,,0.10586030899443685,0.12070587187847989
7e28542fda40db288ad2613b49f17b1248f6f2ce,False,True,article-s-objective-preregistration,article-s-objective-implementation,1.2,0.95,48,20260650,1,0.6757261537131783,33.94931099704692,False,0.655688356080258,ok,22.940437341247023,1.1812024952589542,0.010606078806219887,253b31267f5e1bfb1aa8f99dea2c5f0e529b95c334b2ebfadb0c82a0b07a6478,,0.10586030899443685,0.12070587187847989
7e28542fda40db288ad2613b49f17b1248f6f2ce,False,True,article-s-objective-preregistration,article-s-objective-implementation,1.2,0.95,48,20260650,2,0.6751398950987083,33.966459805752244,False,0.676215172073658,ok,22.932112110130063,1.1712022098695207,0.010623579895941315,ce97284279adc9b6531717a87c4aadd336d74f19f7f555955673a8ff85895ee3,,0.10586030899443685,0.12070587187847989
7e28542fda40db288ad2613b49f17b1248f6f2ce,False,True,article-s-objective-preregistration,article-s-objective-implementation,1.2,0.95,48,20260650,3,0.6866179550229142,33.63484364117317,False,0.6136859456892687,ok,23.094287558417793,1.2021381363292984,0.010573998406290475,141db57e8569d0ce8000da789c9de530851680fcd23d5eaf7d6c0bafc2bd9ad7,,0.10586030899443685,0.12070587187847989
7e28542fda40db288ad2613b49f17b1248f6f2ce,False,True,article-s-objective-preregistration,article-s-objective-implementation,1.2,0.95,48,20260650,4,0.7157042021484444,32.83167107870789,False,0.5791833365434887,ok,23.49776495458679,1.2214788935745122,0.010553602463598377,7b8c73be2578d79b65147c24bc3a5154b70a79cfdabb5e7c7227e5d75ae0f4c5,,0.10586030899443685,0.12070587187847989
7e28542fda40db288ad2613b49f17b1248f6f2ce,False,True,article-s-objective-preregistration,article-s-objective-implementation,1.2,0.95,48,20260650,5,0.8400357203781257,29.898653750930944,False,0.30522964664587154,ok,25.115937141999424,1.3588029040944707,0.01048353188343043,04751eee7adee2592641ff1f4a190bec5e5b00e53eacca635c7203f149438970,,0.10586030899443685,0.12070587187847989
7e28542fda40db288ad2613b49f17b1248f6f2ce,False,True,article-s-objective-preregistration,article-s-objective-implementation,1.2,0.95,49,20260651,1,0.7196960362950131,32.72538651649028,False,0.5791833365434887,ok,23.552330962140324,1.2214788935745122,0.010553602463598377,7b8c73be2578d79b65147c24bc3a5154b70a79cfdabb5e7c7227e5d75ae0f4c5,0.11730912663479444,0.10586030899443685,0.12070587187847989
7e28542fda40db288ad2613b49f17b1248f6f2ce,False,True,article-s-objective-preregistration,article-s-objective-implementation,1.2,0.95,49,20260651,2,0.9844690467019156,27.24338994866098,True,0.02548646514194377,ok,26.820274131686823,1.5030387000763568,0.010643754785434556,1b2e8fd715c7c9db680cbe93d5bfd73484f70d09e40c8b73b5d0eabfb7175adb,0.11730912663479444,0.10586030899443685,0.12070587187847989
7e28542fda40db288ad2613b49f17b1248f6f2ce,False,True,article-s-objective-preregistration,article-s-objective-implementation,1.2,0.95,49,20260651,3,0.8253667806217415,30.208513114136686,False,0.3347909626715648,ok,24.933103216384655,1.3445791210999645,0.010537875856798884,eb679381974b96a36125ea4804899356381aa2fd5e1ecae9c9f82b2e8974615b,0.11730912663479444,0.10586030899443685,0.12070587187847989
7e28542fda40db288ad2613b49f17b1248f6f2ce,False,True,article-s-objective-preregistration,article-s-objective-implementation,1.2,0.95,49,20260651,4,0.9721548626455114,27.44535575317022,True,0.047265539026333646,ok,26.68113605248039,1.4909380479418592,0.01059736413612411,3287a414615cfa36ed9f4d0b47b16f4db3f601984cd7ccbf507fc1228c6575f3,0.11730912663479444,0.10586030899443685,0.12070587187847989
7e28542fda40db288ad2613b49f17b1248f6f2ce,False,True,article-s-objective-preregistration,article-s-objective-implementation,1.2,0.95,49,20260651,5,0.9358525286757886,28.064958888567514,True,0.11730912663479444,ok,26.264662743047957,1.4543833603514122,0.010594135897897594,e6fcefe90cb01e6e974ce73a02534f13ebc11db3b45d785baa003065a47bffcf,0.11730912663479444,0.10586030899443685,0.12070587187847989
7e28542fda40db288ad2613b49f17b1248f6f2ce,False,True,article-s-objective-preregistration,article-s-objective-implementation,1.2,0.9,0,20260602,1,0.9333548852209436,28.108978480057715,True,0.12070587187847989,ok,26.23565238293224,1.4522361696139177,0.010588982645967082,c6914383e7d63a10dba810cd123021dee0f68dc4ef05cc49780e6587add9f25e,0.12070587187847989,0.1634526487064499,0.21744786162935073
7e28542fda40db288ad2613b49f17b1248f6f2ce,False,True,article-s-objective-preregistration,article-s-objective-implementation,1.2,0.9,0,20260602,2,0.802692669521896,30.704786599381215,False,0.35896449401300723,ok,24.64650712255745,1.3350577064281683,0.010523184163347743,2d807432de395fbc7230326c63325fd937d1ec7135e110fbf4e2f48a7fc41b1a,0.12070587187847989,0.1634526487064499,0.21744786162935073
7e28542fda40db288ad2613b49f17b1248f6f2ce,False,True,article-s-objective-preregistration,article-s-objective-implementation,1.2,0.9,0,20260602,3,0.8338267153315726,30.02876904134344,False,0.32193090901473936,ok,25.03878985519382,1.3508319087975384,0.010503214370240155,2de755bcef47ff013bf6f8c0f7b75922ad8d5509d193835a204f1d90a9c8b9ef,0.12070587187847989,0.1634526487064499,0.21744786162935073
7e28542fda40db288ad2613b49f17b1248f6f2ce,False,True,article-s-objective-preregistration,article-s-objective-implementation,1.2,0.9,0,20260602,4,0.6884475204070778,33.582777347908966,False,0.6136859456892687,ok,23.119979793550907,1.2021381363292984,0.010573998406290475,141db57e8569d0ce8000da789c9de530851680fcd23d5eaf7d6c0bafc2bd9ad7,0.12070587187847989,0.1634526487064499,0.21744786162935073
7e28542fda40db288ad2613b49f17b1248f6f2ce,False,True,article-s-objective-preregistration,article-s-objective-implementation,1.2,0.9,0,20260602,5,0.9673963383227839,27.524484280829355,True,0.047265539026333646,ok,26.627085307497342,1.4909380479418592,0.01059736413612411,3287a414615cfa36ed9f4d0b47b16f4db3f601984cd7ccbf507fc1228c6575f3,0.12070587187847989,0.1634526487064499,0.21744786162935073
7e28542fda40db288ad2613b49f17b1248f6f2ce,False,True,article-s-objective-preregistration,article-s-objective-implementation,1.2,0.9,1,20260603,1,0.8626307280388037,29.43757993070532,True,0.2717229394838042,ok,25.393761007324805,1.374877711753057,0.010525932959493112,05d3095cb60b752b7e51cbc874a2da1c4533940dc4b2417e56abd6235f93d399,0.2717229394838042,0.1634526487064499,0.21744786162935073
7e28542fda40db288ad2613b49f17b1248f6f2ce,False,True,article-s-objective-preregistration,article-s-objective-implementation,1.2,0.9,1,20260603,2,0.6937979473106936,33.43173535988224,False,0.6083974348350318,ok,23.194869367720628,1.2055601842599182,0.010581064687325892,9428d709baddb83acc3a3dbfc690b7724072a4dc5813040e6318103408451daf,0.2717229394838042,0.1634526487064499,0.21744786162935073
7e28542fda40db288ad2613b49f17b1248f6f2ce,False,True,article-s-objective-preregistration,article-s-objective-implementation,1.2,0.9,1,20260603,3,0.6827201570349696,33.74648798608379,False,0.6419151808925584,ok,23.039407577237842,1.1879874939636488,0.010564523884010413,c1d2a75822a3edd7f4f05b9c648817d2d50d779379ccee3359d2bd52b333bcf6,0.2717229394838042,0.1634526487064499,0.21744786162935073
7e28542fda40db288ad2613b49f17b1248f6f2ce,False,True,article-s-objective-preregistration,article-s-objective-implementation,1.2,0.9,1,20260603,4,0.8936751520816874,28.834080551869153,True,0.1678088677183946,ok,25.76830132232729,1.42847437591634,0.010605888063781155,5d1ddec47e6358345483e42e0721e0b0e87d2937fcd6646d74036377e10a99ab,0.2717229394838042,0.1634526487064499,0.21744786162935073
7e28542fda40db288ad2613b49f17b1248f6f2ce,False,True,article-s-objective-preregistration,article-s-objective-implementation,1.2,0.9,1,20260603,5,0.8242667010564628,30.232097647277232,False,0.3370292740654485,ok,24.919311393738056,1.3431350884340807,0.010534749727707293,b8ed5494c88bdbec06a02ff4ff9d518d3b0e6f87f385cbf69677fd50cdce41db,0.2717229394838042,0.1634526487064499,0.21744786162935073
7e28542fda40db288ad2613b49f17b1248f6f2ce,False,True,article-s-objective-preregistration,article-s-objective-implementation,1.2,0.9,2,20260604,1,0.7174862011849357,32.78411107819655,False,0.5791833365434887,ok,23.52214731672021,1.2214788935745122,0.010553602463598377,7b8c73be2578d79b65147c24bc3a5154b70a79cfdabb5e7c7227e5d75ae0f4c5,0.2417707600923314,0.1634526487064499,0.21744786162935073
7e28542fda40db288ad2613b49f17b1248f6f2ce,False,True,article-s-objective-preregistration,article-s-objective-implementation,1.2,0.9,2,20260604,2,0.6843738886384919,33.69900003859521,False,0.6307788308322467,ok,23.06271569964209,1.1924161649681018,0.010542902813563959,5681e40569b8e0151fb97ce428c889b1add2e040aaa16c7e1d182ade75b380a4,0.2417707600923314,0.1634526487064499,0.21744786162935073
7e28542fda40db288ad2613b49f17b1248f6f2ce,False,True,article-s-objective-preregistration,article-s-objective-implementation,1.2,0.9,2,20260604,3,0.8733693723674769,29.225020459415592,True,0.2417707600923314,ok,25.524237776066467,1.3908212237013986,0.010596494839118176,75b5dd72ea6ac96e0133c9d1d2178ab6dd62566e7e5815586d1291603a208713,0.2417707600923314,0.1634526487064499,0.21744786162935073
7e28542fda40db288ad2613b49f17b1248f6f2ce,False,True,article-s-objective-preregistration,article-s-objective-implementation,1.2,0.9,2,20260604,4,0.892975824305166,28.84731224351455,True,0.1678088677183946,ok,25.759952429640915,1.42847437591634,0.010605888063781155,5d1ddec47e6358345483e42e0721e0b0e87d2937fcd6646d74036377e10a99ab,0.2417707600923314,0.1634526487064499,0.21744786162935073
7e28542fda40db288ad2613b49f17b1248f6f2ce,False,True,article-s-objective-preregistration,article-s-objective-implementation,1.2,0.9,2,20260604,5,0.8341006067715665,30.022997477700375,False,0.32193090901473936,ok,25.042200413251095,1.3508319087975384,0.010503214370240155,2de755bcef47ff013bf6f8c0f7b75922ad8d5509d193835a204f1d90a9c8b9ef,0.2417707600923314,0.1634526487064499,0.21744786162935073
7e28542fda40db288ad2613b49f17b1248f6f2ce,False,True,article-s-objective-preregistration,article-s-objective-implementation,1.2,0.9,3,20260605,1,0.9757154508614188,27.386545545816592,True,0.045257037370635245,ok,26.721475634773217,1.492204881944244,0.010600462508664421,df62b2a3bca9840576514e87aa41e031cf6212da600f14e7eab31f1f3db26310,0.15859911561954598,0.1634526487064499,0.21744786162935073
7e28542fda40db288ad2613b49f17b1248f6f2ce,False,True,article-s-objective-preregistration,article-s-objective-implementation,1.2,0.9,3,20260605,2,0.9603380161635924,27.642991708445603,True,0.08756605380305539,ok,26.546615818115285,1.47124659917543,0.010639955983239968,905f77f941402da94bfd3a7fe63c4ebe8e381ddd20b2cc5e50f0c7f728c93d0f,0.15859911561954598,0.1634526487064499,0.21744786162935073
7e28542fda40db288ad2613b49f17b1248f6f2ce,False,True,article-s-objective-preregistration,article-s-objective-implementation,1.2,0.9,3,20260605,3,0.9065600194975205,28.59316425589833,True,0.15859911561954598,ok,25.921419545322998,1.4331032963861925,0.010604272808499182,2ecff0dc8e27e9404a51af6668d0429b29e451881d60bc99ed217ca770569801,0.15859911561954598,0.1634526487064499,0.21744786162935073
7e28542fda40db288ad2613b49f17b1248f6f2ce,False,True,article-s-objective-preregistration,article-s-objective-implementation,1.2,0.9,3,20260605,4,0.9196257374885642,28.354295991678736,True,0.1501177311523351,ok,26.0753403623166,1.4382858690517226,0.010615754594332394,508720285d442da6712afa159529d21cf9cda6652e4f7ebfdf525637322561c2,0.15859911561954598,0.1634526487064499,0.21744786162935073
7e28542fda40db288ad2613b49f17b1248f6f2ce,False,True,article-s-objective-preregistration,article-s-objective-implementation,1.2,0.9,3,20260605,5,0.7850511007118641,31.106305462064476,False,0.41769204734423204,ok,24.42003934207319,1.3025253181428584,0.010476175817657474,78a32e34e224197c81e0c6f3218afca8d432ae2a3affb4a64410572fb4072199,0.15859911561954598,0.1634526487064499,0.21744786162935073
7e28542fda40db288ad2613b49f17b1248f6f2ce,False,True,article-s-objective-preregistration,article-s-objective-implementation,1.2,0.9,4,20260606,1,0.889780495655351,28.907977234465232,True,0.1678088677183946,ok,25.721754312076076,1.42847437591634,0.010605888063781155,5d1ddec47e6358345483e42e0721e0b0e87d2937fcd6646d74036377e10a99ab,0.1678088677183946,0.1634526487064499,0.21744786162935073
7e28542fda40db288ad2613b49f17b1248f6f2ce,False,True,article-s-objective-preregistration,article-s-objective-implementation,1.2,0.9,4,20260606,2,0.9551249735267304,27.731401734704463,True,0.09285484568280522,ok,26.486954347718726,1.4679697430193872,0.010631550355975516,f96d40f5bcc970440b7fe5f05f532a044dd8b16d60ddcad8952116a886ec56ed,0.1678088677183946,0.1634526487064499,0.21744786162935073
7e28542fda40db288ad2613b49f17b1248f6f2ce,False,True,article-s-objective-preregistration,article-s-objective-implementation,1.2,0.9,4,20260606,3,0.9820595947483725,27.282593224966767,True,0.02548646514194377,ok,26.793132446195557,1.5030387000763568,0.010643754785434556,1b2e8fd715c7c9db680cbe93d5bfd73484f70d09e40c8b73b5d0eabfb7175adb,0.1678088677183946,0.1634526487064499,0.21744786162935073
7e28542fda40db288ad2613b49f17b1248f6f2ce,False,True,article-s-objective-preregistration,article-s-objective-implementation,1.2,0.9,4,20260606,4,0.738527306080459,32.23607531308504,False,0.5013263236088523,ok,23.80722185957948,1.25898699809529,0.010520937260746877,7eccff48e1b944835ef2b59194abcf1d599ad76f09dc2292d2662bc1ed97e74d,0.1678088677183946,0.1634526487064499,0.21744786162935073
7e28542fda40db288ad2613b49f17b1248f6f2ce,False,True,article-s-objective-preregistration,article-s-objective-implementation,1.2,0.9,4,20260606,5,0.8214111288011274,30.293548308496064,False,0.3370292740654485,ok,24.883457711473238,1.3431350884340807,0.010534749727707293,b8ed5494c88bdbec06a02ff4ff9d518d3b0e6f87f385cbf69677fd50cdce41db,0.1678088677183946,0.1634526487064499,0.21744786162935073
7e28542fda40db288ad2613b49f17b1248f6f2ce,False,True,article-s-objective-preregistration,article-s-objective-implementation,1.2,0.9,5,20260607,1,0.9050374349568451,28.62135217509816,True,0.15859911561954598,ok,25.903395157547358,1.4331032963861925,0.010604272808499182,2ecff0dc8e27e9404a51af6668d0429b29e451881d60bc99ed217ca770569801,0.1634526487064499,0.1634526487064499,0.21744786162935073
7e28542fda40db288ad2613b49f17b1248f6f2ce,False,True,article-s-objective-preregistration,article-s-objective-implementation,1.2,0.9,5,20260607,2,0.6972348854584217,33.33565944726102,False,0.6045743201815325,ok,23.242784696391993,1.2080493251798332,0.010586099588629772,1d70a444cbe92c4c0ced396a8db197009f58bade0543070855d62be05fbb1cc6,0.1634526487064499,0.1634526487064499,0.21744786162935073
7e28542fda40db288ad2613b49f17b1248f6f2ce,False,True,article-s-objective-preregistration,article-s-objective-implementation,1.2,0.9,5,20260607,3,0.8957140155788856,28.79559662655461,True,0.1634526487064499,ok,25.79261948536104,1.431250897799507,0.010612372515317325,cde7fcfb15b87d7da3f18e181a838e970298b09221c7c79cce6caa81a35b2e33,0.1634526487064499,0.1634526487064499,0.21744786162935073
7e28542fda40db288ad2613b49f17b1248f6f2ce,False,True,article-s-objective-preregistration,article-s-objective-implementation,1.2,0.9,5,20260607,4,0.9266445895628699,28.22816663429872,True,0.13319743561457206,ok,26.157477884952037,1.446741122332222,0.010615018964437617,cc837d6b51d73c23db32f93390d62df6960d9f2bea9f6ccda2f580fdaba8452f,0.1634526487064499,0.1634526487064499,0.21744786162935073
7e28542fda40db288ad2613b49f17b1248f6f2ce,False,True,article-s-objective-preregistration,article-s-objective-implementation,1.2,0.9,5,20260607,5,0.6876971605706926,33.60410535284914,False,0.6136859456892687,ok,23.109447834672768,1.2021381363292984,0.010573998406290475,141db57e8569d0ce8000da789c9de530851680fcd23d5eaf7d6c0bafc2bd9ad7,0.1634526487064499,0.1634526487064499,0.21744786162935073
7e28542fda40db288ad2613b49f17b1248f6f2ce,False,True,article-s-objective-preregistration,article-s-objective-implementation,1.2,0.9,6,20260608,1,0.7818684615019541,31.18024274287659,False,0.4211033132596728,ok,24.37884842263039,1.3003278605515707,0.010471488090488812,3545389f2b91d632d249c4f79e63d8e62ab7feb8ba0e3e9db2eade0d86e34a62,0.1501177311523351,0.1634526487064499,0.21744786162935073
7e28542fda40db288ad2613b49f17b1248f6f2ce,False,True,article-s-objective-preregistration,article-s-objective-implementation,1.2,0.9,6,20260608,2,0.9175748620579983,28.391436410846282,True,0.1501177311523351,ok,26.051268348310707,1.4382858690517226,0.010615754594332394,508720285d442da6712afa159529d21cf9cda6652e4f7ebfdf525637322561c2,0.1501177311523351,0.1634526487064499,0.21744786162935073
7e28542fda40db288ad2613b49f17b1248f6f2ce,False,True,article-s-objective-preregistration,article-s-objective-implementation,1.2,0.9,6,20260608,3,0.6737657282879941,34.00674637396755,False,0.6762586965180277,ok,22.91258023736135,1.1711728610162349,0.010623527007743938,308d1394626628c6a1bcf49155ec0cd0b087a560b53992a280c2dc19d25f0b18,0.1501177311523351,0.1634526487064499,0.21744786162935073
7e28542fda40db288ad2613b49f17b1248f6f2ce,False,True,article-s-objective-preregistration,article-s-objective-implementation,1.2,0.9,6,20260608,4,0.7579703693157974,31.75080614530736,False,0.4874098868438562,ok,24.066170260032912,1.2675031370959602,0.01053836731165303,01fd556d48dfc125715b283a792e320d70c5ad88a48734f76a12efaf72ee762c,0.1501177311523351,0.1634526487064499,0.21744786162935073
7e28542fda40db288ad2613b49f17b1248f6f2ce,False,True,article-s-objective-preregistration,article-s-objective-implementation,1.2,0.9,6,20260608,5,0.8400514877837464,29.898325246677352,False,0.30522964664587154,ok,25.116132605713656,1.3588029040944707,0.01048353188343043,04751eee7adee2592641ff1f4a190bec5e5b00e53eacca635c7203f149438970,0.1501177311523351,0.1634526487064499,0.21744786162935073
7e28542fda40db288ad2613b49f17b1248f6f2ce,False,True,article-s-objective-preregistration,article-s-objective-implementation,1.2,0.9,7,20260609,1,0.9989370530361664,27.011129727520384,True,0.004063946810719173,ok,26.9824183291868,1.5143963659663564,0.010695805746105957,617d6389222552938cc1072c9a0412aad40433751b85ea05b0f57e0762317921,0.12070587187847989,0.1634526487064499,0.21744786162935073
7e28542fda40db288ad2613b49f17b1248f6f2ce,False,True,article-s-objective-preregistration,article-s-objective-implementation,1.2,0.9,7,20260609,2,0.93316334845263,28.112361858352433,True,0.12070587187847989,ok,26.233425724652157,1.4522361696139177,0.010588982645967082,c6914383e7d63a10dba810cd123021dee0f68dc4ef05cc49780e6587add9f25e,0.12070587187847989,0.1634526487064499,0.21744786162935073
7e28542fda40db288ad2613b49f17b1248f6f2ce,False,True,article-s-objective-preregistration,article-s-objective-implementation,1.2,0.9,7,20260609,3,0.6831951227825679,33.732830829987684,False,0.6419151808925584,ok,23.046105500697028,1.1879874939636488,0.010564523884010413,c1d2a75822a3edd7f4f05b9c648817d2d50d779379ccee3359d2bd52b333bcf6,0.12070587187847989,0.1634526487064499,0.21744786162935073
7e28542fda40db288ad2613b49f17b1248f6f2ce,False,True,article-s-objective-preregistration,article-s-objective-implementation,1.2,0.9,7,20260609,4,0.9612469845861281,27.627653501854084,True,0.08137149173047956,ok,26.556998619847622,1.47360840186235,0.010629732024094452,566beef2482de649a0d3876a2986e9c8858aa7a832e8c2fb0e139788ffd27b3d,0.12070587187847989,0.1634526487064499,0.21744786162935073
7e28542fda40db288ad2613b49f17b1248f6f2ce,False,True,article-s-objective-preregistration,article-s-objective-implementation,1.2,0.9,7,20260609,5,0.9502528230192913,27.814720031546283,True,0.1045485404482393,ok,26.431016231468085,1.4613606304865898,0.0106087136614601,a17b8e5a35f81601f478d9db4959919bc792bbc64c9f3483dfa2baca7a175fa5,0.12070587187847989,0.1634526487064499,0.21744786162935073
7e28542fda40db288ad2613b49f17b1248f6f2ce,False,True,article-s-objective-preregistration,article-s-objective-implementation,1.2,0.9,8,20260610,1,0.7893362145372032,31.00749109720324,False,0.40414446719800173,ok,24.47533564496243,1.3085949953529272,0.01044554978417267,810ef0ab8011aa4b5739bf9b75595527542290d9fd75ca647c0f48b5adfb8e0d,0.1678088677183946,0.1634526487064499,0.21744786162935073
7e28542fda40db288ad2613b49f17b1248f6f2ce,False,True,article-s-objective-preregistration,article-s-objective-implementation,1.2,0.9,8,20260610,2,0.7705837672218474,31.446228278589015,False,0.45159163186170664,ok,24.23195305183331,1.286146987608743,0.010475446489127016,5dba2778b56e4e02cf77f4353e002f04833c7e436ab897db340aa30eefc23d36,0.1678088677183946,0.1634526487064499,0.21744786162935073
7e28542fda40db288ad2613b49f17b1248f6f2ce,False,True,article-s-objective-preregistration,article-s-objective-implementation,1.2,0.9,8,20260610,3,0.8885372265874607,28.931673808109696,True,0.1678088677183946,ok,25.706869205990866,1.42847437591634,0.010605888063781155,5d1ddec47e6358345483e42e0721e0b0e87d2937fcd6646d74036377e10a99ab,0.1678088677183946,0.1634526487064499,0.21744786162935073
7e28542fda40db288ad2613b49f17b1248f6f2ce,False,True,article-s-objective-preregistration,article-s-objective-implementation,1.2,0.9,8,20260610,4,0.672678828422378,34.038701256680596,False,0.6883934211290543,ok,22.89711368236323,1.1656641208938576,0.010654113879147165,11c3c9e2e63abed685ee5c87f3fc1ff6570fabee39d268175258dc0ea4024520,0.1678088677183946,0.1634526487064499,0.21744786162935073
7e28542fda40db288ad2613b49f17b1248f6f2ce,False,True,article-s-objective-preregistration,article-s-objective-implementation,1.2,0.9,8,20260610,5,0.962123739623057,27.612880501144055,True,0.08137149173047956,ok,26.56700784952531,1.47360840186235,0.010629732024094452,566beef2482de649a0d3876a2986e9c8858aa7a832e8c2fb0e139788ffd27b3d,0.1678088677183946,0.1634526487064499,0.21744786162935073
7e28542fda40db288ad2613b49f17b1248f6f2ce,False,True,article-s-objective-preregistration,article-s-objective-implementation,1.2,0.9,9,20260611,1,0.6869119651360682,33.62646213680898,False,0.6136859456892687,ok,23.09841918696905,1.2021381363292984,0.010573998406290475,141db57e8569d0ce8000da789c9de530851680fcd23d5eaf7d6c0bafc2bd9ad7,0.08137149173047956,0.1634526487064499,0.21744786162935073
7e28542fda40db288ad2613b49f17b1248f6f2ce,False,True,article-s-objective-preregistration,article-s-objective-implementation,1.2,0.9,9,20260611,2,0.9636370512645941,27.58743157460206,True,0.08137149173047956,ok,26.584271214513286,1.47360840186235,0.010629732024094452,566beef2482de649a0d3876a2986e9c8858aa7a832e8c2fb0e139788ffd27b3d,0.08137149173047956,0.1634526487064499,0.21744786162935073
7e28542fda40db288ad2613b49f17b1248f6f2ce,False,True,article-s-objective-preregistration,article-s-objective-implementation,1.2,0.9,9,20260611,3,0.7446180416616848,32.08194179740786,False,0.48831496192357915,ok,23.88879267388999,1.2671412791377443,0.010539780036162405,c5c7086a79d1d265cf3c395d0433cde365ed72a80b8716b06b53eb33b094ca62,0.08137149173047956,0.1634526487064499,0.21744786162935073
7e28542fda40db288ad2613b49f17b1248f6f2ce,False,True,article-s-objective-preregistration,article-s-objective-implementation,1.2,0.9,9,20260611,4,0.7862733105327742,31.078035827510938,False,0.41769204734423204,ok,24.435830114953188,1.3025253181428584,0.010476175817657474,78a32e34e224197c81e0c6f3218afca8d432ae2a3affb4a64410572fb4072199,0.08137149173047956,0.1634526487064499,0.21744786162935073
7e28542fda40db288ad2613b49f17b1248f6f2ce,False,True,article-s-objective-preregistration,article-s-objective-implementation,1.2,0.9,9,20260611,5,0.7814235478872582,31.190616108329568,False,0.4211033132596728,ok,24.373081900160358,1.3003278605515707,0.010471488090488812,3545389f2b91d632d249c4f79e63d8e62ab7feb8ba0e3e9db2eade0d86e34a62,0.08137149173047956,0.1634526487064499,0.21744786162935073
7e28542fda40db288ad2613b49f17b1248f6f2ce,False,True,article-s-objective-preregistration,article-s-objective-implementation,1.2,0.9,10,20260612,1,0.7690703471566849,31.482362067816606,False,0.46768115448976116,ok,24.212151124808166,1.2764629730622121,0.010553714988689844,56c570ddbf173d7756ed27f43dda42235d9dd8d6ccfda264e8aaf667e3dbbcf8,0.02548646514194377,0.1634526487064499,0.21744786162935073
7e28542fda40db288ad2613b49f17b1248f6f2ce,False,True,article-s-objective-preregistration,article-s-objective-implementation,1.2,0.9,10,20260612,2,0.7890968217002555,31.012989401355707,False,0.40414446719800173,ok,24.472251368033497,1.3085949953529272,0.01044554978417267,810ef0ab8011aa4b5739bf9b75595527542290d9fd75ca647c0f48b5adfb8e0d,0.02548646514194377,0.1634526487064499,0.21744786162935073
7e28542fda40db288ad2613b49f17b1248f6f2ce,False,True,article-s-objective-preregistration,article-s-objective-implementation,1.2,0.9,10,20260612,3,0.7438275555347774,32.101835165584504,False,0.48831496192357915,ok,23.87822957939708,1.2671412791377443,0.010539780036162405,c5c7086a79d1d265cf3c395d0433cde365ed72a80b8716b06b53eb33b094ca62,0.02548646514194377,0.1634526487064499,0.21744786162935073
7e28542fda40db288ad2613b49f17b1248f6f2ce,False,True,article-s-objective-preregistration,article-s-objective-implementation,1.2,0.9,10,20260612,4,0.9822684874887804,27.279188408912315,True,0.02548646514194377,ok,26.79548713834377,1.5030387000763568,0.010643754785434556,1b2e8fd715c7c9db680cbe93d5bfd73484f70d09e40c8b73b5d0eabfb7175adb,0.02548646514194377,0.1634526487064499,0.21744786162935073
7e28542fda40db288ad2613b49f17b1248f6f2ce,False,True,article-s-objective-preregistration,article-s-objective-implementation,1.2,0.9,10,20260612,5,0.8414417658554685,29.869397522675538,False,0.30522964664587154,ok,25.13335859651906,1.3588029040944707,0.01048353188343043,04751eee7adee2592641ff1f4a190bec5e5b00e53eacca635c7203f149438970,0.02548646514194377,0.1634526487064499,0.21744786162935073
7e28542fda40db288ad2613b49f17b1248f6f2ce,False,True,article-s-objective-preregistration,article-s-objective-implementation,1.2,0.9,11,20260613,1,0.7427556584225101,32.128863086006945,False,0.48831496192357915,ok,23.86389485581377,1.2671412791377443,0.010539780036162405,c5c7086a79d1d265cf3c395d0433cde365ed72a80b8716b06b53eb33b094ca62,0.2914202400801934,0.1634526487064499,0.21744786162935073
7e28542fda40db288ad2613b49f17b1248f6f2ce,False,True,article-s-objective-preregistration,article-s-objective-implementation,1.2,0.9,11,20260613,2,0.980411940131935,27.309489003300072,True,0.037927021136521764,ok,26.774549097737168,1.4966517822431469,0.01061269580232116,937bc050ec1fe0bcc8d0a19a85d2063a00f53cbfc17f9ac9f91372cb7491ede0,0.2914202400801934,0.1634526487064499,0.21744786162935073
7e28542fda40db288ad2613b49f17b1248f6f2ce,False,True,article-s-objective-preregistration,article-s-objective-implementation,1.2,0.9,11,20260613,3,0.7574008404171024,31.764744718991228,False,0.4874098868438562,ok,24.058644345798673,1.2675031370959602,0.01053836731165303,01fd556d48dfc125715b283a792e320d70c5ad88a48734f76a12efaf72ee762c,0.2914202400801934,0.1634526487064499,0.21744786162935073
7e28542fda40db288ad2613b49f17b1248f6f2ce,False,True,article-s-objective-preregistration,article-s-objective-implementation,1.2,0.9,11,20260613,4,0.984834973149787,27.237449329247482,True,0.02548646514194377,ok,26.824392678838127,1.5030387000763568,0.010643754785434556,1b2e8fd715c7c9db680cbe93d5bfd73484f70d09e40c8b73b5d0eabfb7175adb,0.2914202400801934,0.1634526487064499,0.21744786162935073
7e28542fda40db288ad2613b49f17b1248f6f2ce,False,True,article-s-objective-preregistration,article-s-objective-implementation,1.2,0.9,11,20260613,5,0.854426356595353,29.602789982888563,True,0.2914202400801934,ok,25.293403990136888,1.3652683362424374,0.010530194778005875,d36097c7d5e08a8e68179331e9f787f2febb9c5e4fb779ce8e0f3a4f7c2fb336,0.2914202400801934,0.1634526487064499,0.21744786162935073
7e28542fda40db288ad2613b49f17b1248f6f2ce,False,True,article-s-objective-preregistration,article-s-objective-implementation,1.2,0.9,12,20260614,1,0.923508230221553,28.284341046876165,True,0.14164246533939773,ok,26.120821743183434,1.4416255895499077,0.010600995471975683,2909971a8d6bbddf4ecf5e9ebe1adf7a36efc50694e07936f53449703868a621,0.1634526487064499,0.1634526487064499,0.21744786162935073
7e28542fda40db288ad2613b49f17b1248f6f2ce,False,True,article-s-objective-preregistration,article-s-objective-implementation,1.2,0.9,12,20260614,2,0.731905599463951,32.405903055133116,False,0.5272877520220854,ok,23.718061901737883,1.244894831296603,0.010537882861313186,1b1b0c85e4c9427929b4d3fd28543956f341c2367722c52134e977b332d5d15b,0.1634526487064499,0.1634526487064499,0.21744786162935073
7e28542fda40db288ad2613b49f17b1248f6f2ce,False,True,article-s-objective-preregistration,article-s-objective-implementation,1.2,0.9,12,20260614,3,0.8950306680548094,28.808479608295862,True,0.1634526487064499,ok,25.7844727494564,1.431250897799507,0.010612372515317325,cde7fcfb15b87d7da3f18e181a838e970298b09221c7c79cce6caa81a35b2e33,0.1634526487064499,0.1634526487064499,0.21744786162935073
7e28542fda40db288ad2613b49f17b1248f6f2ce,False,True,article-s-objective-preregistration,article-s-objective-implementation,1.2,0.9,12,20260614,4,0.6704239213381789,34.10525100955698,False,0.6883934211290543,ok,22.864976120050073,1.1656641208938576,0.010654113879147165,11c3c9e2e63abed685ee5c87f3fc1ff6570fabee39d268175258dc0ea4024520,0.1634526487064499,0.1634526487064499,0.21744786162935073
7e28542fda40db288ad2613b49f17b1248f6f2ce,False,True,article-s-objective-preregistration,article-s-objective-implementation,1.2,0.9,12,20260614,5,0.6998142314838284,33.264037347032726,False,0.5952392758425089,ok,23.278646732063073,1.2134894869864354,0.010544488103756855,8adae34af2898519fd9f10c1d8defe1927efdb8f1f029f4bbeedc537d2d00e3a,0.1634526487064499,0.1634526487064499,0.21744786162935073
7e28542fda40db288ad2613b49f17b1248f6f2ce,False,True,article-s-objective-preregistration,article-s-objective-implementation,1.2,0.9,13,20260615,1,0.9838693426522647,27.25313335442247,True,0.02548646514194377,ok,26.813522398630145,1.5030387000763568,0.010643754785434556,1b2e8fd715c7c9db680cbe93d5bfd73484f70d09e40c8b73b5d0eabfb7175adb,0.1761464744306635,0.1634526487064499,0.21744786162935073
7e28542fda40db288ad2613b49f17b1248f6f2ce,False,True,article-s-objective-preregistration,article-s-objective-implementation,1.2,0.9,13,20260615,2,0.7773279050260761,31.28654222037053,False,0.4374935803952212,ok,24.319902319670504,1.2924870988106625,0.010453972244359289,0c14b00fb9f4c96b463db1aac1325c2065f2dbf43b9c0eccaeb55dc477ffc37e,0.1761464744306635,0.1634526487064499,0.21744786162935073
7e28542fda40db288ad2613b49f17b1248f6f2ce,False,True,article-s-objective-preregistration,article-s-objective-implementation,1.2,0.9,13,20260615,3,0.8847058136777343,29.00502844043855,True,0.1761464744306635,ok,25.660917287144013,1.4232662281015067,0.010645689374050082,3608a4673ff7db6c6ac7178b9c1d14f8fc7846572ad8830b317e7a1363c4fc3e,0.1761464744306635,0.1634526487064499,0.21744786162935073
7e28542fda40db288ad2613b49f17b1248f6f2ce,False,True,article-s-objective-preregistration,article-s-objective-implementation,1.2,0.9,13,20260615,4,0.7448040088403896,32.0772665192661,False,0.48831496192357915,ok,23.891276696190996,1.2671412791377443,0.010539780036162405,c5c7086a79d1d265cf3c395d0433cde365ed72a80b8716b06b53eb33b094ca62,0.1761464744306635,0.1634526487064499,0.21744786162935073
7e28542fda40db288ad2613b49f17b1248f6f2ce,False,True,article-s-objective-preregistration,article-s-objective-implementation,1.2,0.9,13,20260615,5,0.8132670501067341,30.470653944638563,False,0.3528375801661414,ok,24.780778848379324,1.3369005158758365,0.010563244657532334,4d8523602ee59d00dc4f7ca6075c4687e54b7db276f426db7167a175fea1cdaa,0.1761464744306635,0.1634526487064499,0.21744786162935073
7e28542fda40db288ad2613b49f17b1248f6f2ce,False,True,article-s-objective-preregistration,article-s-objective-implementation,1.2,0.9,14,20260616,1,0.6790400418245366,33.85280667659332,False,0.6429761018876345,ok,22.987411261551877,1.1875755440468974,0.010566513326049076,8a37efca078bd79f1aad773bc4305be57f1f93954e6538e60ddb71a1b506bcba,0.13319743561457206,0.1634526487064499,0.21744786162935073
7e28542fda40db288ad2613b49f17b1248f6f2ce,False,True,article-s-objective-preregistration,article-s-objective-implementation,1.2,0.9,14,20260616,2,0.9260805558209197,28.23824681844129,True,0.13319743561457206,ok,26.150891309030428,1.446741122332222,0.010615018964437617,cc837d6b51d73c23db32f93390d62df6960d9f2bea9f6ccda2f580fdaba8452f,0.13319743561457206,0.1634526487064499,0.21744786162935073
7e28542fda40db288ad2613b49f17b1248f6f2ce,False,True,article-s-objective-preregistration,article-s-objective-implementation,1.2,0.9,14,20260616,3,0.9353688759260319,28.073468567254828,True,0.12070587187847989,ok,26.259048737097938,1.4522361696139177,0.010588982645967082,c6914383e7d63a10dba810cd123021dee0f68dc4ef05cc49780e6587add9f25e,0.13319743561457206,0.1634526487064499,0.21744786162935073
7e28542fda40db288ad2613b49f17b1248f6f2ce,False,True,article-s-objective-preregistration,article-s-objective-implementation,1.2,0.9,14,20260616,4,0.6760345926974016,33.94029800416121,False,0.655688356080258,ok,22.944815537271555,1.1812024952589542,0.010606078806219887,253b31267f5e1bfb1aa8f99dea2c5f0e529b95c334b2ebfadb0c82a0b07a6478,0.13319743561457206,0.1634526487064499,0.21744786162935073
7e28542fda40db288ad2613b49f17b1248f6f2ce,False,True,article-s-objective-preregistration,article-s-objective-implementation,1.2,0.9,14,20260616,5,0.9552377255952491,27.729481493153713,True,0.09285484568280522,ok,26.488246833455705,1.4679697430193872,0.010631550355975516,f96d40f5bcc970440b7fe5f05f532a044dd8b16d60ddcad8952116a886ec56ed,0.13319743561457206,0.1634526487064499,0.21744786162935073
7e28542fda40db288ad2613b49f17b1248f6f2ce,False,True,article-s-objective-preregistration,article-s-objective-implementation,1.2,0.9,15,20260617,1,0.7280856097246682,32.50496467606923,False,0.535577411056913,ok,23.666397025254664,1.2417004907077023,0.010552958736984586,ab7bfcaba08c0ecd886733613694035a4ba2f80a17cf0a8fd7174a770b924f16,0.1678088677183946,0.1634526487064499,0.21744786162935073
7e28542fda40db288ad2613b49f17b1248f6f2ce,False,True,article-s-objective-preregistration,article-s-objective-implementation,1.2,0.9,15,20260617,2,0.7769209519624646,31.29611669441212,False,0.4374935803952212,ok,24.314608774951044,1.2924870988106625,0.010453972244359289,0c14b00fb9f4c96b463db1aac1325c2065f2dbf43b9c0eccaeb55dc477ffc37e,0.1678088677183946,0.1634526487064499,0.21744786162935073
7e28542fda40db288ad2613b49f17b1248f6f2ce,False,True,article-s-objective-preregistration,article-s-objective-implementation,1.2,0.9,15,20260617,3,0.888266081690241,28.936848710938865,True,0.1678088677183946,ok,25.703621220928966,1.42847437591634,0.010605888063781155,5d1ddec47e6358345483e42e0721e0b0e87d2937fcd6646d74036377e10a99ab,0.1678088677183946,0.1634526487064499,0.21744786162935073
7e28542fda40db288ad2613b49f17b1248f6f2ce,False,True,article-s-objective-preregistration,article-s-objective-implementation,1.2,0.9,15,20260617,4,0.6862226491969845,33.64612160054644,False,0.6243815285367429,ok,23.08873069993086,1.1964572824384283,0.0105518655372987,00bc44508a529d8bd4e12ffebcf738cb67852f7c70bec94d99b977259a9fceb9,0.1678088677183946,0.1634526487064499,0.21744786162935073
7e28542fda40db288ad2613b49f17b1248f6f2ce,False,True,article-s-objective-preregistration,article-s-objective-implementation,1.2,0.9,15,20260617,5,0.7463375658867182,32.0387814556271,False,0.48831496192357915,ok,23.91174616556926,1.2671412791377443,0.010539780036162405,c5c7086a79d1d265cf3c395d0433cde365ed72a80b8716b06b53eb33b094ca62,0.1678088677183946,0.1634526487064499,0.21744786162935073
7e28542fda40db288ad2613b49f17b1248f6f2ce,False,True,article-s-objective-preregistration,article-s-objective-implementation,1.2,0.9,16,20260618,1,0.7250030315868001,32.58549384262653,False,0.535577411056913,ok,23.624581821657245,1.2417004907077023,0.010552958736984586,ab7bfcaba08c0ecd886733613694035a4ba2f80a17cf0a8fd7174a770b924f16,0.15212028643435943,0.1634526487064499,0.21744786162935073
7e28542fda40db288ad2613b49f17b1248f6f2ce,False,True,article-s-objective-preregistration,article-s-objective-implementation,1.2,0.9,16,20260618,2,0.916417823835948,28.41244745332223,True,0.1501177311523351,ok,26.037673265026783,1.4382858690517226,0.010615754594332394,508720285d442da6712afa159529d21cf9cda6652e4f7ebfdf525637322561c2,0.15212028643435943,0.1634526487064499,0.21744786162935073
7e28542fda40db288ad2613b49f17b1248f6f2ce,False,True,article-s-objective-preregistration,article-s-objective-implementation,1.2,0.9,16,20260618,3,0.6871044713417495,33.620977267835265,False,0.6136859456892687,ok,23.101123811608925,1.2021381363292984,0.010573998406290475,141db57e8569d0ce8000da789c9de530851680fcd23d5eaf7d6c0bafc2bd9ad7,0.15212028643435943,0.1634526487064499,0.21744786162935073
7e28542fda40db288ad2613b49f17b1248f6f2ce,False,True,article-s-objective-preregistration,article-s-objective-implementation,1.2,0.9,16,20260618,4,0.6775984436433343,33.89469795298425,False,0.655688356080258,ok,22.96699458070304,1.1812024952589542,0.010606078806219887,253b31267f5e1bfb1aa8f99dea2c5f0e529b95c334b2ebfadb0c82a0b07a6478,0.15212028643435943,0.1634526487064499,0.21744786162935073
7e28542fda40db288ad2613b49f17b1248f6f2ce,False,True,article-s-objective-preregistration,article-s-objective-implementation,1.2,0.9,16,20260618,5,0.910618932008679,28.518382713083902,True,0.15212028643435943,ok,25.969379208803236,1.4371391316921407,0.010614391580709981,0558c23725b455bdedc177d92b60af7c9dee34c81766313f24486ca102a76215,0.15212028643435943,0.1634526487064499,0.21744786162935073
7e28542fda40db288ad2613b49f17b1248f6f2ce,False,True,article-s-objective-preregistration,article-s-objective-implementation,1.2,0.9,17,20260619,1,0.8494865921820429,29.703464340862684,False,0.2993682204029082,ok,25.232694698920273,1.3624507140560238,0.010492340685841484,d7a282d3ba36a9820b07b7caae130509ea56b228bebdef3b863d504e5f194f2e,0.15859911561954598,0.1634526487064499,0.21744786162935073
7e28542fda40db288ad2613b49f17b1248f6f2ce,False,True,article-s-objective-preregistration,article-s-objective-implementation,1.2,0.9,17,20260619,2,0.98310661101879,27.265539010141453,True,0.02548646514194377,ok,26.80493165386078,1.5030387000763568,0.010643754785434556,1b2e8fd715c7c9db680cbe93d5bfd73484f70d09e40c8b73b5d0eabfb7175adb,0.15859911561954598,0.1634526487064499,0.21744786162935073
7e28542fda40db288ad2613b49f17b1248f6f2ce,False,True,article-s-objective-preregistration,article-s-objective-implementation,1.2,0.9,17,20260619,3,0.8189226050855687,30.347373099364564,False,0.3370292740654485,ok,24.852149836035338,1.3431350884340807,0.010534749727707293,b8ed5494c88bdbec06a02ff4ff9d518d3b0e6f87f385cbf69677fd50cdce41db,0.15859911561954598,0.1634526487064499,0.21744786162935073
7e28542fda40db288ad2613b49f17b1248f6f2ce,False,True,article-s-objective-preregistration,article-s-objective-implementation,1.2,0.9,17,20260619,4,0.904562014607161,28.630168990228892,True,0.15859911561954598,ok,25.897763340344916,1.4331032963861925,0.010604272808499182,2ecff0dc8e27e9404a51af6668d0429b29e451881d60bc99ed217ca770569801,0.15859911561954598,0.1634526487064499,0.21744786162935073
7e28542fda40db288ad2613b49f17b1248f6f2ce,False,True,article-s-objective-preregistration,article-s-objective-implementation,1.2,0.9,17,20260619,5,0.9187962478036951,28.369301981574075,True,0.1501177311523351,ok,26.065608213480193,1.4382858690517226,0.010615754594332394,508720285d442da6712afa159529d21cf9cda6652e4f7ebfdf525637322561c2,0.15859911561954598,0.1634526487064499,0.21744786162935073
7e28542fda40db288ad2613b49f17b1248f6f2ce,False,True,article-s-objective-preregistration,article-s-objective-implementation,1.2,0.9,18,20260620,1,0.9959397392402256,27.058809343547676,True,0.013538636680126715,ok,26.94894352176385,1.5087580687792843,0.01067906110827943,933f8c020f5b2c12202349e803c64bd2e8343a0ff3e78448f43e7f93225b5ed3,0.13319743561457206,0.1634526487064499,0.21744786162935073
7e28542fda40db288ad2613b49f17b1248f6f2ce,False,True,article-s-objective-preregistration,article-s-objective-implementation,1.2,0.9,18,20260620,2,0.8315403422298966,30.077064458484926,False,0.32193090901473936,ok,25.010292473079215,1.3508319087975384,0.010503214370240155,2de755bcef47ff013bf6f8c0f7b75922ad8d5509d193835a204f1d90a9c8b9ef,0.13319743561457206,0.1634526487064499,0.21744786162935073
7e28542fda40db288ad2613b49f17b1248f6f2ce,False,True,article-s-objective-preregistration,article-s-objective-implementation,1.2,0.9,18,20260620,3,0.7570596519511532,31.77310273476466,False,0.4874098868438562,ok,24.054134097789166,1.2675031370959602,0.01053836731165303,01fd556d48dfc125715b283a792e320d70c5ad88a48734f76a12efaf72ee762c,0.13319743561457206,0.1634526487064499,0.21744786162935073
7e28542fda40db288ad2613b49f17b1248f6f2ce,False,True,article-s-objective-preregistration,article-s-objective-implementation,1.2,0.9,18,20260620,4,0.9247042209744609,28.26288468017286,True,0.13319743561457206,ok,26.13480876067027,1.446741122332222,0.010615018964437617,cc837d6b51d73c23db32f93390d62df6960d9f2bea9f6ccda2f580fdaba8452f,0.13319743561457206,0.1634526487064499,0.21744786162935073
7e28542fda40db288ad2613b49f17b1248f6f2ce,False,True,article-s-objective-preregistration,article-s-objective-implementation,1.2,0.9,18,20260620,5,0.942442963234837,27.949688078086787,True,0.10696100291741979,ok,26.340986853801507,1.4604632037309366,0.01061258441789148,6901f1230a2bf953804315df5fd9d8c7365176c530c6d9a813113805b2e3c892,0.13319743561457206,0.1634526487064499,0.21744786162935073
7e28542fda40db288ad2613b49f17b1248f6f2ce,False,True,article-s-objective-preregistration,article-s-objective-implementation,1.2,0.9,19,20260621,1,0.8250106208528465,30.21614341913978,False,0.3347909626715648,ok,24.92863924200316,1.3445791210999645,0.010537875856798884,eb679381974b96a36125ea4804899356381aa2fd5e1ecae9c9f82b2e8974615b,0.2717229394838042,0.1634526487064499,0.21744786162935073
7e28542fda40db288ad2613b49f17b1248f6f2ce,False,True,article-s-objective-preregistration,article-s-objective-implementation,1.2,0.9,19,20260621,2,0.8639671263943632,29.410902042356895,True,0.2717229394838042,ok,25.410052522201195,1.374877711753057,0.010525932959493112,05d3095cb60b752b7e51cbc874a2da1c4533940dc4b2417e56abd6235f93d399,0.2717229394838042,0.1634526487064499,0.21744786162935073
7e28542fda40db288ad2613b49f17b1248f6f2ce,False,True,article-s-objective-preregistration,article-s-objective-implementation,1.2,0.9,19,20260621,3,0.7312916610046845,32.42176974640925,False,0.5272877520220854,ok,23.709769850563045,1.244894831296603,0.010537882861313186,1b1b0c85e4c9427929b4d3fd28543956f341c2367722c52134e977b332d5d15b,0.2717229394838042,0.1634526487064499,0.21744786162935073
7e28542fda40db288ad2613b49f17b1248f6f2ce,False,True,article-s-objective-preregistration,article-s-objective-implementation,1.2,0.9,19,20260621,4,0.773792692435108,31.36997773708437,False,0.4394598456278971,ok,24.273859534807908,1.2912064856755636,0.010451345016211366,fa292d487cc01c634e2393e9517bc1e6d2ef917b703203ba402c92bb3703d5dc,0.2717229394838042,0.1634526487064499,0.21744786162935073
7e28542fda40db288ad2613b49f17b1248f6f2ce,False,True,article-s-objective-preregistration,article-s-objective-implementation,1.2,0.9,19,20260621,5,0.9073689635912853,28.578218331135684,True,0.15859911561954598,ok,25.930988348408057,1.4331032963861925,0.010604272808499182,2ecff0dc8e27e9404a51af6668d0429b29e451881d60bc99ed217ca770569801,0.2717229394838042,0.1634526487064499,0.21744786162935073
7e28542fda40db288ad2613b49f17b1248f6f2ce,False,True,article-s-objective-preregistration,article-s-objective-implementation,1.2,0.9,20,20260622,1,0.9764392898919323,27.37463125552525,True,0.045257037370635245,ok,26.72966550419857,1.492204881944244,0.010600462508664421,df62b2a3bca9840576514e87aa41e031cf6212da600f14e7eab31f1f3db26310,0.1634526487064499,0.1634526487064499,0.21744786162935073
7e28542fda40db288ad2613b49f17b1248f6f2ce,False,True,article-s-objective-preregistration,article-s-objective-implementation,1.2,0.9,20,20260622,2,0.8998834050831047,28.717325050158365,True,0.1634526487064499,ok,25.84224425101485,1.431250897799507,0.010612372515317325,cde7fcfb15b87d7da3f18e181a838e970298b09221c7c79cce6caa81a35b2e33,0.1634526487064499,0.1634526487064499,0.21744786162935073
7e28542fda40db288ad2613b49f17b1248f6f2ce,False,True,article-s-objective-preregistration,article-s-objective-implementation,1.2,0.9,20,20260622,3,0.7107154893285988,32.965798327241934,False,0.5791833365434887,ok,23.429303489253655,1.2214788935745122,0.010553602463598377,7b8c73be2578d79b65147c24bc3a5154b70a79cfdabb5e7c7227e5d75ae0f4c5,0.1634526487064499,0.1634526487064499,0.21744786162935073
7e28542fda40db288ad2613b49f17b1248f6f2ce,False,True,article-s-objective-preregistration,article-s-objective-implementation,1.2,0.9,20,20260622,4,0.8024105434400164,30.711099198440206,False,0.35896449401300723,ok,24.642909797460657,1.3350577064281683,0.010523184163347743,2d807432de395fbc7230326c63325fd937d1ec7135e110fbf4e2f48a7fc41b1a,0.1634526487064499,0.1634526487064499,0.21744786162935073
7e28542fda40db288ad2613b49f17b1248f6f2ce,False,True,article-s-objective-preregistration,article-s-objective-implementation,1.2,0.9,20,20260622,5,0.9946609409934883,27.079220722287474,True,0.02548646514194377,ok,26.93464316500083,1.5030387000763568,0.010643754785434556,1b2e8fd715c7c9db680cbe93d5bfd73484f70d09e40c8b73b5d0eabfb7175adb,0.1634526487064499,0.1634526487064499,0.21744786162935073
7e28542fda40db288ad2613b49f17b1248f6f2ce,False,True,article-s-objective-preregistration,article-s-objective-implementation,1.2,0.9,21,20260623,1,0.868743511340596,29.31607936217052,True,0.26231289076960035,ok,25.4681537238316,1.3804611888400995,0.010541819006659292,6b25c4649ce30e108be98c9b4880aa8e455bf7935ba8d27d891724dd9d86b42b,0.26231289076960035,0.1634526487064499,0.21744786162935073
7e28542fda40db288ad2613b49f17b1248f6f2ce,False,True,article-s-objective-preregistration,article-s-objective-implementation,1.2,0.9,21,20260623,2,0.7633681982761705,31.619504947238834,False,0.4763641927991961,ok,24.13732452195817,1.2728622902975277,0.010567129710090661,4644eafd002f6e8fec66939cd9cfa8a0126d84e3a50d09c6abaf2c62401cc673,0.26231289076960035,0.1634526487064499,0.21744786162935073
7e28542fda40db288ad2613b49f17b1248f6f2ce,False,True,article-s-objective-preregistration,article-s-objective-implementation,1.2,0.9,21,20260623,3,0.7935314001259803,30.911557539769287,False,0.3878723527684397,ok,24.529291534607925,1.3179469171339417,0.010474904838599475,77e5ecac6c8db007e71e68c8069bfd3566c1f7f06cbe8c1a23646126b41eede3,0.26231289076960035,0.1634526487064499,0.21744786162935073
7e28542fda40db288ad2613b49f17b1248f6f2ce,False,True,article-s-objective-preregistration,article-s-objective-implementation,1.2,0.9,21,20260623,4,0.7998438411778105,30.768688957098984,False,0.35896449401300723,ok,24.61014636345133,1.3350577064281683,0.010523184163347743,2d807432de395fbc7230326c63325fd937d1ec7135e110fbf4e2f48a7fc41b1a,0.26231289076960035,0.1634526487064499,0.21744786162935073
7e28542fda40db288ad2613b49f17b1248f6f2ce,False,True,article-s-objective-preregistration,article-s-objective-implementation,1.2,0.9,21,20260623,5,0.7561377642571622,31.795715352321295,False,0.4874098868438562,ok,24.041941119461352,1.2675031370959602,0.01053836731165303,01fd556d48dfc125715b283a792e320d70c5ad88a48734f76a12efaf72ee762c,0.26231289076960035,0.1634526487064499,0.21744786162935073
7e28542fda40db288ad2613b49f17b1248f6f2ce,False,True,article-s-objective-preregistration,article-s-objective-implementation,1.2,0.9,22,20260624,1,0.934281899441331,28.092618766866924,True,0.12070587187847989,ok,26.24642522178961,1.4522361696139177,0.010588982645967082,c6914383e7d63a10dba810cd123021dee0f68dc4ef05cc49780e6587add9f25e,0.1634526487064499,0.1634526487064499,0.21744786162935073
7e28542fda40db288ad2613b49f17b1248f6f2ce,False,True,article-s-objective-preregistration,article-s-objective-implementation,1.2,0.9,22,20260624,2,0.9736129504702754,27.421231549707556,True,0.045257037370635245,ok,26.697666154639375,1.492204881944244,0.010600462508664421,df62b2a3bca9840576514e87aa41e031cf6212da600f14e7eab31f1f3db26310,0.1634526487064499,0.1634526487064499,0.21744786162935073
7e28542fda40db288ad2613b49f17b1248f6f2ce,False,True,article-s-objective-preregistration,article-s-objective-implementation,1.2,0.9,22,20260624,3,0.7150894648708759,32.84812053415847,False,0.5791833365434887,ok,23.489344934785407,1.2214788935745122,0.010553602463598377,7b8c73be2578d79b65147c24bc3a5154b70a79cfdabb5e7c7227e5d75ae0f4c5,0.1634526487064499,0.1634526487064499,0.21744786162935073
7e28542fda40db288ad2613b49f17b1248f6f2ce,False,True,article-s-objective-preregistration,article-s-objective-implementation,1.2,0.9,22,20260624,4,0.744899881318335,32.07485696156484,False,0.48831496192357915,ok,23.89255714397222,1.2671412791377443,0.010539780036162405,c5c7086a79d1d265cf3c395d0433cde365ed72a80b8716b06b53eb33b094ca62,0.1634526487064499,0.1634526487064499,0.21744786162935073
7e28542fda40db288ad2613b49f17b1248f6f2ce,False,True,article-s-objective-preregistration,article-s-objective-implementation,1.2,0.9,22,20260624,5,0.9000514680123219,28.71418195723179,True,0.1634526487064499,ok,25.8442416233794,1.431250897799507,0.010612372515317325,cde7fcfb15b87d7da3f18e181a838e970298b09221c7c79cce6caa81a35b2e33,0.1634526487064499,0.1634526487064499,0.21744786162935073
7e28542fda40db288ad2613b49f17b1248f6f2ce,False,True,article-s-objective-preregistration,article-s-objective-implementation,1.2,0.9,23,20260625,1,0.792921123018682,30.925463854579313,False,0.3878723527684397,ok,24.52145352944669,1.3179469171339417,0.010474904838599475,77e5ecac6c8db007e71e68c8069bfd3566c1f7f06cbe8c1a23646126b41eede3,0.2717229394838042,0.1634526487064499,0.21744786162935073
7e28542fda40db288ad2613b49f17b1248f6f2ce,False,True,article-s-objective-preregistration,article-s-objective-implementation,1.2,0.9,23,20260625,2,0.9078089103706775,28.570098724953123,True,0.15859911561954598,ok,25.936190192682375,1.4331032963861925,0.010604272808499182,2ecff0dc8e27e9404a51af6668d0429b29e451881d60bc99ed217ca770569801,0.2717229394838042,0.1634526487064499,0.21744786162935073
7e28542fda40db288ad2613b49f17b1248f6f2ce,False,True,article-s-objective-preregistration,article-s-objective-implementation,1.2,0.9,23,20260625,3,0.8311611156098655,30.08509500156244,False,0.32193090901473936,ok,25.005561124727425,1.3508319087975384,0.010503214370240155,2de755bcef47ff013bf6f8c0f7b75922ad8d5509d193835a204f1d90a9c8b9ef,0.2717229394838042,0.1634526487064499,0.21744786162935073
7e28542fda40db288ad2613b49f17b1248f6f2ce,False,True,article-s-objective-preregistration,article-s-objective-implementation,1.2,0.9,23,20260625,4,0.8640640394027687,29.408969927806574,True,0.2717229394838042,ok,25.4112333504951,1.374877711753057,0.010525932959493112,05d3095cb60b752b7e51cbc874a2da1c4533940dc4b2417e56abd6235f93d399,0.2717229394838042,0.1634526487064499,0.21744786162935073
7e28542fda40db288ad2613b49f17b1248f6f2ce,False,True,article-s-objective-preregistration,article-s-objective-implementation,1.2,0.9,23,20260625,5,0.9818345313556947,27.286262890215202,True,0.02548646514194377,ok,26.790595137262724,1.5030387000763568,0.010643754785434556,1b2e8fd715c7c9db680cbe93d5bfd73484f70d09e40c8b73b5d0eabfb7175adb,0.2717229394838042,0.1634526487064499,0.21744786162935073
7e28542fda40db288ad2613b49f17b1248f6f2ce,False,True,article-s-objective-preregistration,article-s-objective-implementation,1.2,0.9,24,20260626,1,0.9693972884080206,27.49113632899709,True,0.047265539026333646,ok,26.649833012585006,1.4909380479418592,0.01059736413612411,3287a414615cfa36ed9f4d0b47b16f4db3f601984cd7ccbf507fc1228c6575f3,0.047265539026333646,0.1634526487064499,0.21744786162935073
7e28542fda40db288ad2613b49f17b1248f6f2ce,False,True,article-s-objective-preregistration,article-s-objective-implementation,1.2,0.9,24,20260626,2,0.6956661546473076,33.379420387583544,False,0.6045743201815325,ok,23.220933025386188,1.2080493251798332,0.010586099588629772,1d70a444cbe92c4c0ced396a8db197009f58bade0543070855d62be05fbb1cc6,0.047265539026333646,0.1634526487064499,0.21744786162935073
7e28542fda40db288ad2613b49f17b1248f6f2ce,False,True,article-s-objective-preregistration,article-s-objective-implementation,1.2,0.9,24,20260626,3,0.6723747257569479,34.047656186542994,False,0.6883934211290543,ok,22.892783491093695,1.1656641208938576,0.010654113879147165,11c3c9e2e63abed685ee5c87f3fc1ff6570fabee39d268175258dc0ea4024520,0.047265539026333646,0.1634526487064499,0.21744786162935073
7e28542fda40db288ad2613b49f17b1248f6f2ce,False,True,article-s-objective-preregistration,article-s-objective-implementation,1.2,0.9,24,20260626,4,0.6825027037700687,33.75274554285558,False,0.6419151808925584,ok,23.03634009266207,1.1879874939636488,0.010564523884010413,c1d2a75822a3edd7f4f05b9c648817d2d50d779379ccee3359d2bd52b333bcf6,0.047265539026333646,0.1634526487064499,0.21744786162935073
7e28542fda40db288ad2613b49f17b1248f6f2ce,False,True,article-s-objective-preregistration,article-s-objective-implementation,1.2,0.9,24,20260626,5,0.7787952904255702,31.252083480245414,False,0.4211033132596728,ok,24.33897543040189,1.3003278605515707,0.010471488090488812,3545389f2b91d632d249c4f79e63d8e62ab7feb8ba0e3e9db2eade0d86e34a62,0.047265539026333646,0.1634526487064499,0.21744786162935073
7e28542fda40db288ad2613b49f17b1248f6f2ce,False,True,article-s-objective-preregistration,article-s-objective-implementation,1.2,0.9,25,20260627,1,0.9343660899133217,28.091134259179448,True,0.12070587187847989,ok,26.247403278979657,1.4522361696139177,0.010588982645967082,c6914383e7d63a10dba810cd123021dee0f68dc4ef05cc49780e6587add9f25e,0.12070587187847989,0.1634526487064499,0.21744786162935073
7e28542fda40db288ad2613b49f17b1248f6f2ce,False,True,article-s-objective-preregistration,article-s-objective-implementation,1.2,0.9,25,20260627,2,0.7350172957892271,32.32580090604978,False,0.5175662251845428,ok,23.760022766185656,1.2508580212636005,0.010552690809212617,9227c65510a172f0b39967be2e79ac392d607ea6a70bb9ad257dc4d19c6cd490,0.12070587187847989,0.1634526487064499,0.21744786162935073
7e28542fda40db288ad2613b49f17b1248f6f2ce,False,True,article-s-objective-preregistration,article-s-objective-implementation,1.2,0.9,25,20260627,3,0.9494275519982184,27.828899557699227,True,0.1045485404482393,ok,26.421523981870678,1.4613606304865898,0.0106087136614601,a17b8e5a35f81601f478d9db4959919bc792bbc64c9f3483dfa2baca7a175fa5,0.12070587187847989,0.1634526487064499,0.21744786162935073
7e28542fda40db288ad2613b49f17b1248f6f2ce,False,True,article-s-objective-preregistration,article-s-objective-implementation,1.2,0.9,25,20260627,4,0.775231345278391,31.335952167721786,False,0.4394598456278971,ok,24.292612354562273,1.2912064856755636,0.010451345016211366,fa292d487cc01c634e2393e9517bc1e6d2ef917b703203ba402c92bb3703d5dc,0.12070587187847989,0.1634526487064499,0.21744786162935073
7e28542fda40db288ad2613b49f17b1248f6f2ce,False,True,article-s-objective-preregistration,article-s-objective-implementation,1.2,0.9,25,20260627,5,0.9681487808412431,27.511931290708763,True,0.047265539026333646,ok,26.635642737687736,1.4909380479418592,0.01059736413612411,3287a414615cfa36ed9f4d0b47b16f4db3f601984cd7ccbf507fc1228c6575f3,0.12070587187847989,0.1634526487064499,0.21744786162935073
7e28542fda40db288ad2613b49f17b1248f6f2ce,False,True,article-s-objective-preregistration,article-s-objective-implementation,1.2,0.9,26,20260628,1,0.7061003791164151,33.091187864625375,False,0.5896350991159848,ok,23.365700296624492,1.21566379370086,0.010534132305952237,26c0b018af687ce3b916c6d1d524b6baf25c01b1b6ff4c90c1c4c361f0390103,0.1761464744306635,0.1634526487064499,0.21744786162935073
7e28542fda40db288ad2613b49f17b1248f6f2ce,False,True,article-s-objective-preregistration,article-s-objective-implementation,1.2,0.9,26,20260628,2,0.8849031605668767,29.001237953106116,True,0.1761464744306635,ok,25.66328712505566,1.4232662281015067,0.010645689374050082,3608a4673ff7db6c6ac7178b9c1d14f8fc7846572ad8830b317e7a1363c4fc3e,0.1761464744306635,0.1634526487064499,0.21744786162935073
7e28542fda40db288ad2613b49f17b1248f6f2ce,False,True,article-s-objective-preregistration,article-s-objective-implementation,1.2,0.9,26,20260628,3,0.9387634962393465,28.013887293497806,True,0.10717207754063439,ok,26.298414778899005,1.460329234246343,0.01061226570927154,439d0c3787957575e09b80e8d71d620c859df70985ffa54151273366d1085496,0.1761464744306635,0.1634526487064499,0.21744786162935073
7e28542fda40db288ad2613b49f17b1248f6f2ce,False,True,article-s-objective-preregistration,article-s-objective-implementation,1.2,0.9,26,20260628,4,0.964188013976184,27.578181818634715,True,0.07106352732257329,ok,26.590552356783512,1.4794093614867627,0.010591937632622006,aed6a9cbdcc123b17d98b1d24b7b004dfc750759df897cee6809a5b1be6eff84,0.1761464744306635,0.1634526487064499,0.21744786162935073
7e28542fda40db288ad2613b49f17b1248f6f2ce,False,True,article-s-objective-preregistration,article-s-objective-implementation,1.2,0.9,26,20260628,5,0.7350620040806434,32.32465385336576,False,0.5175662251845428,ok,23.760624842668125,1.2508580212636005,0.010552690809212617,9227c65510a172f0b39967be2e79ac392d607ea6a70bb9ad257dc4d19c6cd490,0.1761464744306635,0.1634526487064499,0.21744786162935073
7e28542fda40db288ad2613b49f17b1248f6f2ce,False,True,article-s-objective-preregistration,article-s-objective-implementation,1.2,0.9,27,20260629,1,0.7313919570764065,32.41917627011432,False,0.5272877520220854,ok,23.71112477900391,1.244894831296603,0.010537882861313186,1b1b0c85e4c9427929b4d3fd28543956f341c2367722c52134e977b332d5d15b,0.047265539026333646,0.1634526487064499,0.21744786162935073
7e28542fda40db288ad2613b49f17b1248f6f2ce,False,True,article-s-objective-preregistration,article-s-objective-implementation,1.2,0.9,27,20260629,2,0.719021458537535,32.74328316203042,False,0.5791833365434887,ok,23.543123216470626,1.2214788935745122,0.010553602463598377,7b8c73be2578d79b65147c24bc3a5154b70a79cfdabb5e7c7227e5d75ae0f4c5,0.047265539026333646,0.1634526487064499,0.21744786162935073
7e28542fda40db288ad2613b49f17b1248f6f2ce,False,True,article-s-objective-preregistration,article-s-objective-implementation,1.2,0.9,27,20260629,3,0.9880195079032275,27.185896665744643,True,0.02548646514194377,ok,26.860196245597013,1.5030387000763568,0.010643754785434556,1b2e8fd715c7c9db680cbe93d5bfd73484f70d09e40c8b73b5d0eabfb7175adb,0.047265539026333646,0.1634526487064499,0.21744786162935073
7e28542fda40db288ad2613b49f17b1248f6f2ce,False,True,article-s-objective-preregistration,article-s-objective-implementation,1.2,0.9,27,20260629,4,0.967841719745766,27.51705213053955,True,0.047265539026333646,ok,26.632151056355294,1.4909380479418592,0.01059736413612411,3287a414615cfa36ed9f4d0b47b16f4db3f601984cd7ccbf507fc1228c6575f3,0.047265539026333646,0.1634526487064499,0.21744786162935073
7e28542fda40db288ad2613b49f17b1248f6f2ce,False,True,article-s-objective-preregistration,article-s-objective-implementation,1.2,0.9,27,20260629,5,0.721598278447592,32.67505969143015,False,0.5791833365434887,ok,23.5782668215083,1.2214788935745122,0.010553602463598377,7b8c73be2578d79b65147c24bc3a5154b70a79cfdabb5e7c7227e5d75ae0f4c5,0.047265539026333646,0.1634526487064499,0.21744786162935073
7e28542fda40db288ad2613b49f17b1248f6f2ce,False,True,article-s-objective-preregistration,article-s-objective-implementation,1.2,0.9,28,20260630,1,0.8025571734036316,30.70781790619913,False,0.35896449401300723,ok,24.644779540192598,1.3350577064281683,0.010523184163347743,2d807432de395fbc7230326c63325fd937d1ec7135e110fbf4e2f48a7fc41b1a,0.15859911561954598,0.1634526487064499,0.21744786162935073
7e28542fda40db288ad2613b49f17b1248f6f2ce,False,True,article-s-objective-preregistration,article-s-objective-implementation,1.2,0.9,28,20260630,2,0.8433560161715852,29.829689570268133,False,0.30522964664587154,ok,25.157048159616416,1.3588029040944707,0.01048353188343043,04751eee7adee2592641ff1f4a190bec5e5b00e53eacca635c7203f149438970,0.15859911561954598,0.1634526487064499,0.21744786162935073
7e28542fda40db288ad2613b49f17b1248f6f2ce,False,True,article-s-objective-preregistration,article-s-objective-implementation,1.2,0.9,28,20260630,3,0.6706363553479855,34.09896661586997,False,0.6883934211290543,ok,22.868006692399668,1.1656641208938576,0.010654113879147165,11c3c9e2e63abed685ee5c87f3fc1ff6570fabee39d268175258dc0ea4024520,0.15859911561954598,0.1634526487064499,0.21744786162935073
7e28542fda40db288ad2613b49f17b1248f6f2ce,False,True,article-s-objective-preregistration,article-s-objective-implementation,1.2,0.9,28,20260630,4,0.9073872215890372,28.577881240707324,True,0.15859911561954598,ok,25.931204257906884,1.4331032963861925,0.010604272808499182,2ecff0dc8e27e9404a51af6668d0429b29e451881d60bc99ed217ca770569801,0.15859911561954598,0.1634526487064499,0.21744786162935073
7e28542fda40db288ad2613b49f17b1248f6f2ce,False,True,article-s-objective-preregistration,article-s-objective-implementation,1.2,0.9,28,20260630,5,0.8377174861231798,29.947057954673056,False,0.30522964664587154,ok,25.087174106573887,1.3588029040944707,0.01048353188343043,04751eee7adee2592641ff1f4a190bec5e5b00e53eacca635c7203f149438970,0.15859911561954598,0.1634526487064499,0.21744786162935073
7e28542fda40db288ad2613b49f17b1248f6f2ce,False,True,article-s-objective-preregistration,article-s-objective-implementation,1.2,0.9,29,20260631,1,0.7699682768277631,31.46091012568733,False,0.4568300268630869,ok,24.2239027569086,1.2821901664730813,0.010517208594323257,d084f238b18134768bc99f4e75de9faa767a91628cc194eac24abcda7b697f5f,0.013538636680126715,0.1634526487064499,0.21744786162935073
7e28542fda40db288ad2613b49f17b1248f6f2ce,False,True,article-s-objective-preregistration,article-s-objective-implementation,1.2,0.9,29,20260631,2,0.7935320011511727,30.911543852500156,False,0.3878723527684397,ok,24.52929925194668,1.3179469171339417,0.010474904838599475,77e5ecac6c8db007e71e68c8069bfd3566c1f7f06cbe8c1a23646126b41eede3,0.013538636680126715,0.1634526487064499,0.21744786162935073
7e28542fda40db288ad2613b49f17b1248f6f2ce,False,True,article-s-objective-preregistration,article-s-objective-implementation,1.2,0.9,29,20260631,3,0.9963040192223488,27.05300249910275,True,0.013538636680126715,ok,26.953015121888317,1.5087580687792843,0.01067906110827943,933f8c020f5b2c12202349e803c64bd2e8343a0ff3e78448f43e7f93225b5ed3,0.013538636680126715,0.1634526487064499,0.21744786162935073
7e28542fda40db288ad2613b49f17b1248f6f2ce,False,True,article-s-objective-preregistration,article-s-objective-implementation,1.2,0.9,29,20260631,4,0.696664096341745,33.3515643708825,False,0.6045743201815325,ok,23.234837454024394,1.2080493251798332,0.010586099588629772,1d70a444cbe92c4c0ced396a8db197009f58bade0543070855d62be05fbb1cc6,0.013538636680126715,0.1634526487064499,0.21744786162935073
7e28542fda40db288ad2613b49f17b1248f6f2ce,False,True,article-s-objective-preregistration,article-s-objective-implementation,1.2,0.9,29,20260631,5,0.8462913350274728,29.769074401635372,False,0.30522964664587154,ok,25.193309717892163,1.3588029040944707,0.01048353188343043,04751eee7adee2592641ff1f4a190bec5e5b00e53eacca635c7203f149438970,0.013538636680126715,0.1634526487064499,0.21744786162935073
7e28542fda40db288ad2613b49f17b1248f6f2ce,False,True,article-s-objective-preregistration,article-s-objective-implementation,1.2,0.9,30,20260632,1,0.73379202571189,32.35727915231344,False,0.5175662251845428,ok,23.743513415701184,1.2508580212636005,0.010552690809212617,9227c65510a172f0b39967be2e79ac392d607ea6a70bb9ad257dc4d19c6cd490,0.2417707600923314,0.1634526487064499,0.21744786162935073
7e28542fda40db288ad2613b49f17b1248f6f2ce,False,True,article-s-objective-preregistration,article-s-objective-implementation,1.2,0.9,30,20260632,2,0.8189487658370131,30.34680593426595,False,0.3370292740654485,ok,24.852479266962447,1.3431350884340807,0.010534749727707293,b8ed5494c88bdbec06a02ff4ff9d518d3b0e6f87f385cbf69677fd50cdce41db,0.2417707600923314,0.1634526487064499,0.21744786162935073
7e28542fda40db288ad2613b49f17b1248f6f2ce,False,True,article-s-objective-preregistration,article-s-objective-implementation,1.2,0.9,30,20260632,3,0.8739611687780802,29.21342562568105,True,0.2417707600923314,ok,25.53139960383173,1.3908212237013986,0.010596494839118176,75b5dd72ea6ac96e0133c9d1d2178ab6dd62566e7e5815586d1291603a208713,0.2417707600923314,0.1634526487064499,0.21744786162935073
7e28542fda40db288ad2613b49f17b1248f6f2ce,False,True,article-s-objective-preregistration,article-s-objective-implementation,1.2,0.9,30,20260632,4,0.8989444451014067,28.734902338629812,True,0.1634526487064499,ok,25.83108083784269,1.431250897799507,0.010612372515317325,cde7fcfb15b87d7da3f18e181a838e970298b09221c7c79cce6caa81a35b2e33,0.2417707600923314,0.1634526487064499,0.21744786162935073
7e28542fda40db288ad2613b49f17b1248f6f2ce,False,True,article-s-objective-preregistration,article-s-objective-implementation,1.2,0.9,30,20260632,5,0.8412623242910963,29.87312698615122,False,0.30522964664587154,ok,25.131136242212648,1.3588029040944707,0.01048353188343043,04751eee7adee2592641ff1f4a190bec5e5b00e53eacca635c7203f149438970,0.2417707600923314,0.1634526487064499,0.21744786162935073
7e28542fda40db288ad2613b49f17b1248f6f2ce,False,True,article-s-objective-preregistration,article-s-objective-implementation,1.2,0.9,31,20260633,1,0.8965278570153261,28.7802735859104,True,0.1634526487064499,ok,25.802317002291048,1.431250897799507,0.010612372515317325,cde7fcfb15b87d7da3f18e181a838e970298b09221c7c79cce6caa81a35b2e33,0.2914202400801934,0.1634526487064499,0.21744786162935073
7e28542fda40db288ad2613b49f17b1248f6f2ce,False,True,article-s-objective-preregistration,article-s-objective-implementation,1.2,0.9,31,20260633,2,0.7538505293062681,31.852003742176816,False,0.4874098868438562,ok,24.011649880505225,1.2675031370959602,0.01053836731165303,01fd556d48dfc125715b283a792e320d70c5ad88a48734f76a12efaf72ee762c,0.2914202400801934,0.1634526487064499,0.21744786162935073
7e28542fda40db288ad2613b49f17b1248f6f2ce,False,True,article-s-objective-preregistration,article-s-objective-implementation,1.2,0.9,31,20260633,3,0.6737296370821981,34.007806176014974,False,0.6762586965180277,ok,22.912066912928303,1.1711728610162349,0.010623527007743938,308d1394626628c6a1bcf49155ec0cd0b087a560b53992a280c2dc19d25f0b18,0.2914202400801934,0.1634526487064499,0.21744786162935073
7e28542fda40db288ad2613b49f17b1248f6f2ce,False,True,article-s-objective-preregistration,article-s-objective-implementation,1.2,0.9,31,20260633,4,0.9004827236259976,28.70612087966475,True,0.1634526487064499,ok,25.84936591445763,1.431250897799507,0.010612372515317325,cde7fcfb15b87d7da3f18e181a838e970298b09221c7c79cce6caa81a35b2e33,0.2914202400801934,0.1634526487064499,0.21744786162935073
7e28542fda40db288ad2613b49f17b1248f6f2ce,False,True,article-s-objective-preregistration,article-s-objective-implementation,1.2,0.9,31,20260633,5,0.8549619368215429,29.591929393849515,True,0.2914202400801934,ok,25.299973268851925,1.3652683362424374,0.010530194778005875,d36097c7d5e08a8e68179331e9f787f2febb9c5e4fb779ce8e0f3a4f7c2fb336,0.2914202400801934,0.1634526487064499,0.21744786162935073
7e28542fda40db288ad2613b49f17b1248f6f2ce,False,True,article-s-objective-preregistration,article-s-objective-implementation,1.2,0.9,32,20260634,1,0.9025626142148356,28.66732827167646,True,0.1634526487064499,ok,25.87405874743917,1.431250897799507,0.010612372515317325,cde7fcfb15b87d7da3f18e181a838e970298b09221c7c79cce6caa81a35b2e33,0.1634526487064499,0.1634526487064499,0.21744786162935073
7e28542fda40db288ad2613b49f17b1248f6f2ce,False,True,article-s-objective-preregistration,article-s-objective-implementation,1.2,0.9,32,20260634,2,0.9481536677418891,27.850825129705154,True,0.1045485404482393,ok,26.406861996367915,1.4613606304865898,0.0106087136614601,a17b8e5a35f81601f478d9db4959919bc792bbc64c9f3483dfa2baca7a175fa5,0.1634526487064499,0.1634526487064499,0.21744786162935073
7e28542fda40db288ad2613b49f17b1248f6f2ce,False,True,article-s-objective-preregistration,article-s-objective-implementation,1.2,0.9,32,20260634,3,0.9099258632913818,28.53111473470899,True,0.15212028643435943,ok,25.961199205645542,1.4371391316921407,0.010614391580709981,0558c23725b455bdedc177d92b60af7c9dee34c81766313f24486ca102a76215,0.1634526487064499,0.1634526487064499,0.21744786162935073
7e28542fda40db288ad2613b49f17b1248f6f2ce,False,True,article-s-objective-preregistration,article-s-objective-implementation,1.2,0.9,32,20260634,4,0.7526250211140937,31.88227270567419,False,0.4882532986647155,ok,23.99539616827333,1.2671818613635155,0.010539860672953871,315a75c89fc27a1a9168c5dc6a40ed43c16a0a65aa81417260fec4f413e547cc,0.1634526487064499,0.1634526487064499,0.21744786162935073
7e28542fda40db288ad2613b49f17b1248f6f2ce,False,True,article-s-objective-preregistration,article-s-objective-implementation,1.2,0.9,32,20260634,5,0.9658571388203859,27.55021070726264,True,0.07106352732257329,ok,26.609567687615453,1.4794093614867627,0.010591937632622006,aed6a9cbdcc123b17d98b1d24b7b004dfc750759df897cee6809a5b1be6eff84,0.1634526487064499,0.1634526487064499,0.21744786162935073
7e28542fda40db288ad2613b49f17b1248f6f2ce,False,True,article-s-objective-preregistration,article-s-objective-implementation,1.2,0.9,33,20260635,1,0.7062245079856967,33.08779874150423,False,0.5896350991159848,ok,23.367414386548578,1.21566379370086,0.010534132305952237,26c0b018af687ce3b916c6d1d524b6baf25c01b1b6ff4c90c1c4c361f0390103,0.17597924124533793,0.1634526487064499,0.21744786162935073
7e28542fda40db288ad2613b49f17b1248f6f2ce,False,True,article-s-objective-preregistration,article-s-objective-implementation,1.2,0.9,33,20260635,2,0.9052541551715118,28.617335445558655,True,0.15859911561954598,ok,25.90596182202896,1.4331032963861925,0.010604272808499182,2ecff0dc8e27e9404a51af6668d0429b29e451881d60bc99ed217ca770569801,0.17597924124533793,0.1634526487064499,0.21744786162935073
7e28542fda40db288ad2613b49f17b1248f6f2ce,False,True,article-s-objective-preregistration,article-s-objective-implementation,1.2,0.9,33,20260635,3,0.7995769872738449,30.7746929787084,False,0.35896449401300723,ok,24.60673629619321,1.3350577064281683,0.010523184163347743,2d807432de395fbc7230326c63325fd937d1ec7135e110fbf4e2f48a7fc41b1a,0.17597924124533793,0.1634526487064499,0.21744786162935073
7e28542fda40db288ad2613b49f17b1248f6f2ce,False,True,article-s-objective-preregistration,article-s-objective-implementation,1.2,0.9,33,20260635,4,0.7397308318169095,32.20546228365288,False,0.4950651404910288,ok,23.82337340413465,1.2628628918815223,0.010530244544819212,367257d80f72426e8154c786f5a7a030c192ecfb20053bd56dcdb94fd48f7787,0.17597924124533793,0.1634526487064499,0.21744786162935073
7e28542fda40db288ad2613b49f17b1248f6f2ce,False,True,article-s-objective-preregistration,article-s-objective-implementation,1.2,0.9,33,20260635,5,0.8853749768729142,28.992181040214305,True,0.17597924124533793,ok,25.668951617975083,1.4233754211252516,0.01064592707825307,eedde0b36d2c745d1cdeec81c9be1e33254739658b3b29809ced9a65220788ad,0.17597924124533793,0.1634526487064499,0.21744786162935073
7e28542fda40db288ad2613b49f17b1248f6f2ce,False,True,article-s-objective-preregistration,article-s-objective-implementation,1.2,0.9,34,20260636,1,0.7014147359575894,33.219800644842536,False,0.5896350991159848,ok,23.300857697865986,1.21566379370086,0.010534132305952237,26c0b018af687ce3b916c6d1d524b6baf25c01b1b6ff4c90c1c4c361f0390103,0.07106352732257329,0.1634526487064499,0.21744786162935073
7e28542fda40db288ad2613b49f17b1248f6f2ce,False,True,article-s-objective-preregistration,article-s-objective-implementation,1.2,0.9,34,20260636,2,0.770922261040017,31.438161662772252,False,0.45159163186170664,ok,24.236378672005966,1.286146987608743,0.010475446489127016,5dba2778b56e4e02cf77f4353e002f04833c7e436ab897db340aa30eefc23d36,0.07106352732257329,0.1634526487064499,0.21744786162935073
7e28542fda40db288ad2613b49f17b1248f6f2ce,False,True,article-s-objective-preregistration,article-s-objective-implementation,1.2,0.9,34,20260636,3,0.8003750625620929,30.756746156699286,False,0.35896449401300723,ok,24.616932629374602,1.3350577064281683,0.010523184163347743,2d807432de395fbc7230326c63325fd937d1ec7135e110fbf4e2f48a7fc41b1a,0.07106352732257329,0.1634526487064499,0.21744786162935073
7e28542fda40db288ad2613b49f17b1248f6f2ce,False,True,article-s-objective-preregistration,article-s-objective-implementation,1.2,0.9,34,20260636,4,0.9641429490007104,27.578938072643616,True,0.07106352732257329,ok,26.590038683666585,1.4794093614867627,0.010591937632622006,aed6a9cbdcc123b17d98b1d24b7b004dfc750759df897cee6809a5b1be6eff84,0.07106352732257329,0.1634526487064499,0.21744786162935073
7e28542fda40db288ad2613b49f17b1248f6f2ce,False,True,article-s-objective-preregistration,article-s-objective-implementation,1.2,0.9,34,20260636,5,0.7353090735695518,32.31831690029069,False,0.5175662251845428,ok,23.763951659279936,1.2508580212636005,0.010552690809212617,9227c65510a172f0b39967be2e79ac392d607ea6a70bb9ad257dc4d19c6cd490,0.07106352732257329,0.1634526487064499,0.21744786162935073
7e28542fda40db288ad2613b49f17b1248f6f2ce,False,True,article-s-objective-preregistration,article-s-objective-implementation,1.2,0.9,35,20260637,1,0.8485022404505211,29.723635384250716,False,0.2993682204029082,ok,25.220571217871118,1.3624507140560238,0.010492340685841484,d7a282d3ba36a9820b07b7caae130509ea56b228bebdef3b863d504e5f194f2e,0.2914202400801934,0.1634526487064499,0.21744786162935073
7e28542fda40db288ad2613b49f17b1248f6f2ce,False,True,article-s-objective-preregistration,article-s-objective-implementation,1.2,0.9,35,20260637,2,0.8536119815795402,29.619324462834225,True,0.2914202400801934,ok,25.28341024776727,1.3652683362424374,0.010530194778005875,d36097c7d5e08a8e68179331e9f787f2febb9c5e4fb779ce8e0f3a4f7c2fb336,0.2914202400801934,0.1634526487064499,0.21744786162935073
7e28542fda40db288ad2613b49f17b1248f6f2ce,False,True,article-s-objective-preregistration,article-s-objective-implementation,1.2,0.9,35,20260637,3,0.7169126150966025,32.79939956740694,False,0.5791833365434887,ok,23.51430331746808,1.2214788935745122,0.010553602463598377,7b8c73be2578d79b65147c24bc3a5154b70a79cfdabb5e7c7227e5d75ae0f4c5,0.2914202400801934,0.1634526487064499,0.21744786162935073
7e28542fda40db288ad2613b49f17b1248f6f2ce,False,True,article-s-objective-preregistration,article-s-objective-implementation,1.2,0.9,35,20260637,4,0.8365335899665216,29.971858341892162,False,0.3091569483158976,ok,25.07246625671109,1.3563041109629814,0.010477891656756722,e385c531c69aa085dfd620d90296e0e7c67aeecb43f2acc3e7c7dda2674c9103,0.2914202400801934,0.1634526487064499,0.21744786162935073
7e28542fda40db288ad2613b49f17b1248f6f2ce,False,True,article-s-objective-preregistration,article-s-objective-implementation,1.2,0.9,35,20260637,5,0.8078235205207277,30.5905842632863,False,0.35896449401300723,ok,24.71179347435391,1.3350577064281683,0.010523184163347743,2d807432de395fbc7230326c63325fd937d1ec7135e110fbf4e2f48a7fc41b1a,0.2914202400801934,0.1634526487064499,0.21744786162935073
7e28542fda40db288ad2613b49f17b1248f6f2ce,False,True,article-s-objective-preregistration,article-s-objective-implementation,1.2,0.9,36,20260638,1,0.9226802495677139,28.299220825008508,True,0.14164246533939773,ok,26.111132133390697,1.4416255895499077,0.010600995471975683,2909971a8d6bbddf4ecf5e9ebe1adf7a36efc50694e07936f53449703868a621,0.17597924124533793,0.1634526487064499,0.21744786162935073
7e28542fda40db288ad2613b49f17b1248f6f2ce,False,True,article-s-objective-preregistration,article-s-objective-implementation,1.2,0.9,36,20260638,2,0.6811379385796476,33.79208937820894,False,0.6419151808925584,ok,23.017074099372444,1.1879874939636488,0.010564523884010413,c1d2a75822a3edd7f4f05b9c648817d2d50d779379ccee3359d2bd52b333bcf6,0.17597924124533793,0.1634526487064499,0.21744786162935073
7e28542fda40db288ad2613b49f17b1248f6f2ce,False,True,article-s-objective-preregistration,article-s-objective-implementation,1.2,0.9,36,20260638,3,0.7783241901590701,31.263135334855267,False,0.4327020335968077,ok,24.332854491334633,1.2943144861709304,0.010445640338646367,89fbdd6526889fb314621798c6857ee65b2f03b0f938adbf4758300f8f39b66d,0.17597924124533793,0.1634526487064499,0.21744786162935073
7e28542fda40db288ad2613b49f17b1248f6f2ce,False,True,article-s-objective-preregistration,article-s-objective-implementation,1.2,0.9,36,20260638,4,0.8854986446660807,28.989808384446217,True,0.17597924124533793,ok,25.67043603355651,1.4233754211252516,0.01064592707825307,eedde0b36d2c745d1cdeec81c9be1e33254739658b3b29809ced9a65220788ad,0.17597924124533793,0.1634526487064499,0.21744786162935073
7e28542fda40db288ad2613b49f17b1248f6f2ce,False,True,article-s-objective-preregistration,article-s-objective-implementation,1.2,0.9,36,20260638,5,0.7656281405974078,31.56496064370988,False,0.47557626074355863,ok,24.167022125673952,1.2733799306305214,0.010568168838403835,77a3db29dec470ca7785102d15f2692b5a106fd90a81b2119c9f3866b755b803,0.17597924124533793,0.1634526487064499,0.21744786162935073
7e28542fda40db288ad2613b49f17b1248f6f2ce,False,True,article-s-objective-preregistration,article-s-objective-implementation,1.2,0.9,37,20260639,1,0.9375467388296117,28.0352044047526,True,0.11730912663479444,ok,26.284314462097367,1.4543833603514122,0.010594135897897594,e6fcefe90cb01e6e974ce73a02534f13ebc11db3b45d785baa003065a47bffcf,0.15212028643435943,0.1634526487064499,0.21744786162935073
7e28542fda40db288ad2613b49f17b1248f6f2ce,False,True,article-s-objective-preregistration,article-s-objective-implementation,1.2,0.9,37,20260639,2,0.9590842470256897,27.66418574318105,True,0.08756605380305539,ok,26.53228475307762,1.47124659917543,0.010639955983239968,905f77f941402da94bfd3a7fe63c4ebe8e381ddd20b2cc5e50f0c7f728c93d0f,0.15212028643435943,0.1634526487064499,0.21744786162935073
7e28542fda40db288ad2613b49f17b1248f6f2ce,False,True,article-s-objective-preregistration,article-s-objective-implementation,1.2,0.9,37,20260639,3,0.6801818453152173,33.81972466674209,False,0.6419151808925584,ok,23.003562731877206,1.1879874939636488,0.010564523884010413,c1d2a75822a3edd7f4f05b9c648817d2d50d779379ccee3359d2bd52b333bcf6,0.15212028643435943,0.1634526487064499,0.21744786162935073
7e28542fda40db288ad2613b49f17b1248f6f2ce,False,True,article-s-objective-preregistration,article-s-objective-implementation,1.2,0.9,37,20260639,4,0.9113090680488387,28.505719681615265,True,0.15212028643435943,ok,25.977520837114245,1.4371391316921407,0.010614391580709981,0558c23725b455bdedc177d92b60af7c9dee34c81766313f24486ca102a76215,0.15212028643435943,0.1634526487064499,0.21744786162935073
7e28542fda40db288ad2613b49f17b1248f6f2ce,False,True,article-s-objective-preregistration,article-s-objective-implementation,1.2,0.9,37,20260639,5,0.9562328974589502,27.71254852620081,True,0.09285484568280522,ok,26.499650573180762,1.4679697430193872,0.010631550355975516,f96d40f5bcc970440b7fe5f05f532a044dd8b16d60ddcad8952116a886ec56ed,0.15212028643435943,0.1634526487064499,0.21744786162935073
7e28542fda40db288ad2613b49f17b1248f6f2ce,False,True,article-s-objective-preregistration,article-s-objective-implementation,1.2,0.9,38,20260640,1,0.672079718412742,34.05634927494257,False,0.6883934211290543,ok,22.888581630869393,1.1656641208938576,0.010654113879147165,11c3c9e2e63abed685ee5c87f3fc1ff6570fabee39d268175258dc0ea4024520,0.21744786162935073,0.1634526487064499,0.21744786162935073
7e28542fda40db288ad2613b49f17b1248f6f2ce,False,True,article-s-objective-preregistration,article-s-objective-implementation,1.2,0.9,38,20260640,2,0.8155190086565243,30.421405333207545,False,0.3471651941556307,ok,24.809234319275717,1.3390892165756367,0.01055333148451032,86a0dfd7c2a3180c66260187e2a75bfc5c9120402fb52e765ea182185271f04c,0.21744786162935073,0.1634526487064499,0.21744786162935073
7e28542fda40db288ad2613b49f17b1248f6f2ce,False,True,article-s-objective-preregistration,article-s-objective-implementation,1.2,0.9,38,20260640,3,0.7243900932713417,32.60156961941921,False,0.5450234120125432,ok,23.61625405740322,1.236182470727858,0.010537026497449364,882ad909eff33a6f2915705c0daa08947b72956b51fe6e20a7caa23d693844b0,0.21744786162935073,0.1634526487064499,0.21744786162935073
7e28542fda40db288ad2613b49f17b1248f6f2ce,False,True,article-s-objective-preregistration,article-s-objective-implementation,1.2,0.9,38,20260640,4,0.8788074653616713,29.118934979510147,True,0.21744786162935073,ok,25.589937443374623,1.40370055492852,0.010653392886750268,ebabd026fa1c8c2e1532a4367140581559650d2baec35168fdf3790ad3c6a564,0.21744786162935073,0.1634526487064499,0.21744786162935073
7e28542fda40db288ad2613b49f17b1248f6f2ce,False,True,article-s-objective-preregistration,article-s-objective-implementation,1.2,0.9,38,20260640,5,0.8961819602140745,28.78678347679437,True,0.1634526487064499,ok,25.798196044491707,1.431250897799507,0.010612372515317325,cde7fcfb15b87d7da3f18e181a838e970298b09221c7c79cce6caa81a35b2e33,0.21744786162935073,0.1634526487064499,0.21744786162935073
7e28542fda40db288ad2613b49f17b1248f6f2ce,False,True,article-s-objective-preregistration,article-s-objective-implementation,1.2,0.9,39,20260641,1,0.7772728254676198,31.287837632152872,False,0.4374935803952212,ok,24.319185959115586,1.2924870988106625,0.010453972244359289,0c14b00fb9f4c96b463db1aac1325c2065f2dbf43b9c0eccaeb55dc477ffc37e,0.1501177311523351,0.1634526487064499,0.21744786162935073
7e28542fda40db288ad2613b49f17b1248f6f2ce,False,True,article-s-objective-preregistration,article-s-objective-implementation,1.2,0.9,39,20260641,2,0.8023739617819167,30.7119179703787,False,0.35896449401300723,ok,24.642443295813997,1.3350577064281683,0.010523184163347743,2d807432de395fbc7230326c63325fd937d1ec7135e110fbf4e2f48a7fc41b1a,0.1501177311523351,0.1634526487064499,0.21744786162935073
7e28542fda40db288ad2613b49f17b1248f6f2ce,False,True,article-s-objective-preregistration,article-s-objective-implementation,1.2,0.9,39,20260641,3,0.921603033316932,28.31861110093436,True,0.14164246533939773,ok,26.09851788994365,1.4416255895499077,0.010600995471975683,2909971a8d6bbddf4ecf5e9ebe1adf7a36efc50694e07936f53449703868a621,0.1501177311523351,0.1634526487064499,0.21744786162935073
7e28542fda40db288ad2613b49f17b1248f6f2ce,False,True,article-s-objective-preregistration,article-s-objective-implementation,1.2,0.9,39,20260641,4,0.9588387978874984,27.66833998587559,True,0.08756605380305539,ok,26.529477851599555,1.47124659917543,0.010639955983239968,905f77f941402da94bfd3a7fe63c4ebe8e381ddd20b2cc5e50f0c7f728c93d0f,0.1501177311523351,0.1634526487064499,0.21744786162935073
7e28542fda40db288ad2613b49f17b1248f6f2ce,False,True,article-s-objective-preregistration,article-s-objective-implementation,1.2,0.9,39,20260641,5,0.9138848838893354,28.458589782790845,True,0.1501177311523351,ok,26.007875019300037,1.4382858690517226,0.010615754594332394,508720285d442da6712afa159529d21cf9cda6652e4f7ebfdf525637322561c2,0.1501177311523351,0.1634526487064499,0.21744786162935073
7e28542fda40db288ad2613b49f17b1248f6f2ce,False,True,article-s-objective-preregistration,article-s-objective-implementation,1.2,0.9,40,20260642,1,0.9105092365926201,28.520396859123192,True,0.15212028643435943,ok,25.968084771518818,1.4371391316921407,0.010614391580709981,0558c23725b455bdedc177d92b60af7c9dee34c81766313f24486ca102a76215,0.26231289076960035,0.1634526487064499,0.21744786162935073
7e28542fda40db288ad2613b49f17b1248f6f2ce,False,True,article-s-objective-preregistration,article-s-objective-implementation,1.2,0.9,40,20260642,2,0.8701059637995832,29.2891810205737,True,0.26231289076960035,ok,25.484691080806737,1.3804611888400995,0.010541819006659292,6b25c4649ce30e108be98c9b4880aa8e455bf7935ba8d27d891724dd9d86b42b,0.26231289076960035,0.1634526487064499,0.21744786162935073
7e28542fda40db288ad2613b49f17b1248f6f2ce,False,True,article-s-objective-preregistration,article-s-objective-implementation,1.2,0.9,40,20260642,3,0.9118021295787183,28.496681913458453,True,0.15212028643435943,ok,25.983335254618762,1.4371391316921407,0.010614391580709981,0558c23725b455bdedc177d92b60af7c9dee34c81766313f24486ca102a76215,0.26231289076960035,0.1634526487064499,0.21744786162935073
7e28542fda40db288ad2613b49f17b1248f6f2ce,False,True,article-s-objective-preregistration,article-s-objective-implementation,1.2,0.9,40,20260642,4,0.7457082064829041,32.05456052452538,False,0.48831496192357915,ok,23.90334883834152,1.2671412791377443,0.010539780036162405,c5c7086a79d1d265cf3c395d0433cde365ed72a80b8716b06b53eb33b094ca62,0.26231289076960035,0.1634526487064499,0.21744786162935073
7e28542fda40db288ad2613b49f17b1248f6f2ce,False,True,article-s-objective-preregistration,article-s-objective-implementation,1.2,0.9,40,20260642,5,0.804357563315208,30.667604830807143,False,0.35896449401300723,ok,24.667719894421737,1.3350577064281683,0.010523184163347743,2d807432de395fbc7230326c63325fd937d1ec7135e110fbf4e2f48a7fc41b1a,0.26231289076960035,0.1634526487064499,0.21744786162935073
7e28542fda40db288ad2613b49f17b1248f6f2ce,False,True,article-s-objective-preregistration,article-s-objective-implementation,1.2,0.9,41,20260643,1,0.8268858832066097,30.176025823237254,False,0.3347909626715648,ok,24.952129764513,1.3445791210999645,0.010537875856798884,eb679381974b96a36125ea4804899356381aa2fd5e1ecae9c9f82b2e8974615b,0.15212028643435943,0.1634526487064499,0.21744786162935073
7e28542fda40db288ad2613b49f17b1248f6f2ce,False,True,article-s-objective-preregistration,article-s-objective-implementation,1.2,0.9,41,20260643,2,0.9097208198265385,28.53488440668765,True,0.15212028643435943,ok,25.958778436107398,1.4371391316921407,0.010614391580709981,0558c23725b455bdedc177d92b60af7c9dee34c81766313f24486ca102a76215,0.15212028643435943,0.1634526487064499,0.21744786162935073
7e28542fda40db288ad2613b49f17b1248f6f2ce,False,True,article-s-objective-preregistration,article-s-objective-implementation,1.2,0.9,41,20260643,3,0.7809120857682017,31.202552462876447,False,0.4211033132596728,ok,24.366450325076585,1.3003278605515707,0.010471488090488812,3545389f2b91d632d249c4f79e63d8e62ab7feb8ba0e3e9db2eade0d86e34a62,0.15212028643435943,0.1634526487064499,0.21744786162935073
7e28542fda40db288ad2613b49f17b1248f6f2ce,False,True,article-s-objective-preregistration,article-s-objective-implementation,1.2,0.9,41,20260643,4,0.7146863057748701,32.85892039111634,False,0.5791833365434887,ok,23.48382042607749,1.2214788935745122,0.010553602463598377,7b8c73be2578d79b65147c24bc3a5154b70a79cfdabb5e7c7227e5d75ae0f4c5,0.15212028643435943,0.1634526487064499,0.21744786162935073
7e28542fda40db288ad2613b49f17b1248f6f2ce,False,True,article-s-objective-preregistration,article-s-objective-implementation,1.2,0.9,41,20260643,5,0.769543444204542,31.471054708381082,False,0.46768115448976116,ok,24.218343833037146,1.2764629730622121,0.010553714988689844,56c570ddbf173d7756ed27f43dda42235d9dd8d6ccfda264e8aaf667e3dbbcf8,0.15212028643435943,0.1634526487064499,0.21744786162935073
7e28542fda40db288ad2613b49f17b1248f6f2ce,False,True,article-s-objective-preregistration,article-s-objective-implementation,1.2,0.9,42,20260644,1,0.9740150528572875,27.41458874007273,True,0.045257037370635245,ok,26.70222210072274,1.492204881944244,0.010600462508664421,df62b2a3bca9840576514e87aa41e031cf6212da600f14e7eab31f1f3db26310,0.2717229394838042,0.1634526487064499,0.21744786162935073
7e28542fda40db288ad2613b49f17b1248f6f2ce,False,True,article-s-objective-preregistration,article-s-objective-implementation,1.2,0.9,42,20260644,2,0.9321239628055765,28.13074102277439,True,0.12070587187847989,ok,26.221337798805862,1.4522361696139177,0.010588982645967082,c6914383e7d63a10dba810cd123021dee0f68dc4ef05cc49780e6587add9f25e,0.2717229394838042,0.1634526487064499,0.21744786162935073
7e28542fda40db288ad2613b49f17b1248f6f2ce,False,True,article-s-objective-preregistration,article-s-objective-implementation,1.2,0.9,42,20260644,3,0.7023439349061846,33.194190030505474,False,0.5896350991159848,ok,23.31373804204886,1.21566379370086,0.010534132305952237,26c0b018af687ce3b916c6d1d524b6baf25c01b1b6ff4c90c1c4c361f0390103,0.2717229394838042,0.1634526487064499,0.21744786162935073
7e28542fda40db288ad2613b49f17b1248f6f2ce,False,True,article-s-objective-preregistration,article-s-objective-implementation,1.2,0.9,42,20260644,4,0.8638216137448925,29.41380370554814,True,0.2717229394838042,ok,25.408279383302094,1.374877711753057,0.010525932959493112,05d3095cb60b752b7e51cbc874a2da1c4533940dc4b2417e56abd6235f93d399,0.2717229394838042,0.1634526487064499,0.21744786162935073
7e28542fda40db288ad2613b49f17b1248f6f2ce,False,True,article-s-objective-preregistration,article-s-objective-implementation,1.2,0.9,42,20260644,5,0.8110700120761924,30.518907178682646,False,0.3528375801661414,ok,24.75297041396633,1.3369005158758365,0.010563244657532334,4d8523602ee59d00dc4f7ca6075c4687e54b7db276f426db7167a175fea1cdaa,0.2717229394838042,0.1634526487064499,0.21744786162935073
7e28542fda40db288ad2613b49f17b1248f6f2ce,False,True,article-s-objective-preregistration,article-s-objective-implementation,1.2,0.9,43,20260645,1,0.8807458909437673,29.08136893522794,True,0.18910214185323748,ok,25.61329619272173,1.4172719211728668,0.010676153827930523,3fd1cb1da4df8e762f2787a65814941e6d852d5a3158e605b213d92688ad0a45,0.18910214185323748,0.1634526487064499,0.21744786162935073
7e28542fda40db288ad2613b49f17b1248f6f2ce,False,True,article-s-objective-preregistration,article-s-objective-implementation,1.2,0.9,43,20260645,2,0.8433738474024066,29.829320353929795,False,0.30522964664587154,ok,25.157268672292687,1.3588029040944707,0.01048353188343043,04751eee7adee2592641ff1f4a190bec5e5b00e53eacca635c7203f149438970,0.18910214185323748,0.1634526487064499,0.21744786162935073
7e28542fda40db288ad2613b49f17b1248f6f2ce,False,True,article-s-objective-preregistration,article-s-objective-implementation,1.2,0.9,43,20260645,3,0.8380779361672613,29.93951809088535,False,0.30522964664587154,ok,25.09164953145158,1.3588029040944707,0.01048353188343043,04751eee7adee2592641ff1f4a190bec5e5b00e53eacca635c7203f149438970,0.18910214185323748,0.1634526487064499,0.21744786162935073
7e28542fda40db288ad2613b49f17b1248f6f2ce,False,True,article-s-objective-preregistration,article-s-objective-implementation,1.2,0.9,43,20260645,4,0.7326854756547675,32.385777640478,False,0.5256903460060417,ok,23.728588894963156,1.2459542753337607,0.010539929603100351,2dc512e8aada8eed90113124f3ac917c7efad549dce0b46e767116173be86e49,0.18910214185323748,0.1634526487064499,0.21744786162935073
7e28542fda40db288ad2613b49f17b1248f6f2ce,False,True,article-s-objective-preregistration,article-s-objective-implementation,1.2,0.9,43,20260645,5,0.7525916750767635,31.88309739467826,False,0.4882532986647155,ok,23.994953674896504,1.2671818613635155,0.010539860672953871,315a75c89fc27a1a9168c5dc6a40ed43c16a0a65aa81417260fec4f413e547cc,0.18910214185323748,0.1634526487064499,0.21744786162935073
7e28542fda40db288ad2613b49f17b1248f6f2ce,False,True,article-s-objective-preregistration,article-s-objective-implementation,1.2,0.9,44,20260646,1,0.7749478777384973,31.34264867098032,False,0.4394598456278971,ok,24.288919070279533,1.2912064856755636,0.010451345016211366,fa292d487cc01c634e2393e9517bc1e6d2ef917b703203ba402c92bb3703d5dc,0.08756605380305539,0.1634526487064499,0.21744786162935073
7e28542fda40db288ad2613b49f17b1248f6f2ce,False,True,article-s-objective-preregistration,article-s-objective-implementation,1.2,0.9,44,20260646,2,0.9585956816667766,27.672456394949194,True,0.08756605380305539,ok,26.526697201310473,1.47124659917543,0.010639955983239968,905f77f941402da94bfd3a7fe63c4ebe8e381ddd20b2cc5e50f0c7f728c93d0f,0.08756605380305539,0.1634526487064499,0.21744786162935073
7e28542fda40db288ad2613b49f17b1248f6f2ce,False,True,article-s-objective-preregistration,article-s-objective-implementation,1.2,0.9,44,20260646,3,0.8432673367964219,29.8315259611419,False,0.30522964664587154,ok,25.155951449825448,1.3588029040944707,0.01048353188343043,04751eee7adee2592641ff1f4a190bec5e5b00e53eacca635c7203f149438970,0.08756605380305539,0.1634526487064499,0.21744786162935073
7e28542fda40db288ad2613b49f17b1248f6f2ce,False,True,article-s-objective-preregistration,article-s-objective-implementation,1.2,0.9,44,20260646,4,0.7714514560068043,31.425561513344185,False,0.45159163186170664,ok,24.243295185300763,1.286146987608743,0.010475446489127016,5dba2778b56e4e02cf77f4353e002f04833c7e436ab897db340aa30eefc23d36,0.08756605380305539,0.1634526487064499,0.21744786162935073
7e28542fda40db288ad2613b49f17b1248f6f2ce,False,True,article-s-objective-preregistration,article-s-objective-implementation,1.2,0.9,44,20260646,5,0.7421778467887556,32.14345779381747,False,0.48831496192357915,ok,23.856162293760693,1.2671412791377443,0.010539780036162405,c5c7086a79d1d265cf3c395d0433cde365ed72a80b8716b06b53eb33b094ca62,0.08756605380305539,0.1634526487064499,0.21744786162935073
7e28542fda40db288ad2613b49f17b1248f6f2ce,False,True,article-s-objective-preregistration,article-s-objective-implementation,1.2,0.9,45,20260647,1,0.9386592551298998,28.015711854133606,True,0.10717207754063439,ok,26.297207220934954,1.460329234246343,0.01061226570927154,439d0c3787957575e09b80e8d71d620c859df70985ffa54151273366d1085496,0.1634526487064499,0.1634526487064499,0.21744786162935073
7e28542fda40db288ad2613b49f17b1248f6f2ce,False,True,article-s-objective-preregistration,article-s-objective-implementation,1.2,0.9,45,20260647,2,0.8957044537069598,28.795776787743442,True,0.1634526487064499,ok,25.792505516733293,1.431250897799507,0.010612372515317325,cde7fcfb15b87d7da3f18e181a838e970298b09221c7c79cce6caa81a35b2e33,0.1634526487064499,0.1634526487064499,0.21744786162935073
7e28542fda40db288ad2613b49f17b1248f6f2ce,False,True,article-s-objective-preregistration,article-s-objective-implementation,1.2,0.9,45,20260647,3,0.9693782347093954,27.491453367540554,True,0.047265539026333646,ok,26.649616535022126,1.4909380479418592,0.01059736413612411,3287a414615cfa36ed9f4d0b47b16f4db3f601984cd7ccbf507fc1228c6575f3,0.1634526487064499,0.1634526487064499,0.21744786162935073
7e28542fda40db288ad2613b49f17b1248f6f2ce,False,True,article-s-objective-preregistration,article-s-objective-implementation,1.2,0.9,45,20260647,4,0.7560617602207507,31.797581539431118,False,0.4874098868438562,ok,24.040935469465136,1.2675031370959602,0.01053836731165303,01fd556d48dfc125715b283a792e320d70c5ad88a48734f76a12efaf72ee762c,0.1634526487064499,0.1634526487064499,0.21744786162935073
7e28542fda40db288ad2613b49f17b1248f6f2ce,False,True,article-s-objective-preregistration,article-s-objective-implementation,1.2,0.9,45,20260647,5,0.7250672855084463,32.583809851552125,False,0.535577411056913,ok,23.62545456058827,1.2417004907077023,0.010552958736984586,ab7bfcaba08c0ecd886733613694035a4ba2f80a17cf0a8fd7174a770b924f16,0.1634526487064499,0.1634526487064499,0.21744786162935073
7e28542fda40db288ad2613b49f17b1248f6f2ce,False,True,article-s-objective-preregistration,article-s-objective-implementation,1.2,0.9,46,20260648,1,0.7857622364019132,31.089848599184776,False,0.41769204734423204,ok,24.429228964692317,1.3025253181428584,0.010476175817657474,78a32e34e224197c81e0c6f3218afca8d432ae2a3affb4a64410572fb4072199,0.12070587187847989,0.1634526487064499,0.21744786162935073
7e28542fda40db288ad2613b49f17b1248f6f2ce,False,True,article-s-objective-preregistration,article-s-objective-implementation,1.2,0.9,46,20260648,2,0.759776115293919,31.706720115855493,False,0.4763641927991961,ok,24.090008638336244,1.2728622902975277,0.010567129710090661,4644eafd002f6e8fec66939cd9cfa8a0126d84e3a50d09c6abaf2c62401cc673,0.12070587187847989,0.1634526487064499,0.21744786162935073
7e28542fda40db288ad2613b49f17b1248f6f2ce,False,True,article-s-objective-preregistration,article-s-objective-implementation,1.2,0.9,46,20260648,3,0.8474059013701833,29.74614439635453,False,0.2993682204029082,ok,25.20705830448044,1.3624507140560238,0.010492340685841484,d7a282d3ba36a9820b07b7caae130509ea56b228bebdef3b863d504e5f194f2e,0.12070587187847989,0.1634526487064499,0.21744786162935073
7e28542fda40db288ad2613b49f17b1248f6f2ce,False,True,article-s-objective-preregistration,article-s-objective-implementation,1.2,0.9,46,20260648,4,0.9348543334034382,28.082529340301395,True,0.12070587187847989,ok,26.253074246709954,1.4522361696139177,0.010588982645967082,c6914383e7d63a10dba810cd123021dee0f68dc4ef05cc49780e6587add9f25e,0.12070587187847989,0.1634526487064499,0.21744786162935073
7e28542fda40db288ad2613b49f17b1248f6f2ce,False,True,article-s-objective-preregistration,article-s-objective-implementation,1.2,0.9,46,20260648,5,0.8065853979916615,30.61803852182558,False,0.35896449401300723,ok,24.696062786850707,1.3350577064281683,0.010523184163347743,2d807432de395fbc7230326c63325fd937d1ec7135e110fbf4e2f48a7fc41b1a,0.12070587187847989,0.1634526487064499,0.21744786162935073
7e28542fda40db288ad2613b49f17b1248f6f2ce,False,True,article-s-objective-preregistration,article-s-objective-implementation,1.2,0.9,47,20260649,1,0.7786476825289519,31.255545191107107,False,0.4211033132596728,ok,24.337057829234475,1.3003278605515707,0.010471488090488812,3545389f2b91d632d249c4f79e63d8e62ab7feb8ba0e3e9db2eade0d86e34a62,0.2824397134502154,0.1634526487064499,0.21744786162935073
7e28542fda40db288ad2613b49f17b1248f6f2ce,False,True,article-s-objective-preregistration,article-s-objective-implementation,1.2,0.9,47,20260649,2,0.8600250572704147,29.489782339110263,True,0.2824397134502154,ok,25.361951745085367,1.3707873798132217,0.010544199220579475,4e4c0b87d6c7c965d757f4aae4ac53dd5ea5117700c42f9feae54cf2f9f2666f,0.2824397134502154,0.1634526487064499,0.21744786162935073
7e28542fda40db288ad2613b49f17b1248f6f2ce,False,True,article-s-objective-preregistration,article-s-objective-implementation,1.2,0.9,47,20260649,3,0.7889513078895016,31.016332790983537,False,0.40414446719800173,ok,24.4703763213825,1.3085949953529272,0.01044554978417267,810ef0ab8011aa4b5739bf9b75595527542290d9fd75ca647c0f48b5adfb8e0d,0.2824397134502154,0.1634526487064499,0.21744786162935073
7e28542fda40db288ad2613b49f17b1248f6f2ce,False,True,article-s-objective-preregistration,article-s-objective-implementation,1.2,0.9,47,20260649,4,0.8215001979277852,30.29162653769572,False,0.3370292740654485,ok,24.884577196271582,1.3431350884340807,0.010534749727707293,b8ed5494c88bdbec06a02ff4ff9d518d3b0e6f87f385cbf69677fd50cdce41db,0.2824397134502154,0.1634526487064499,0.21744786162935073
7e28542fda40db288ad2613b49f17b1248f6f2ce,False,True,article-s-objective-preregistration,article-s-objective-implementation,1.2,0.9,47,20260649,5,0.7524080899817701,31.88763870075218,False,0.4882532986647155,ok,23.992517328861723,1.2671818613635155,0.010539860672953871,315a75c89fc27a1a9168c5dc6a40ed43c16a0a65aa81417260fec4f413e547cc,0.2824397134502154,0.1634526487064499,0.21744786162935073
7e28542fda40db288ad2613b49f17b1248f6f2ce,False,True,article-s-objective-preregistration,article-s-objective-implementation,1.2,0.9,48,20260650,1,0.6757261537131783,33.94931099704692,False,0.655688356080258,ok,22.940437341247023,1.1812024952589542,0.010606078806219887,253b31267f5e1bfb1aa8f99dea2c5f0e529b95c334b2ebfadb0c82a0b07a6478,,0.1634526487064499,0.21744786162935073
7e28542fda40db288ad2613b49f17b1248f6f2ce,False,True,article-s-objective-preregistration,article-s-objective-implementation,1.2,0.9,48,20260650,2,0.6751398950987083,33.966459805752244,False,0.676215172073658,ok,22.932112110130063,1.1712022098695207,0.010623579895941315,ce97284279adc9b6531717a87c4aadd336d74f19f7f555955673a8ff85895ee3,,0.1634526487064499,0.21744786162935073
7e28542fda40db288ad2613b49f17b1248f6f2ce,False,True,article-s-objective-preregistration,article-s-objective-implementation,1.2,0.9,48,20260650,3,0.6866179550229142,33.63484364117317,False,0.6136859456892687,ok,23.094287558417793,1.2021381363292984,0.010573998406290475,141db57e8569d0ce8000da789c9de530851680fcd23d5eaf7d6c0bafc2bd9ad7,,0.1634526487064499,0.21744786162935073
7e28542fda40db288ad2613b49f17b1248f6f2ce,False,True,article-s-objective-preregistration,article-s-objective-implementation,1.2,0.9,48,20260650,4,0.7157042021484444,32.83167107870789,False,0.5791833365434887,ok,23.49776495458679,1.2214788935745122,0.010553602463598377,7b8c73be2578d79b65147c24bc3a5154b70a79cfdabb5e7c7227e5d75ae0f4c5,,0.1634526487064499,0.21744786162935073
7e28542fda40db288ad2613b49f17b1248f6f2ce,False,True,article-s-objective-preregistration,article-s-objective-implementation,1.2,0.9,48,20260650,5,0.8400357203781257,29.898653750930944,False,0.30522964664587154,ok,25.115937141999424,1.3588029040944707,0.01048353188343043,04751eee7adee2592641ff1f4a190bec5e5b00e53eacca635c7203f149438970,,0.1634526487064499,0.21744786162935073
7e28542fda40db288ad2613b49f17b1248f6f2ce,False,True,article-s-objective-preregistration,article-s-objective-implementation,1.2,0.9,49,20260651,1,0.7196960362950131,32.72538651649028,False,0.5791833365434887,ok,23.552330962140324,1.2214788935745122,0.010553602463598377,7b8c73be2578d79b65147c24bc3a5154b70a79cfdabb5e7c7227e5d75ae0f4c5,0.11730912663479444,0.1634526487064499,0.21744786162935073
7e28542fda40db288ad2613b49f17b1248f6f2ce,False,True,article-s-objective-preregistration,article-s-objective-implementation,1.2,0.9,49,20260651,2,0.9844690467019156,27.24338994866098,True,0.02548646514194377,ok,26.820274131686823,1.5030387000763568,0.010643754785434556,1b2e8fd715c7c9db680cbe93d5bfd73484f70d09e40c8b73b5d0eabfb7175adb,0.11730912663479444,0.1634526487064499,0.21744786162935073
7e28542fda40db288ad2613b49f17b1248f6f2ce,False,True,article-s-objective-preregistration,article-s-objective-implementation,1.2,0.9,49,20260651,3,0.8253667806217415,30.208513114136686,False,0.3347909626715648,ok,24.933103216384655,1.3445791210999645,0.010537875856798884,eb679381974b96a36125ea4804899356381aa2fd5e1ecae9c9f82b2e8974615b,0.11730912663479444,0.1634526487064499,0.21744786162935073
7e28542fda40db288ad2613b49f17b1248f6f2ce,False,True,article-s-objective-preregistration,article-s-objective-implementation,1.2,0.9,49,20260651,4,0.9721548626455114,27.44535575317022,True,0.047265539026333646,ok,26.68113605248039,1.4909380479418592,0.01059736413612411,3287a414615cfa36ed9f4d0b47b16f4db3f601984cd7ccbf507fc1228c6575f3,0.11730912663479444,0.1634526487064499,0.21744786162935073
7e28542fda40db288ad2613b49f17b1248f6f2ce,False,True,article-s-objective-preregistration,article-s-objective-implementation,1.2,0.9,49,20260651,5,0.9358525286757886,28.064958888567514,True,0.11730912663479444,ok,26.264662743047957,1.4543833603514122,0.010594135897897594,e6fcefe90cb01e6e974ce73a02534f13ebc11db3b45d785baa003065a47bffcf,0.11730912663479444,0.1634526487064499,0.21744786162935073
7e28542fda40db288ad2613b49f17b1248f6f2ce,False,True,article-s-objective-preregistration,article-s-objective-implementation,2.0,0.95,0,20260602,1,0.9333548852209436,28.07560090428783,False,0.15794300519419124,ok,26.204499259530586,1.457674614666058,0.0076514917302157315,22a5fa13458d83bb6094afb602d3b19eb3db6d208191ac4e054de5f23c81b677,0.08200410929387314,0.09304589247856304,0.11178894721984699
7e28542fda40db288ad2613b49f17b1248f6f2ce,False,True,article-s-objective-preregistration,article-s-objective-implementation,2.0,0.95,0,20260602,2,0.802692669521896,30.761374498051705,False,0.5371741644485396,ok,24.691929814003895,1.2665727083599307,0.007546966535771027,6b1fdb9d1aeabccac98c4f0c11dbe5ffe61bfaecdaef3ac33638eba874320067,0.08200410929387314,0.09304589247856304,0.11178894721984699
7e28542fda40db288ad2613b49f17b1248f6f2ce,False,True,article-s-objective-preregistration,article-s-objective-implementation,2.0,0.95,0,20260602,3,0.8338267153315726,30.061219704546595,False,0.4495907464477366,ok,25.065848085102836,1.3108177960236347,0.007583160314853732,117b042e111075ab1734e26ac1147ce147b0398fc34cc37ebe133be0f5fbad2a,0.08200410929387314,0.09304589247856304,0.11178894721984699
7e28542fda40db288ad2613b49f17b1248f6f2ce,False,True,article-s-objective-preregistration,article-s-objective-implementation,2.0,0.95,0,20260602,4,0.6884475204070778,33.746981222227554,False,0.8770638514876282,ok,23.233025543666773,1.0935723753166848,0.007633693770341399,45dd06bd3c72ba393dc55474c4b7db71df2f0f755f49e27b28519a408d24578f,0.08200410929387314,0.09304589247856304,0.11178894721984699
7e28542fda40db288ad2613b49f17b1248f6f2ce,False,True,article-s-objective-preregistration,article-s-objective-implementation,2.0,0.95,0,20260602,5,0.9673963383227839,27.47192952144659,True,0.08200410929387314,ok,26.57624402570902,1.4957302958280498,0.007708556370220165,3fe84632c2fb8cb3c545b8f7053b1cd66f011693ded9153b33930a13fe75f745,0.08200410929387314,0.09304589247856304,0.11178894721984699
7e28542fda40db288ad2613b49f17b1248f6f2ce,False,True,article-s-objective-preregistration,article-s-objective-implementation,2.0,0.95,1,20260603,1,0.8626307280388037,29.449317018547926,False,0.35326470914705294,ok,25.40388577995553,1.3593219959828604,0.0075992833880236255,fc68a6085314cf0b2c6ac7ad1c0b2750b5b8f7399a86d3834326c4dc585f666c,,0.09304589247856304,0.11178894721984699
7e28542fda40db288ad2613b49f17b1248f6f2ce,False,True,article-s-objective-preregistration,article-s-objective-implementation,2.0,0.95,1,20260603,2,0.6937979473106936,33.590112262587844,False,0.8508810395659407,ok,23.304750937719202,1.1067889792539487,0.007611276148310253,005fd9b1136b9a3d11b3a660413a41baa2c14bd0d088b4eca065a2e4b99b6794,,0.09304589247856304,0.11178894721984699
7e28542fda40db288ad2613b49f17b1248f6f2ce,False,True,article-s-objective-preregistration,article-s-objective-implementation,2.0,0.95,1,20260603,3,0.6827201570349696,33.917028243914814,False,0.9062804388647445,ok,23.15583884884502,1.0788067528071061,0.007626334615015828,e496b556a50c647fd45bf0f895f38e6f4581fe50f41dd885d07cef6d455eeb77,,0.09304589247856304,0.11178894721984699
7e28542fda40db288ad2613b49f17b1248f6f2ce,False,True,article-s-objective-preregistration,article-s-objective-implementation,2.0,0.95,1,20260603,4,0.8936751520816874,28.82507114393826,False,0.29089121373805815,ok,25.760249838324484,1.3908654983837887,0.007640078157254315,e2368c4e851516cb58224f25b22ce080dabe29427b1c7ed988fb02b0546bae47,,0.09304589247856304,0.11178894721984699
7e28542fda40db288ad2613b49f17b1248f6f2ce,False,True,article-s-objective-preregistration,article-s-objective-implementation,2.0,0.95,1,20260603,5,0.8242667010564628,30.271758526367048,False,0.4930126591644616,ok,24.952002535706416,1.2888962730315103,0.007574959261138492,c604673b79164884ea9c2ad9186a1a4b44c165a7bfd29053fed99b0f659fb233,,0.09304589247856304,0.11178894721984699
7e28542fda40db288ad2613b49f17b1248f6f2ce,False,True,article-s-objective-preregistration,article-s-objective-implementation,2.0,0.95,2,20260604,1,0.7174862011849357,32.91771644771434,False,0.7894332669395547,ok,23.61800732575344,1.1384040635963784,0.0076027560740516975,1b98b6fa2fca3629d8e047e9a99530ed86eadeb05ae8fbc74d9f8c6c2b7846e4,,0.09304589247856304,0.11178894721984699
7e28542fda40db288ad2613b49f17b1248f6f2ce,False,True,article-s-objective-preregistration,article-s-objective-implementation,2.0,0.95,2,20260604,2,0.6843738886384919,33.8677000871119,False,0.8850790265859796,ok,23.178169607858962,1.0894535365221587,0.0076215047353138665,26e2f064c69bb0c4aa322d7b167f2e0ed8e78f2973a90bcc36c2e9661ab575fc,,0.09304589247856304,0.11178894721984699
7e28542fda40db288ad2613b49f17b1248f6f2ce,False,True,article-s-objective-preregistration,article-s-objective-implementation,2.0,0.95,2,20260604,3,0.8733693723674769,29.22940354082579,False,0.34028742941077544,ok,25.528065825126728,1.3659135587074223,0.007619726931630488,a652008b32258649efbb8a9d866bd7d1057bf95de5a78742b503ebf9105552fc,,0.09304589247856304,0.11178894721984699
7e28542fda40db288ad2613b49f17b1248f6f2ce,False,True,article-s-objective-preregistration,article-s-objective-implementation,2.0,0.95,2,20260604,4,0.892975824305166,28.838753255964367,False,0.29089121373805815,ok,25.75230946067807,1.3908654983837887,0.007640078157254315,e2368c4e851516cb58224f25b22ce080dabe29427b1c7ed988fb02b0546bae47,,0.09304589247856304,0.11178894721984699
7e28542fda40db288ad2613b49f17b1248f6f2ce,False,True,article-s-objective-preregistration,article-s-objective-implementation,2.0,0.95,2,20260604,5,0.8341006067715665,30.05524411021099,False,0.4495907464477366,ok,25.069097348994536,1.3108177960236347,0.007583160314853732,117b042e111075ab1734e26ac1147ce147b0398fc34cc37ebe133be0f5fbad2a,,0.09304589247856304,0.11178894721984699
7e28542fda40db288ad2613b49f17b1248f6f2ce,False,True,article-s-objective-preregistration,article-s-objective-implementation,2.0,0.95,3,20260605,1,0.9757154508614188,27.32952787129808,True,0.0678171292548219,ok,26.665842608773314,1.5028013539971699,0.0077062368487839095,2b6605dbd3a4160e7bb186e403c24e8e6505fd569174bcf87bb6ef8f12b1f332,0.09558851840807502,0.09304589247856304,0.11178894721984699
7e28542fda40db288ad2613b49f17b1248f6f2ce,False,True,article-s-objective-preregistration,article-s-objective-implementation,2.0,0.95,3,20260605,2,0.9603380161635924,27.594290563153514,True,0.09558851840807502,ok,26.499846256860582,1.488927908470583,0.007681695722135284,387257836cdff537b48d3d50b4cf141cb1338d4b61445f6d6ec9080ef28c2841,0.09558851840807502,0.09304589247856304,0.11178894721984699
7e28542fda40db288ad2613b49f17b1248f6f2ce,False,True,article-s-objective-preregistration,article-s-objective-implementation,2.0,0.95,3,20260605,3,0.9065600194975205,28.575989404481792,False,0.25527958328353834,ok,25.905849511687954,1.408801586059513,0.007628741389201554,807a5fa8c72814e5fce91ac8191e3c0d53e5f2660e69c59815e36843a4c641cf,0.09558851840807502,0.09304589247856304,0.11178894721984699
7e28542fda40db288ad2613b49f17b1248f6f2ce,False,True,article-s-objective-preregistration,article-s-objective-implementation,2.0,0.95,3,20260605,4,0.9196257374885642,28.329092565430344,False,0.21315368584052957,ok,26.05216264286568,1.4299537999658642,0.007649193023870904,3c92ff04355210c03c78a72609a172ea0ef6be432be00abe9e61218e2a46d720,0.09558851840807502,0.09304589247856304,0.11178894721984699
7e28542fda40db288ad2613b49f17b1248f6f2ce,False,True,article-s-objective-preregistration,article-s-objective-implementation,2.0,0.95,3,20260605,5,0.7850511007118641,31.177448174616945,False,0.5756712689555797,ok,24.47589000687013,1.246939595930107,0.007563275743973641,d29991e2c3a77b6b7ced4ba3225ad47e600a931abcdc7b0b0b562e2820e31fac,0.09558851840807502,0.09304589247856304,0.11178894721984699
7e28542fda40db288ad2613b49f17b1248f6f2ce,False,True,article-s-objective-preregistration,article-s-objective-implementation,2.0,0.95,4,20260606,1,0.889780495655351,28.90148593116861,False,0.29089121373805815,ok,25.71597847701136,1.3908654983837887,0.007640078157254315,e2368c4e851516cb58224f25b22ce080dabe29427b1c7ed988fb02b0546bae47,0.10562306470216155,0.09304589247856304,0.11178894721984699
7e28542fda40db288ad2613b49f17b1248f6f2ce,False,True,article-s-objective-preregistration,article-s-objective-implementation,2.0,0.95,4,20260606,2,0.9551249735267304,27.685587068503747,True,0.10562306470216155,ok,26.443195615876633,1.4839169518188196,0.007654232804964689,cf64feb106cd9eee40661138a0d491338636725e3f7226a3973341dcf36ccf2b,0.10562306470216155,0.09304589247856304,0.11178894721984699
7e28542fda40db288ad2613b49f17b1248f6f2ce,False,True,article-s-objective-preregistration,article-s-objective-implementation,2.0,0.95,4,20260606,3,0.9820595947483725,27.222228426774677,True,0.05140001836900671,ok,26.733850616945965,1.5110323960250776,0.0077334780376121515,412ffd54cd2a41a442cf2b090df81ddb4ff116e557d0937c174be453dff927a1,0.10562306470216155,0.09304589247856304,0.11178894721984699
7e28542fda40db288ad2613b49f17b1248f6f2ce,False,True,article-s-objective-preregistration,article-s-objective-implementation,2.0,0.95,4,20260606,4,0.738527306080459,32.348997672605776,False,0.7431017573714531,ok,23.890618105552583,1.162058634757006,0.0076115864538914835,0af391969727ef10dac5dd89753592f827c552147f827e148cfc44a5541f1325,0.10562306470216155,0.09304589247856304,0.11178894721984699
7e28542fda40db288ad2613b49f17b1248f6f2ce,False,True,article-s-objective-preregistration,article-s-objective-implementation,2.0,0.95,4,20260606,5,0.8214111288011274,30.335396775034987,False,0.4930126591644616,ok,24.917832507611568,1.2888962730315103,0.007574959261138492,c604673b79164884ea9c2ad9186a1a4b44c165a7bfd29053fed99b0f659fb233,0.10562306470216155,0.09304589247856304,0.11178894721984699
7e28542fda40db288ad2613b49f17b1248f6f2ce,False,True,article-s-objective-preregistration,article-s-objective-implementation,2.0,0.95,5,20260607,1,0.9050374349568451,28.605129198973803,False,0.25527958328353834,ok,25.888712756848403,1.408801586059513,0.007628741389201554,807a5fa8c72814e5fce91ac8191e3c0d53e5f2660e69c59815e36843a4c641cf,,0.09304589247856304,0.11178894721984699
7e28542fda40db288ad2613b49f17b1248f6f2ce,False,True,article-s-objective-preregistration,article-s-objective-implementation,2.0,0.95,5,20260607,2,0.6972348854584217,33.49033951537459,False,0.8417992482478128,ok,23.35063303596586,1.1115331309059366,0.007622975831556911,eded8713c7b3cc3988a75b0d7e9a82f9cad0fc195e48cfb569431f9330d96dc2,,0.09304589247856304,0.11178894721984699
7e28542fda40db288ad2613b49f17b1248f6f2ce,False,True,article-s-objective-preregistration,article-s-objective-implementation,2.0,0.95,5,20260607,3,0.8957140155788856,28.785278337396093,False,0.2606536397749358,ok,25.783377249144962,1.406107834241256,0.007617892391954317,71a62d30e25c9a82b6c3685732115d4cd7eca9ff01e518db70a09db96e6c2083,,0.09304589247856304,0.11178894721984699
7e28542fda40db288ad2613b49f17b1248f6f2ce,False,True,article-s-objective-preregistration,article-s-objective-implementation,2.0,0.95,5,20260607,4,0.9266445895628699,28.198751398002827,False,0.19582373301107453,ok,26.130220415387733,1.4386678390733918,0.007618969483706994,9ad233b5c0c0b32adaedcd6429a1af2976e8c44293391fa3b15d30aa395ef6ce,,0.09304589247856304,0.11178894721984699
7e28542fda40db288ad2613b49f17b1248f6f2ce,False,True,article-s-objective-preregistration,article-s-objective-implementation,2.0,0.95,5,20260607,5,0.6876971605706926,33.769133509893535,False,0.8770638514876282,ok,23.222937229686412,1.0935723753166848,0.007633693770341399,45dd06bd3c72ba393dc55474c4b7db71df2f0f755f49e27b28519a408d24578f,,0.09304589247856304,0.11178894721984699
7e28542fda40db288ad2613b49f17b1248f6f2ce,False,True,article-s-objective-preregistration,article-s-objective-implementation,2.0,0.95,6,20260608,1,0.7818684615019541,31.254082880247555,False,0.5991731504553195,ok,24.43658169723372,1.2349440533997464,0.007580014198841578,e6ae7ab26ffeabc4b4ece09c15986e074e305e26bd6c43011b681771c7c2ce8d,,0.09304589247856304,0.11178894721984699
7e28542fda40db288ad2613b49f17b1248f6f2ce,False,True,article-s-objective-preregistration,article-s-objective-implementation,2.0,0.95,6,20260608,2,0.9175748620579983,28.367476848315437,False,0.2273043026531486,ok,26.029283656026497,1.422843936685265,0.00765202563567513,631622acd30fb39bb3f4f5a767a7786fd78d1f56ff46b1a613509fc75df17e3d,,0.09304589247856304,0.11178894721984699
7e28542fda40db288ad2613b49f17b1248f6f2ce,False,True,article-s-objective-preregistration,article-s-objective-implementation,2.0,0.95,6,20260608,3,0.6737657282879941,34.18740348402375,False,0.9518283233040856,ok,23.034300806688766,1.0555306172727281,0.007656245043301091,4704e3380c56eac6f144261eb73f7b3224f4e3c889f4096438e8d03f312fa114,,0.09304589247856304,0.11178894721984699
7e28542fda40db288ad2613b49f17b1248f6f2ce,False,True,article-s-objective-preregistration,article-s-objective-implementation,2.0,0.95,6,20260608,4,0.7579703693157974,31.84563754135362,False,0.6568084574986496,ok,24.138049648316827,1.205705970684687,0.0075969383830813975,62b1bd361369efb9f40519ca58f328c1e94377cd85a6fed5be98d90ab686b4f4,,0.09304589247856304,0.11178894721984699
7e28542fda40db288ad2613b49f17b1248f6f2ce,False,True,article-s-objective-preregistration,article-s-objective-implementation,2.0,0.95,6,20260608,5,0.8400514877837464,29.926173206185787,False,0.4162815439065738,ok,25.139526325530458,1.327632328090233,0.007577896657875005,7f5f7e71499b4cb229de8c0fe3215ee59d396e82a3463c6f9dcb8e94c2147068,,0.09304589247856304,0.11178894721984699
7e28542fda40db288ad2613b49f17b1248f6f2ce,False,True,article-s-objective-preregistration,article-s-objective-implementation,2.0,0.95,7,20260609,1,0.9989370530361664,26.942090606147463,True,0.01878032014126819,ok,26.91345259273833,1.5273429749987053,0.0077740139665762875,c68db1a5d2fb9bec280cbfba1fdcb6a8bfd5710c976b6d9921a570b4acb166c5,0.13028659477290327,0.09304589247856304,0.11178894721984699
7e28542fda40db288ad2613b49f17b1248f6f2ce,False,True,article-s-objective-preregistration,article-s-objective-implementation,2.0,0.95,7,20260609,2,0.93316334845263,28.079096522574496,False,0.15794300519419124,ok,26.202383732530215,1.457674614666058,0.0076514917302157315,22a5fa13458d83bb6094afb602d3b19eb3db6d208191ac4e054de5f23c81b677,0.13028659477290327,0.09304589247856304,0.11178894721984699
7e28542fda40db288ad2613b49f17b1248f6f2ce,False,True,article-s-objective-preregistration,article-s-objective-implementation,2.0,0.95,7,20260609,3,0.6831951227825679,33.902841674892,False,0.8895128965970209,ok,23.1622560807558,1.0872289643684523,0.007612500138156619,d2fe87ba857f8d1ffc37e4751787cb0a20ac158ecadaa62eb48bec6fb5cf3841,0.13028659477290327,0.09304589247856304,0.11178894721984699
7e28542fda40db288ad2613b49f17b1248f6f2ce,False,True,article-s-objective-preregistration,article-s-objective-implementation,2.0,0.95,7,20260609,4,0.9612469845861281,27.578452586733142,True,0.09558851840807502,ok,26.509704388548737,1.488927908470583,0.007681695722135284,387257836cdff537b48d3d50b4cf141cb1338d4b61445f6d6ec9080ef28c2841,0.13028659477290327,0.09304589247856304,0.11178894721984699
7e28542fda40db288ad2613b49f17b1248f6f2ce,False,True,article-s-objective-preregistration,article-s-objective-implementation,2.0,0.95,7,20260609,5,0.9502528230192913,27.77163458969748,True,0.13028659477290327,ok,26.39007416872023,1.4715467505003572,0.0076710757496356585,ceb38df55a6380877cbbd5577b9dbe60def38cc132bc79f9287d1854eadb1711,0.13028659477290327,0.09304589247856304,0.11178894721984699
7e28542fda40db288ad2613b49f17b1248f6f2ce,False,True,article-s-objective-preregistration,article-s-objective-implementation,2.0,0.95,8,20260610,1,0.7893362145372032,31.075037112550216,False,0.5698837150840119,ok,24.528652161023487,1.249914721919684,0.007570855775842045,3a939a3603ace28c7b64a33ab2aecad048b73ee9d6e6e4174adde8a401f180cf,0.09558851840807502,0.09304589247856304,0.11178894721984699
7e28542fda40db288ad2613b49f17b1248f6f2ce,False,True,article-s-objective-preregistration,article-s-objective-implementation,2.0,0.95,8,20260610,2,0.7705837672218474,31.529815778030198,False,0.627738823300783,ok,24.296364222045355,1.2204459226607296,0.007573749373928518,1c5c0bd967327f7b04871a91f9ff2b02209283b9e86460d9c232455c18118f82,0.09558851840807502,0.09304589247856304,0.11178894721984699
7e28542fda40db288ad2613b49f17b1248f6f2ce,False,True,article-s-objective-preregistration,article-s-objective-implementation,2.0,0.95,8,20260610,3,0.8885372265874607,28.925991320697527,False,0.29089121373805815,ok,25.70182010438554,1.3908654983837887,0.007640078157254315,e2368c4e851516cb58224f25b22ce080dabe29427b1c7ed988fb02b0546bae47,0.09558851840807502,0.09304589247856304,0.11178894721984699
7e28542fda40db288ad2613b49f17b1248f6f2ce,False,True,article-s-objective-preregistration,article-s-objective-implementation,2.0,0.95,8,20260610,4,0.672678828422378,34.22060417425768,False,0.9518283233040856,ok,23.019475923845594,1.0555306172727281,0.007656245043301091,4704e3380c56eac6f144261eb73f7b3224f4e3c889f4096438e8d03f312fa114,0.09558851840807502,0.09304589247856304,0.11178894721984699
7e28542fda40db288ad2613b49f17b1248f6f2ce,False,True,article-s-objective-preregistration,article-s-objective-implementation,2.0,0.95,8,20260610,5,0.962123739623057,27.563198513920945,True,0.09558851840807502,ok,26.519207630186305,1.488927908470583,0.007681695722135284,387257836cdff537b48d3d50b4cf141cb1338d4b61445f6d6ec9080ef28c2841,0.09558851840807502,0.09304589247856304,0.11178894721984699
7e28542fda40db288ad2613b49f17b1248f6f2ce,False,True,article-s-objective-preregistration,article-s-objective-implementation,2.0,0.95,9,20260611,1,0.6869119651360682,33.79235472805176,False,0.8770638514876282,ok,23.212372792821142,1.0935723753166848,0.007633693770341399,45dd06bd3c72ba393dc55474c4b7db71df2f0f755f49e27b28519a408d24578f,0.09558851840807502,0.09304589247856304,0.11178894721984699
7e28542fda40db288ad2613b49f17b1248f6f2ce,False,True,article-s-objective-preregistration,article-s-objective-implementation,2.0,0.95,9,20260611,2,0.9636370512645941,27.536921509970824,True,0.09558851840807502,ok,26.53559784477286,1.488927908470583,0.007681695722135284,387257836cdff537b48d3d50b4cf141cb1338d4b61445f6d6ec9080ef28c2841,0.09558851840807502,0.09304589247856304,0.11178894721984699
7e28542fda40db288ad2613b49f17b1248f6f2ce,False,True,article-s-objective-preregistration,article-s-objective-implementation,2.0,0.95,9,20260611,3,0.7446180416616848,32.18909488423311,False,0.725974766518444,ok,23.968580795559813,1.1707170806821707,0.007612263181119072,f54f07168927cf0a123e5323831fb5f25fd4514ab661df6a64e2f154f8bb5478,0.09558851840807502,0.09304589247856304,0.11178894721984699
7e28542fda40db288ad2613b49f17b1248f6f2ce,False,True,article-s-objective-preregistration,article-s-objective-implementation,2.0,0.95,9,20260611,4,0.7862733105327742,31.148148593847623,False,0.5756712689555797,ok,24.490957911851346,1.246939595930107,0.007563275743973641,d29991e2c3a77b6b7ced4ba3225ad47e600a931abcdc7b0b0b562e2820e31fac,0.09558851840807502,0.09304589247856304,0.11178894721984699
7e28542fda40db288ad2613b49f17b1248f6f2ce,False,True,article-s-objective-preregistration,article-s-objective-implementation,2.0,0.95,9,20260611,5,0.7814235478872582,31.264835116814332,False,0.5991731504553195,ok,24.431078381091197,1.2349440533997464,0.007580014198841578,e6ae7ab26ffeabc4b4ece09c15986e074e305e26bd6c43011b681771c7c2ce8d,0.09558851840807502,0.09304589247856304,0.11178894721984699
7e28542fda40db288ad2613b49f17b1248f6f2ce,False,True,article-s-objective-preregistration,article-s-objective-implementation,2.0,0.95,10,20260612,1,0.7690703471566849,31.567278937511304,False,0.627738823300783,ok,24.277458171263724,1.2204459226607296,0.007573749373928518,1c5c0bd967327f7b04871a91f9ff2b02209283b9e86460d9c232455c18118f82,0.05140001836900671,0.09304589247856304,0.11178894721984699
7e28542fda40db288ad2613b49f17b1248f6f2ce,False,True,article-s-objective-preregistration,article-s-objective-implementation,2.0,0.95,10,20260612,2,0.7890968217002555,31.080735296071364,False,0.5698837150840119,ok,24.525709438236863,1.249914721919684,0.007570855775842045,3a939a3603ace28c7b64a33ab2aecad048b73ee9d6e6e4174adde8a401f180cf,0.05140001836900671,0.09304589247856304,0.11178894721984699
7e28542fda40db288ad2613b49f17b1248f6f2ce,False,True,article-s-objective-preregistration,article-s-objective-implementation,2.0,0.95,10,20260612,3,0.7438275555347774,32.20973166880531,False,0.725974766518444,ok,23.958485971638563,1.1707170806821707,0.007612263181119072,f54f07168927cf0a123e5323831fb5f25fd4514ab661df6a64e2f154f8bb5478,0.05140001836900671,0.09304589247856304,0.11178894721984699
7e28542fda40db288ad2613b49f17b1248f6f2ce,False,True,article-s-objective-preregistration,article-s-objective-implementation,2.0,0.95,10,20260612,4,0.9822684874887804,27.21871421696055,True,0.05140001836900671,ok,26.736085245283203,1.5110323960250776,0.0077334780376121515,412ffd54cd2a41a442cf2b090df81ddb4ff116e557d0937c174be453dff927a1,0.05140001836900671,0.09304589247856304,0.11178894721984699
7e28542fda40db288ad2613b49f17b1248f6f2ce,False,True,article-s-objective-preregistration,article-s-objective-implementation,2.0,0.95,10,20260612,5,0.8414417658554685,29.896227221341547,False,0.41233742214575886,ok,25.15593422554196,1.32960718909015,0.007589849925464076,5eb703b1ecabc6a2a87b5352e76ca357450305745182c43ca3a95faa3be42c2c,0.05140001836900671,0.09304589247856304,0.11178894721984699
7e28542fda40db288ad2613b49f17b1248f6f2ce,False,True,article-s-objective-preregistration,article-s-objective-implementation,2.0,0.95,11,20260613,1,0.7427556584225101,32.23777019548662,False,0.7337448344433216,ok,23.944786227622235,1.1668130487318171,0.0076304637245954154,a87fdfe46bd4eb0bd395e57ee4018e855004ac9d4a290c677682ee473c679b92,0.05140001836900671,0.09304589247856304,0.11178894721984699
7e28542fda40db288ad2613b49f17b1248f6f2ce,False,True,article-s-objective-preregistration,article-s-objective-implementation,2.0,0.95,11,20260613,2,0.980411940131935,27.249988871653194,True,0.05140001836900671,ok,26.716214458231146,1.5110323960250776,0.0077334780376121515,412ffd54cd2a41a442cf2b090df81ddb4ff116e557d0937c174be453dff927a1,0.05140001836900671,0.09304589247856304,0.11178894721984699
7e28542fda40db288ad2613b49f17b1248f6f2ce,False,True,article-s-objective-preregistration,article-s-objective-implementation,2.0,0.95,11,20260613,3,0.7574008404171024,31.860092746493766,False,0.6568084574986496,ok,24.13086102196121,1.205705970684687,0.0075969383830813975,62b1bd361369efb9f40519ca58f328c1e94377cd85a6fed5be98d90ab686b4f4,0.05140001836900671,0.09304589247856304,0.11178894721984699
7e28542fda40db288ad2613b49f17b1248f6f2ce,False,True,article-s-objective-preregistration,article-s-objective-implementation,2.0,0.95,11,20260613,4,0.984834973149787,27.17563532185803,True,0.044311837906602355,ok,26.763516082530458,1.5145853844491535,0.007734869162299152,7ff86373618a8a719ebc63a9cd51338ccc10f7f8c69d3e661f1de16021dacc44,0.05140001836900671,0.09304589247856304,0.11178894721984699
7e28542fda40db288ad2613b49f17b1248f6f2ce,False,True,article-s-objective-preregistration,article-s-objective-implementation,2.0,0.95,11,20260613,5,0.854426356595353,29.620277422153244,False,0.38259089025281,ok,25.30834571915399,1.344527299723512,0.007584851532093317,6d5419958ece6fa3de2afd053ed6d2bab55d6aec6ba971fe1222f9b882f14f69,0.05140001836900671,0.09304589247856304,0.11178894721984699
7e28542fda40db288ad2613b49f17b1248f6f2ce,False,True,article-s-objective-preregistration,article-s-objective-implementation,2.0,0.95,12,20260614,1,0.923508230221553,28.256799264075553,False,0.19582373301107453,ok,26.095386680092098,1.4386678390733918,0.007618969483706994,9ad233b5c0c0b32adaedcd6429a1af2976e8c44293391fa3b15d30aa395ef6ce,,0.09304589247856304,0.11178894721984699
7e28542fda40db288ad2613b49f17b1248f6f2ce,False,True,article-s-objective-preregistration,article-s-objective-implementation,2.0,0.95,12,20260614,2,0.731905599463951,32.52520664695156,False,0.7644076528077732,ok,23.805380868625964,1.1511777695009882,0.007579669731165861,39ee29ec43c25fe518711c96104da7441a4e7ff86184e0d333d22d97434f3be1,,0.09304589247856304,0.11178894721984699
7e28542fda40db288ad2613b49f17b1248f6f2ce,False,True,article-s-objective-preregistration,article-s-objective-implementation,2.0,0.95,12,20260614,3,0.8950306680548094,28.798599292766323,False,0.26758650871740036,ok,25.775629564047403,1.4026148961660183,0.00760724504105692,ac43fdaf9411945abc6895dc4b625c578565bddad6758b2e80ecf86412c8c43c,,0.09304589247856304,0.11178894721984699
7e28542fda40db288ad2613b49f17b1248f6f2ce,False,True,article-s-objective-preregistration,article-s-objective-implementation,2.0,0.95,12,20260614,4,0.6704239213381789,34.289751001852046,False,0.9726749912064387,ok,22.988669328371397,1.04495788817884,0.007712705676562681,a9baed6d9880763d498b8dcd230e9a59d16a14154940cc178ebf8971c49d56b7,,0.09304589247856304,0.11178894721984699
7e28542fda40db288ad2613b49f17b1248f6f2ce,False,True,article-s-objective-preregistration,article-s-objective-implementation,2.0,0.95,12,20260614,5,0.6998142314838284,33.41596643278442,False,0.8309592810084849,ok,23.384968868448436,1.1169657644612727,0.007601250340548038,3a513464732289a6f9b80632ea1fa71d7bfb4bdeb80306c61a55d157b639b9ea,,0.09304589247856304,0.11178894721984699
7e28542fda40db288ad2613b49f17b1248f6f2ce,False,True,article-s-objective-preregistration,article-s-objective-implementation,2.0,0.95,13,20260615,1,0.9838693426522647,27.191822535061206,True,0.044311837906602355,ok,26.753200563087706,1.5145853844491535,0.007734869162299152,7ff86373618a8a719ebc63a9cd51338ccc10f7f8c69d3e661f1de16021dacc44,0.044311837906602355,0.09304589247856304,0.11178894721984699
7e28542fda40db288ad2613b49f17b1248f6f2ce,False,True,article-s-objective-preregistration,article-s-objective-implementation,2.0,0.95,13,20260615,2,0.7773279050260761,31.364269698724073,False,0.6050351431418937,ok,24.38032205758202,1.23193548901275,0.00757165919446523,c40bed5a1c31074d515bbf50376b437c575c24c0ff1eb6e4e4a1b8d23bb8c7c6,0.044311837906602355,0.09304589247856304,0.11178894721984699
7e28542fda40db288ad2613b49f17b1248f6f2ce,False,True,article-s-objective-preregistration,article-s-objective-implementation,2.0,0.95,13,20260615,3,0.8847058136777343,29.00185378694543,False,0.29715546690968275,ok,25.658108652742236,1.3877089226605204,0.007626334035331528,0fdab754b589a3aa13026d78a70de494812906e0a1af59892cdeae598d0ecb53,0.044311837906602355,0.09304589247856304,0.11178894721984699
7e28542fda40db288ad2613b49f17b1248f6f2ce,False,True,article-s-objective-preregistration,article-s-objective-implementation,2.0,0.95,13,20260615,4,0.7448040088403896,32.1842449424645,False,0.725974766518444,ok,23.970954654648594,1.1707170806821707,0.007612263181119072,f54f07168927cf0a123e5323831fb5f25fd4514ab661df6a64e2f154f8bb5478,0.044311837906602355,0.09304589247856304,0.11178894721984699
7e28542fda40db288ad2613b49f17b1248f6f2ce,False,True,article-s-objective-preregistration,article-s-objective-implementation,2.0,0.95,13,20260615,5,0.8132670501067341,30.518829013792782,False,0.5100193356191307,ok,24.819958044759066,1.2803162303933822,0.0075690337521043816,5b786e3da09efbae0c84fe291771d16442a52983957b7c172aebf2562530d43d,0.044311837906602355,0.09304589247856304,0.11178894721984699
7e28542fda40db288ad2613b49f17b1248f6f2ce,False,True,article-s-objective-preregistration,article-s-objective-implementation,2.0,0.95,14,20260616,1,0.6790400418245366,34.0274733678597,False,0.9070032623717107,ok,23.106016938894754,1.0784314683195093,0.007625446821743154,7fc2ec1f3b2f0f10c078729632733b25d7c51079e2ebdd1b75cecae2246a568c,0.10562306470216155,0.09304589247856304,0.11178894721984699
7e28542fda40db288ad2613b49f17b1248f6f2ce,False,True,article-s-objective-preregistration,article-s-objective-implementation,2.0,0.95,14,20260616,2,0.9260805558209197,28.209167482288343,False,0.19582373301107453,ok,26.123961501243006,1.4386678390733918,0.007618969483706994,9ad233b5c0c0b32adaedcd6429a1af2976e8c44293391fa3b15d30aa395ef6ce,0.10562306470216155,0.09304589247856304,0.11178894721984699
7e28542fda40db288ad2613b49f17b1248f6f2ce,False,True,article-s-objective-preregistration,article-s-objective-implementation,2.0,0.95,14,20260616,3,0.9353688759260319,28.038913831359974,False,0.15794300519419124,ok,26.226727312626046,1.457674614666058,0.0076514917302157315,22a5fa13458d83bb6094afb602d3b19eb3db6d208191ac4e054de5f23c81b677,0.10562306470216155,0.09304589247856304,0.11178894721984699
7e28542fda40db288ad2613b49f17b1248f6f2ce,False,True,article-s-objective-preregistration,article-s-objective-implementation,2.0,0.95,14,20260616,4,0.6760345926974016,34.11836706846368,False,0.9270216071551481,ok,23.06519638462928,1.0681786704838645,0.007654969478211537,4ccd4c54b9b85fce27b5132ddbb4cf33863a7ccef32ffdc1edce21c7ab243865,0.10562306470216155,0.09304589247856304,0.11178894721984699
7e28542fda40db288ad2613b49f17b1248f6f2ce,False,True,article-s-objective-preregistration,article-s-objective-implementation,2.0,0.95,14,20260616,5,0.9552377255952491,27.6836040289152,True,0.10562306470216155,ok,26.44442294886043,1.4839169518188196,0.007654232804964689,cf64feb106cd9eee40661138a0d491338636725e3f7226a3973341dcf36ccf2b,0.10562306470216155,0.09304589247856304,0.11178894721984699
7e28542fda40db288ad2613b49f17b1248f6f2ce,False,True,article-s-objective-preregistration,article-s-objective-implementation,2.0,0.95,15,20260617,1,0.7280856097246682,32.62800222364539,False,0.7644076528077732,ok,23.755978893100682,1.1511777695009882,0.007579669731165861,39ee29ec43c25fe518711c96104da7441a4e7ff86184e0d333d22d97434f3be1,,0.09304589247856304,0.11178894721984699
7e28542fda40db288ad2613b49f17b1248f6f2ce,False,True,article-s-objective-preregistration,article-s-objective-implementation,2.0,0.95,15,20260617,2,0.7769209519624646,31.374194842043618,False,0.6050351431418937,ok,24.375269323736372,1.23193548901275,0.00757165919446523,c40bed5a1c31074d515bbf50376b437c575c24c0ff1eb6e4e4a1b8d23bb8c7c6,,0.09304589247856304,0.11178894721984699
7e28542fda40db288ad2613b49f17b1248f6f2ce,False,True,article-s-objective-preregistration,article-s-objective-implementation,2.0,0.95,15,20260617,3,0.888266081690241,28.931342940047738,False,0.29089121373805815,ok,25.698730631392824,1.3908654983837887,0.007640078157254315,e2368c4e851516cb58224f25b22ce080dabe29427b1c7ed988fb02b0546bae47,,0.09304589247856304,0.11178894721984699
7e28542fda40db288ad2613b49f17b1248f6f2ce,False,True,article-s-objective-preregistration,article-s-objective-implementation,2.0,0.95,15,20260617,4,0.6862226491969845,33.8127746634106,False,0.8850790265859796,ok,23.203091806226297,1.0894535365221587,0.0076215047353138665,26e2f064c69bb0c4aa322d7b167f2e0ed8e78f2973a90bcc36c2e9661ab575fc,,0.09304589247856304,0.11178894721984699
7e28542fda40db288ad2613b49f17b1248f6f2ce,False,True,article-s-objective-preregistration,article-s-objective-implementation,2.0,0.95,15,20260617,5,0.7463375658867182,32.1443228664315,False,0.725974766518444,ok,23.990515685209264,1.1707170806821707,0.007612263181119072,f54f07168927cf0a123e5323831fb5f25fd4514ab661df6a64e2f154f8bb5478,,0.09304589247856304,0.11178894721984699
7e28542fda40db288ad2613b49f17b1248f6f2ce,False,True,article-s-objective-preregistration,article-s-objective-implementation,2.0,0.95,16,20260618,1,0.7250030315868001,32.71157311494833,False,0.7734207120207184,ok,23.715989676310805,1.146625453282872,0.0075995707769087595,dc4dc1812a626d801c76cb4afe9f9756609b5222732d9bcc6f127c6667affb58,,0.09304589247856304,0.11178894721984699
7e28542fda40db288ad2613b49f17b1248f6f2ce,False,True,article-s-objective-preregistration,article-s-objective-implementation,2.0,0.95,16,20260618,2,0.916417823835948,28.389192298607533,False,0.23448719109086474,ok,26.01636182675017,1.41924578021194,0.007639867975915315,cd60f5de9b78792c9e7441a2af3197c7e8986a3ea6d34b174cbd9cbe3e4e1172,,0.09304589247856304,0.11178894721984699
7e28542fda40db288ad2613b49f17b1248f6f2ce,False,True,article-s-objective-preregistration,article-s-objective-implementation,2.0,0.95,16,20260618,3,0.6871044713417495,33.78665774733404,False,0.8770638514876282,ok,23.214963609886578,1.0935723753166848,0.007633693770341399,45dd06bd3c72ba393dc55474c4b7db71df2f0f755f49e27b28519a408d24578f,,0.09304589247856304,0.11178894721984699
7e28542fda40db288ad2613b49f17b1248f6f2ce,False,True,article-s-objective-preregistration,article-s-objective-implementation,2.0,0.95,16,20260618,4,0.6775984436433343,34.070992969116354,False,0.9218445095931901,ok,23.08645180925623,1.0709338952590604,0.00764364093674752,71a810f073bb7b9241ba3efe7c843dd87c274984ca037bab26a63bbe88692d88,,0.09304589247856304,0.11178894721984699
7e28542fda40db288ad2613b49f17b1248f6f2ce,False,True,article-s-objective-preregistration,article-s-objective-implementation,2.0,0.95,16,20260618,5,0.910618932008679,28.498687108109383,False,0.24297719100183066,ok,25.951444018036078,1.4149699429136133,0.007653412230715251,0ee25a23dc588750d6ee93c8016e89fbf3e32debf55dfccbc0102a0c9ccedc0e,,0.09304589247856304,0.11178894721984699
7e28542fda40db288ad2613b49f17b1248f6f2ce,False,True,article-s-objective-preregistration,article-s-objective-implementation,2.0,0.95,17,20260619,1,0.8494865921820429,29.72447050687783,False,0.38259089025281,ok,25.25053915530329,1.344527299723512,0.007584851532093317,6d5419958ece6fa3de2afd053ed6d2bab55d6aec6ba971fe1222f9b882f14f69,0.04624888376560897,0.09304589247856304,0.11178894721984699
7e28542fda40db288ad2613b49f17b1248f6f2ce,False,True,article-s-objective-preregistration,article-s-objective-implementation,2.0,0.95,17,20260619,2,0.98310661101879,27.204626426141683,True,0.04624888376560897,ok,26.745048089836367,1.513628424260284,0.007720410163747804,7336ebfb6bd3e01f5c5e3a46ba75ae910806f4e7f3275641b70eec539c678575,0.04624888376560897,0.09304589247856304,0.11178894721984699
7e28542fda40db288ad2613b49f17b1248f6f2ce,False,True,article-s-objective-preregistration,article-s-objective-implementation,2.0,0.95,17,20260619,3,0.8189226050855687,30.39114089137357,False,0.4930126591644616,ok,24.887992270286198,1.2888962730315103,0.007574959261138492,c604673b79164884ea9c2ad9186a1a4b44c165a7bfd29053fed99b0f659fb233,0.04624888376560897,0.09304589247856304,0.11178894721984699
7e28542fda40db288ad2613b49f17b1248f6f2ce,False,True,article-s-objective-preregistration,article-s-objective-implementation,2.0,0.95,17,20260619,4,0.904562014607161,28.614243940060412,False,0.25527958328353834,ok,25.883358144881793,1.408801586059513,0.007628741389201554,807a5fa8c72814e5fce91ac8191e3c0d53e5f2660e69c59815e36843a4c641cf,0.04624888376560897,0.09304589247856304,0.11178894721984699
7e28542fda40db288ad2613b49f17b1248f6f2ce,False,True,article-s-objective-preregistration,article-s-objective-implementation,2.0,0.95,17,20260619,5,0.9187962478036951,28.344600919707393,False,0.22120322958130165,ok,26.042912970520316,1.4259057821431302,0.007637259684102116,7771465bc9aac1adffa1fb68a65c7bb9b7d407e9f3224a711ede3372a3040947,0.04624888376560897,0.09304589247856304,0.11178894721984699
7e28542fda40db288ad2613b49f17b1248f6f2ce,False,True,article-s-objective-preregistration,article-s-objective-implementation,2.0,0.95,18,20260620,1,0.9959397392402256,26.991286760818817,True,0.01878032014126819,ok,26.881695098328045,1.5273429749987053,0.0077740139665762875,c68db1a5d2fb9bec280cbfba1fdcb6a8bfd5710c976b6d9921a570b4acb166c5,0.13028659477290327,0.09304589247856304,0.11178894721984699
7e28542fda40db288ad2613b49f17b1248f6f2ce,False,True,article-s-objective-preregistration,article-s-objective-implementation,2.0,0.95,18,20260620,2,0.8315403422298966,30.111223791712582,False,0.4658335388458737,ok,25.038697336721686,1.3026348170652358,0.0075906749941974105,08fbf6d1bc1ccb49ec7ef8bdb7cb331fa050505ffd2a76e934e9aa1882bb5c30,0.13028659477290327,0.09304589247856304,0.11178894721984699
7e28542fda40db288ad2613b49f17b1248f6f2ce,False,True,article-s-objective-preregistration,article-s-objective-implementation,2.0,0.95,18,20260620,3,0.7570596519511532,31.8687606372366,False,0.6621398681726742,ok,24.126552836140952,1.202978413689902,0.007588491799628283,fea4da66831c243c62e5d9d738f0c198f3d90d8e70add92fdd81df9b65b2f984,0.13028659477290327,0.09304589247856304,0.11178894721984699
7e28542fda40db288ad2613b49f17b1248f6f2ce,False,True,article-s-objective-preregistration,article-s-objective-implementation,2.0,0.95,18,20260620,4,0.9247042209744609,28.234626863869458,False,0.19582373301107453,ok,26.108678638658994,1.4386678390733918,0.007618969483706994,9ad233b5c0c0b32adaedcd6429a1af2976e8c44293391fa3b15d30aa395ef6ce,0.13028659477290327,0.09304589247856304,0.11178894721984699
7e28542fda40db288ad2613b49f17b1248f6f2ce,False,True,article-s-objective-preregistration,article-s-objective-implementation,2.0,0.95,18,20260620,5,0.942442963234837,27.911042089177496,True,0.13028659477290327,ok,26.304565213496694,1.4715467505003572,0.0076710757496356585,ceb38df55a6380877cbbd5577b9dbe60def38cc132bc79f9287d1854eadb1711,0.13028659477290327,0.09304589247856304,0.11178894721984699
7e28542fda40db288ad2613b49f17b1248f6f2ce,False,True,article-s-objective-preregistration,article-s-objective-implementation,2.0,0.95,19,20260621,1,0.8250106208528465,30.255236983705363,False,0.4930126591644616,ok,24.960891847976765,1.2888962730315103,0.007574959261138492,c604673b79164884ea9c2ad9186a1a4b44c165a7bfd29053fed99b0f659fb233,,0.09304589247856304,0.11178894721984699
7e28542fda40db288ad2613b49f17b1248f6f2ce,False,True,article-s-objective-preregistration,article-s-objective-implementation,2.0,0.95,19,20260621,2,0.8639671263943632,29.421713389012236,False,0.35326470914705294,ok,25.419393170303465,1.3593219959828604,0.0075992833880236255,fc68a6085314cf0b2c6ac7ad1c0b2750b5b8f7399a86d3834326c4dc585f666c,,0.09304589247856304,0.11178894721984699
7e28542fda40db288ad2613b49f17b1248f6f2ce,False,True,article-s-objective-preregistration,article-s-objective-implementation,2.0,0.95,19,20260621,3,0.7312916610046845,32.5416708265127,False,0.7644076528077732,ok,23.797452510588155,1.1511777695009882,0.007579669731165861,39ee29ec43c25fe518711c96104da7441a4e7ff86184e0d333d22d97434f3be1,,0.09304589247856304,0.11178894721984699
7e28542fda40db288ad2613b49f17b1248f6f2ce,False,True,article-s-objective-preregistration,article-s-objective-implementation,2.0,0.95,19,20260621,4,0.773792692435108,31.450764026899904,False,0.6168032235421153,ok,24.336371375516116,1.2259010484285795,0.00755391848340814,7ee65d57eabaef9353127c1da6336ab9e26e13a240edb04be903d03e62940614,,0.09304589247856304,0.11178894721984699
7e28542fda40db288ad2613b49f17b1248f6f2ce,False,True,article-s-objective-preregistration,article-s-objective-implementation,2.0,0.95,19,20260621,5,0.9073689635912853,28.56053915146466,False,0.25527958328353834,ok,25.914946809472813,1.408801586059513,0.007628741389201554,807a5fa8c72814e5fce91ac8191e3c0d53e5f2660e69c59815e36843a4c641cf,,0.09304589247856304,0.11178894721984699
7e28542fda40db288ad2613b49f17b1248f6f2ce,False,True,article-s-objective-preregistration,article-s-objective-implementation,2.0,0.95,20,20260622,1,0.9764392898919323,27.317229248630806,True,0.0678171292548219,ok,26.673615929348188,1.5028013539971699,0.0077062368487839095,2b6605dbd3a4160e7bb186e403c24e8e6505fd569174bcf87bb6ef8f12b1f332,0.0678171292548219,0.09304589247856304,0.11178894721984699
7e28542fda40db288ad2613b49f17b1248f6f2ce,False,True,article-s-objective-preregistration,article-s-objective-implementation,2.0,0.95,20,20260622,2,0.8998834050831047,28.70434996039769,False,0.25527958328353834,ok,25.830568183059754,1.408801586059513,0.007628741389201554,807a5fa8c72814e5fce91ac8191e3c0d53e5f2660e69c59815e36843a4c641cf,0.0678171292548219,0.09304589247856304,0.11178894721984699
7e28542fda40db288ad2613b49f17b1248f6f2ce,False,True,article-s-objective-preregistration,article-s-objective-implementation,2.0,0.95,20,20260622,3,0.7107154893285988,33.10631780937014,False,0.8159269524683106,ok,23.529172861754606,1.1247744910425588,0.007621371961759937,7d81be059db1bc0667612509fe605929f8886d547a3160281b6154a8ab612e14,0.0678171292548219,0.09304589247856304,0.11178894721984699
7e28542fda40db288ad2613b49f17b1248f6f2ce,False,True,article-s-objective-preregistration,article-s-objective-implementation,2.0,0.95,20,20260622,4,0.8024105434400164,30.767914686519802,False,0.5371741644485396,ok,24.688499144126414,1.2665727083599307,0.007546966535771027,6b1fdb9d1aeabccac98c4f0c11dbe5ffe61bfaecdaef3ac33638eba874320067,0.0678171292548219,0.09304589247856304,0.11178894721984699
7e28542fda40db288ad2613b49f17b1248f6f2ce,False,True,article-s-objective-preregistration,article-s-objective-implementation,2.0,0.95,20,20260622,5,0.9946609409934883,27.012348279296265,True,0.02027190063299104,ok,26.868127757928658,1.5266084388369527,0.007771703189319634,6a066f1e2b5a1bc383d90bc299e9755b1cabc99be92a33d76a3fd86f15b5cd5b,0.0678171292548219,0.09304589247856304,0.11178894721984699
7e28542fda40db288ad2613b49f17b1248f6f2ce,False,True,article-s-objective-preregistration,article-s-objective-implementation,2.0,0.95,21,20260623,1,0.868743511340596,29.32360668318807,False,0.34028742941077544,ok,25.474693035123373,1.3659135587074223,0.007619726931630488,a652008b32258649efbb8a9d866bd7d1057bf95de5a78742b503ebf9105552fc,,0.09304589247856304,0.11178894721984699
7e28542fda40db288ad2613b49f17b1248f6f2ce,False,True,article-s-objective-preregistration,article-s-objective-implementation,2.0,0.95,21,20260623,2,0.7633681982761705,31.709478535093634,False,0.6405233526523567,ok,24.20600749761133,1.2138936735825614,0.007584427137372618,26c2bb21d71d6be8796ff2f1b278a871e2e089594033da856ac69ab677f82bf4,,0.09304589247856304,0.11178894721984699
7e28542fda40db288ad2613b49f17b1248f6f2ce,False,True,article-s-objective-preregistration,article-s-objective-implementation,2.0,0.95,21,20260623,3,0.7935314001259803,30.975620871071232,False,0.5638899632180019,ok,24.580127799592695,1.25302168084046,0.007563285314025059,05ba6337a16b4ffa41d2a9659e578f32d8d2dc34ce47cc26a2fcf93b00d256c5,,0.09304589247856304,0.11178894721984699
7e28542fda40db288ad2613b49f17b1248f6f2ce,False,True,article-s-objective-preregistration,article-s-objective-implementation,2.0,0.95,21,20260623,4,0.7998438411778105,30.82758258301512,False,0.5371741644485396,ok,24.65725206742498,1.2665727083599307,0.007546966535771027,6b1fdb9d1aeabccac98c4f0c11dbe5ffe61bfaecdaef3ac33638eba874320067,,0.09304589247856304,0.11178894721984699
7e28542fda40db288ad2613b49f17b1248f6f2ce,False,True,article-s-objective-preregistration,article-s-objective-implementation,2.0,0.95,21,20260623,5,0.7561377642571622,31.892211945235285,False,0.6621398681726742,ok,24.114905837485768,1.202978413689902,0.007588491799628283,fea4da66831c243c62e5d9d738f0c198f3d90d8e70add92fdd81df9b65b2f984,,0.09304589247856304,0.11178894721984699
7e28542fda40db288ad2613b49f17b1248f6f2ce,False,True,article-s-objective-preregistration,article-s-objective-implementation,2.0,0.95,22,20260624,1,0.934281899441331,28.058698672138085,False,0.15794300519419124,ok,26.214734291257123,1.457674614666058,0.0076514917302157315,22a5fa13458d83bb6094afb602d3b19eb3db6d208191ac4e054de5f23c81b677,0.07640568726414262,0.09304589247856304,0.11178894721984699
7e28542fda40db288ad2613b49f17b1248f6f2ce,False,True,article-s-objective-preregistration,article-s-objective-implementation,2.0,0.95,22,20260624,2,0.9736129504702754,27.3653338204082,True,0.07640568726414262,ok,26.64324340149164,1.4985190051827566,0.00772074050641347,df8a30a943345515dfc1e0234cd305bd7e0784a54ddb7cf914f4c258fa1e7283,0.07640568726414262,0.09304589247856304,0.11178894721984699
7e28542fda40db288ad2613b49f17b1248f6f2ce,False,True,article-s-objective-preregistration,article-s-objective-implementation,2.0,0.95,22,20260624,3,0.7150894648708759,32.98415858733047,False,0.7941608492963189,ok,23.58662431343025,1.1359716306256082,0.007596087999028001,e979472c70b1688b8f562c348a4236d083478f3d19e96790c095dd2a6832492e,0.07640568726414262,0.09304589247856304,0.11178894721984699
7e28542fda40db288ad2613b49f17b1248f6f2ce,False,True,article-s-objective-preregistration,article-s-objective-implementation,2.0,0.95,22,20260624,4,0.744899881318335,32.18174537384781,False,0.725974766518444,ok,23.97217830959611,1.1707170806821707,0.007612263181119072,f54f07168927cf0a123e5323831fb5f25fd4514ab661df6a64e2f154f8bb5478,0.07640568726414262,0.09304589247856304,0.11178894721984699
7e28542fda40db288ad2613b49f17b1248f6f2ce,False,True,article-s-objective-preregistration,article-s-objective-implementation,2.0,0.95,22,20260624,5,0.9000514680123219,28.701100329262495,False,0.25527958328353834,ok,25.832467484921644,1.408801586059513,0.007628741389201554,807a5fa8c72814e5fce91ac8191e3c0d53e5f2660e69c59815e36843a4c641cf,0.07640568726414262,0.09304589247856304,0.11178894721984699
7e28542fda40db288ad2613b49f17b1248f6f2ce,False,True,article-s-objective-preregistration,article-s-objective-implementation,2.0,0.95,23,20260625,1,0.792921123018682,30.990031466389674,False,0.5638899632180019,ok,24.57265055271399,1.25302168084046,0.007563285314025059,05ba6337a16b4ffa41d2a9659e578f32d8d2dc34ce47cc26a2fcf93b00d256c5,0.05140001836900671,0.09304589247856304,0.11178894721984699
7e28542fda40db288ad2613b49f17b1248f6f2ce,False,True,article-s-objective-preregistration,article-s-objective-implementation,2.0,0.95,23,20260625,2,0.9078089103706775,28.55214567144917,False,0.25527958328353834,ok,25.91989225074313,1.408801586059513,0.007628741389201554,807a5fa8c72814e5fce91ac8191e3c0d53e5f2660e69c59815e36843a4c641cf,0.05140001836900671,0.09304589247856304,0.11178894721984699
7e28542fda40db288ad2613b49f17b1248f6f2ce,False,True,article-s-objective-preregistration,article-s-objective-implementation,2.0,0.95,23,20260625,3,0.8311611156098655,30.119538690020427,False,0.4658335388458737,ok,25.034189379251885,1.3026348170652358,0.0075906749941974105,08fbf6d1bc1ccb49ec7ef8bdb7cb331fa050505ffd2a76e934e9aa1882bb5c30,0.05140001836900671,0.09304589247856304,0.11178894721984699
7e28542fda40db288ad2613b49f17b1248f6f2ce,False,True,article-s-objective-preregistration,article-s-objective-implementation,2.0,0.95,23,20260625,4,0.8640640394027687,29.419714259323026,False,0.35326470914705294,ok,25.420517140985886,1.3593219959828604,0.0075992833880236255,fc68a6085314cf0b2c6ac7ad1c0b2750b5b8f7399a86d3834326c4dc585f666c,0.05140001836900671,0.09304589247856304,0.11178894721984699
7e28542fda40db288ad2613b49f17b1248f6f2ce,False,True,article-s-objective-preregistration,article-s-objective-implementation,2.0,0.95,23,20260625,5,0.9818345313556947,27.226016012008238,True,0.05140001836900671,ok,26.731442671832745,1.5110323960250776,0.0077334780376121515,412ffd54cd2a41a442cf2b090df81ddb4ff116e557d0937c174be453dff927a1,0.05140001836900671,0.09304589247856304,0.11178894721984699
7e28542fda40db288ad2613b49f17b1248f6f2ce,False,True,article-s-objective-preregistration,article-s-objective-implementation,2.0,0.95,24,20260626,1,0.9693972884080206,27.437500385758632,True,0.07640568726414262,ok,26.597838474648437,1.4985190051827566,0.00772074050641347,df8a30a943345515dfc1e0234cd305bd7e0784a54ddb7cf914f4c258fa1e7283,0.07640568726414262,0.09304589247856304,0.11178894721984699
7e28542fda40db288ad2613b49f17b1248f6f2ce,False,True,article-s-objective-preregistration,article-s-objective-implementation,2.0,0.95,24,20260626,2,0.6956661546473076,33.53578336740944,False,0.8463555335307332,ok,23.32970945829086,1.1091456059487146,0.0076172730503083486,8314eee7e3fb0f83db487ea7ec9cc5a2f801d0e5d186ceca304a7ac2ebb656ef,0.07640568726414262,0.09304589247856304,0.11178894721984699
7e28542fda40db288ad2613b49f17b1248f6f2ce,False,True,article-s-objective-preregistration,article-s-objective-implementation,2.0,0.95,24,20260626,3,0.6723747257569479,34.22990836700144,False,0.9518283233040856,ok,23.015325250948052,1.0555306172727281,0.007656245043301091,4704e3380c56eac6f144261eb73f7b3224f4e3c889f4096438e8d03f312fa114,0.07640568726414262,0.09304589247856304,0.11178894721984699
7e28542fda40db288ad2613b49f17b1248f6f2ce,False,True,article-s-objective-preregistration,article-s-objective-implementation,2.0,0.95,24,20260626,4,0.6825027037700687,33.92352842117703,False,0.9062804388647445,ok,23.152899868874094,1.0788067528071061,0.007626334615015828,e496b556a50c647fd45bf0f895f38e6f4581fe50f41dd885d07cef6d455eeb77,0.07640568726414262,0.09304589247856304,0.11178894721984699
7e28542fda40db288ad2613b49f17b1248f6f2ce,False,True,article-s-objective-preregistration,article-s-objective-implementation,2.0,0.95,24,20260626,5,0.7787952904255702,31.32854962061701,False,0.6050351431418937,ok,24.39852690040031,1.23193548901275,0.00757165919446523,c40bed5a1c31074d515bbf50376b437c575c24c0ff1eb6e4e4a1b8d23bb8c7c6,0.07640568726414262,0.09304589247856304,0.11178894721984699
7e28542fda40db288ad2613b49f17b1248f6f2ce,False,True,article-s-objective-preregistration,article-s-objective-implementation,2.0,0.95,25,20260627,1,0.9343660899133217,28.057164951556413,False,0.15794300519419124,ok,26.21566350983886,1.457674614666058,0.0076514917302157315,22a5fa13458d83bb6094afb602d3b19eb3db6d208191ac4e054de5f23c81b677,0.13028659477290327,0.09304589247856304,0.11178894721984699
7e28542fda40db288ad2613b49f17b1248f6f2ce,False,True,article-s-objective-preregistration,article-s-objective-implementation,2.0,0.95,25,20260627,2,0.7350172957892271,32.442091498002256,False,0.7587589520597164,ok,23.845498362608296,1.1540848696385897,0.007586975119158179,fa39fa89f22a27a905ce5069eb204105114751af61c135ded578b832cbce3c14,0.13028659477290327,0.09304589247856304,0.11178894721984699
7e28542fda40db288ad2613b49f17b1248f6f2ce,False,True,article-s-objective-preregistration,article-s-objective-implementation,2.0,0.95,25,20260627,3,0.9494275519982184,27.7862794529967,True,0.13028659477290327,ok,26.38105928019705,1.4715467505003572,0.0076710757496356585,ceb38df55a6380877cbbd5577b9dbe60def38cc132bc79f9287d1854eadb1711,0.13028659477290327,0.09304589247856304,0.11178894721984699
7e28542fda40db288ad2613b49f17b1248f6f2ce,False,True,article-s-objective-preregistration,article-s-objective-implementation,2.0,0.95,25,20260627,4,0.775231345278391,31.415490249705584,False,0.6106140911578177,ok,24.354272768859435,1.2291002638059068,0.00756207089961114,7b5feadbd258466f59d4c15f586c5ae8501bf753f15c9389df79ed378bab8ee1,0.13028659477290327,0.09304589247856304,0.11178894721984699
7e28542fda40db288ad2613b49f17b1248f6f2ce,False,True,article-s-objective-preregistration,article-s-objective-implementation,2.0,0.95,25,20260627,5,0.9681487808412431,27.458969380481676,True,0.07640568726414262,ok,26.584367728870358,1.4985190051827566,0.00772074050641347,df8a30a943345515dfc1e0234cd305bd7e0784a54ddb7cf914f4c258fa1e7283,0.13028659477290327,0.09304589247856304,0.11178894721984699
7e28542fda40db288ad2613b49f17b1248f6f2ce,False,True,article-s-objective-preregistration,article-s-objective-implementation,2.0,0.95,26,20260628,1,0.7061003791164151,33.23649529165232,False,0.8259993151547649,ok,23.468301925936647,1.1195632311151935,0.00760740991064246,beacf3b09218c8cc045a5e34ab5d4c26d16de5bb457c9edd26d9f2fbd8887612,0.14007096797660393,0.09304589247856304,0.11178894721984699
7e28542fda40db288ad2613b49f17b1248f6f2ce,False,True,article-s-objective-preregistration,article-s-objective-implementation,2.0,0.95,26,20260628,2,0.8849031605668767,28.997933560409535,False,0.29591847382224234,ok,25.6603630575147,1.3883290668882167,0.007628086591815464,be6aa3877539f6a5897b9f2ce24f03b4f58dd298403b9abe6a422b87a113c6c8,0.14007096797660393,0.09304589247856304,0.11178894721984699
7e28542fda40db288ad2613b49f17b1248f6f2ce,False,True,article-s-objective-preregistration,article-s-objective-implementation,2.0,0.95,26,20260628,3,0.9387634962393465,27.977360896756533,True,0.14007096797660393,ok,26.264125130989143,1.4666408980821257,0.007686901492534481,29ac02f6b0d074f53603f096b36c589c393ed92f5d9582960131a5e638985dab,0.14007096797660393,0.09304589247856304,0.11178894721984699
7e28542fda40db288ad2613b49f17b1248f6f2ce,False,True,article-s-objective-preregistration,article-s-objective-implementation,2.0,0.95,26,20260628,4,0.964188013976184,27.527370981681262,True,0.09050326654905105,ok,26.541561156812897,1.4914537871594542,0.007695207933622328,5ae72ff5ada2f78147c930cc70279e5f0e2a9f52b792055528978ef7ce69207c,0.14007096797660393,0.09304589247856304,0.11178894721984699
7e28542fda40db288ad2613b49f17b1248f6f2ce,False,True,article-s-objective-preregistration,article-s-objective-implementation,2.0,0.95,26,20260628,5,0.7350620040806434,32.440901340717964,False,0.7587589520597164,ok,23.846073953690578,1.1540848696385897,0.007586975119158179,fa39fa89f22a27a905ce5069eb204105114751af61c135ded578b832cbce3c14,0.14007096797660393,0.09304589247856304,0.11178894721984699
7e28542fda40db288ad2613b49f17b1248f6f2ce,False,True,article-s-objective-preregistration,article-s-objective-implementation,2.0,0.95,27,20260629,1,0.7313919570764065,32.53897967315207,False,0.7644076528077732,ok,23.798748024416103,1.1511777695009882,0.007579669731165861,39ee29ec43c25fe518711c96104da7441a4e7ff86184e0d333d22d97434f3be1,0.08200410929387314,0.09304589247856304,0.11178894721984699
7e28542fda40db288ad2613b49f17b1248f6f2ce,False,True,article-s-objective-preregistration,article-s-objective-implementation,2.0,0.95,27,20260629,2,0.719021458537535,32.87533869148612,False,0.7837716886850995,ok,23.63807397586781,1.1413241064386717,0.00758420903137802,3049e015122165288475b62d29d50c555581a40f8f944451c144fa810ce541fe,0.08200410929387314,0.09304589247856304,0.11178894721984699
7e28542fda40db288ad2613b49f17b1248f6f2ce,False,True,article-s-objective-preregistration,article-s-objective-implementation,2.0,0.95,27,20260629,3,0.9880195079032275,27.122430962344925,True,0.03535207114187479,ok,26.79749089255529,1.519093143706723,0.0077485831446484355,a7ee7144353b9b6abf323947a56496ab8edfa9f7b371f31413b350f0e99963d6,0.08200410929387314,0.09304589247856304,0.11178894721984699
7e28542fda40db288ad2613b49f17b1248f6f2ce,False,True,article-s-objective-preregistration,article-s-objective-implementation,2.0,0.95,27,20260629,4,0.967841719745766,27.464256288276108,True,0.08200410929387314,ok,26.58105303758362,1.4957302958280498,0.007708556370220165,3fe84632c2fb8cb3c545b8f7053b1cd66f011693ded9153b33930a13fe75f745,0.08200410929387314,0.09304589247856304,0.11178894721984699
7e28542fda40db288ad2613b49f17b1248f6f2ce,False,True,article-s-objective-preregistration,article-s-objective-implementation,2.0,0.95,27,20260629,5,0.721598278447592,32.80452862830665,False,0.7837716886850995,ok,23.671691383470822,1.1413241064386717,0.00758420903137802,3049e015122165288475b62d29d50c555581a40f8f944451c144fa810ce541fe,0.08200410929387314,0.09304589247856304,0.11178894721984699
7e28542fda40db288ad2613b49f17b1248f6f2ce,False,True,article-s-objective-preregistration,article-s-objective-implementation,2.0,0.95,28,20260630,1,0.8025571734036316,30.76451508819871,False,0.5371741644485396,ok,24.690282270318136,1.2665727083599307,0.007546966535771027,6b1fdb9d1aeabccac98c4f0c11dbe5ffe61bfaecdaef3ac33638eba874320067,,0.09304589247856304,0.11178894721984699
7e28542fda40db288ad2613b49f17b1248f6f2ce,False,True,article-s-objective-preregistration,article-s-objective-implementation,2.0,0.95,28,20260630,2,0.8433560161715852,29.855122999425177,False,0.39819112454706146,ok,25.178497595107885,1.3367787323927143,0.007582127659041316,42b9eb40d24a3c784fc56522f29412f1b2adf4e70ea1d979ffcd273982ee5c7c,,0.09304589247856304,0.11178894721984699
7e28542fda40db288ad2613b49f17b1248f6f2ce,False,True,article-s-objective-preregistration,article-s-objective-implementation,2.0,0.95,28,20260630,3,0.6706363553479855,34.283221216322644,False,0.9726749912064387,ok,22.99157452610335,1.04495788817884,0.007712705676562681,a9baed6d9880763d498b8dcd230e9a59d16a14154940cc178ebf8971c49d56b7,,0.09304589247856304,0.11178894721984699
7e28542fda40db288ad2613b49f17b1248f6f2ce,False,True,article-s-objective-preregistration,article-s-objective-implementation,2.0,0.95,28,20260630,4,0.9073872215890372,28.560190689450042,False,0.25527958328353834,ok,25.915152077753163,1.408801586059513,0.007628741389201554,807a5fa8c72814e5fce91ac8191e3c0d53e5f2660e69c59815e36843a4c641cf,,0.09304589247856304,0.11178894721984699
7e28542fda40db288ad2613b49f17b1248f6f2ce,False,True,article-s-objective-preregistration,article-s-objective-implementation,2.0,0.95,28,20260630,5,0.8377174861231798,29.976623331426577,False,0.42677964968394727,ok,25.11194153966413,1.3223604344753532,0.0075954349371238905,9634c987e6973c8cf41bcecde2a3afe5eed7a26352a04579af4e8905b06b76e5,,0.09304589247856304,0.11178894721984699
7e28542fda40db288ad2613b49f17b1248f6f2ce,False,True,article-s-objective-preregistration,article-s-objective-implementation,2.0,0.95,29,20260631,1,0.7699682768277631,31.545037624539493,False,0.627738823300783,ok,24.288678262233628,1.2204459226607296,0.007573749373928518,1c5c0bd967327f7b04871a91f9ff2b02209283b9e86460d9c232455c18118f82,0.01878032014126819,0.09304589247856304,0.11178894721984699
7e28542fda40db288ad2613b49f17b1248f6f2ce,False,True,article-s-objective-preregistration,article-s-objective-implementation,2.0,0.95,29,20260631,2,0.7935320011511727,30.975606687558816,False,0.5638899632180019,ok,24.580135161650198,1.25302168084046,0.007563285314025059,05ba6337a16b4ffa41d2a9659e578f32d8d2dc34ce47cc26a2fcf93b00d256c5,0.01878032014126819,0.09304589247856304,0.11178894721984699
7e28542fda40db288ad2613b49f17b1248f6f2ce,False,True,article-s-objective-preregistration,article-s-objective-implementation,2.0,0.95,29,20260631,3,0.9963040192223488,26.985295058211925,True,0.01878032014126819,ok,26.885557926397528,1.5273429749987053,0.0077740139665762875,c68db1a5d2fb9bec280cbfba1fdcb6a8bfd5710c976b6d9921a570b4acb166c5,0.01878032014126819,0.09304589247856304,0.11178894721984699
7e28542fda40db288ad2613b49f17b1248f6f2ce,False,True,article-s-objective-preregistration,article-s-objective-implementation,2.0,0.95,29,20260631,4,0.696664096341745,33.506855912617574,False,0.8463555335307332,ok,23.343023495616777,1.1091456059487146,0.0076172730503083486,8314eee7e3fb0f83db487ea7ec9cc5a2f801d0e5d186ceca304a7ac2ebb656ef,0.01878032014126819,0.09304589247856304,0.11178894721984699
7e28542fda40db288ad2613b49f17b1248f6f2ce,False,True,article-s-objective-preregistration,article-s-objective-implementation,2.0,0.95,29,20260631,5,0.8462913350274728,29.79237965307211,False,0.39819112454706146,ok,25.213032750243713,1.3367787323927143,0.007582127659041316,42b9eb40d24a3c784fc56522f29412f1b2adf4e70ea1d979ffcd273982ee5c7c,0.01878032014126819,0.09304589247856304,0.11178894721984699
7e28542fda40db288ad2613b49f17b1248f6f2ce,False,True,article-s-objective-preregistration,article-s-objective-implementation,2.0,0.95,30,20260632,1,0.73379202571189,32.4747531061008,False,0.7644076528077732,ok,23.829714866219195,1.1511777695009882,0.007579669731165861,39ee29ec43c25fe518711c96104da7441a4e7ff86184e0d333d22d97434f3be1,,0.09304589247856304,0.11178894721984699
7e28542fda40db288ad2613b49f17b1248f6f2ce,False,True,article-s-objective-preregistration,article-s-objective-implementation,2.0,0.95,30,20260632,2,0.8189487658370131,30.3905534862775,False,0.4930126591644616,ok,24.888306270690695,1.2888962730315103,0.007574959261138492,c604673b79164884ea9c2ad9186a1a4b44c165a7bfd29053fed99b0f659fb233,,0.09304589247856304,0.11178894721984699
7e28542fda40db288ad2613b49f17b1248f6f2ce,False,True,article-s-objective-preregistration,article-s-objective-implementation,2.0,0.95,30,20260632,3,0.8739611687780802,29.217409007273258,False,0.34028742941077544,ok,25.534880924663742,1.3659135587074223,0.007619726931630488,a652008b32258649efbb8a9d866bd7d1057bf95de5a78742b503ebf9105552fc,,0.09304589247856304,0.11178894721984699
7e28542fda40db288ad2613b49f17b1248f6f2ce,False,True,article-s-objective-preregistration,article-s-objective-implementation,2.0,0.95,30,20260632,4,0.8989444451014067,28.722523260555338,False,0.25527958328353834,ok,25.819952734372166,1.408801586059513,0.007628741389201554,807a5fa8c72814e5fce91ac8191e3c0d53e5f2660e69c59815e36843a4c641cf,,0.09304589247856304,0.11178894721984699
7e28542fda40db288ad2613b49f17b1248f6f2ce,False,True,article-s-objective-preregistration,article-s-objective-implementation,2.0,0.95,30,20260632,5,0.8412623242910963,29.90008791237837,False,0.4162815439065738,ok,25.15381745367554,1.327632328090233,0.007577896657875005,7f5f7e71499b4cb229de8c0fe3215ee59d396e82a3463c6f9dcb8e94c2147068,,0.09304589247856304,0.11178894721984699
7e28542fda40db288ad2613b49f17b1248f6f2ce,False,True,article-s-objective-preregistration,article-s-objective-implementation,2.0,0.95,31,20260633,1,0.8965278570153261,28.769434620729765,False,0.2606536397749358,ok,25.792599568065388,1.406107834241256,0.007617892391954317,71a62d30e25c9a82b6c3685732115d4cd7eca9ff01e518db70a09db96e6c2083,,0.09304589247856304,0.11178894721984699
7e28542fda40db288ad2613b49f17b1248f6f2ce,False,True,article-s-objective-preregistration,article-s-objective-implementation,2.0,0.95,31,20260633,2,0.7538505293062681,31.950590089616444,False,0.6733686105627895,ok,24.08596925070496,1.1973756196847085,0.007608231232925533,2bfca5d82de989fa2c463a2821962d5a31f1519aeaec50202528cff465b336e4,,0.09304589247856304,0.11178894721984699
7e28542fda40db288ad2613b49f17b1248f6f2ce,False,True,article-s-objective-preregistration,article-s-objective-implementation,2.0,0.95,31,20260633,3,0.6737296370821981,34.188504591294695,False,0.9518283233040856,ok,23.03380879067604,1.0555306172727281,0.007656245043301091,4704e3380c56eac6f144261eb73f7b3224f4e3c889f4096438e8d03f312fa114,,0.09304589247856304,0.11178894721984699
7e28542fda40db288ad2613b49f17b1248f6f2ce,False,True,article-s-objective-preregistration,article-s-objective-implementation,2.0,0.95,31,20260633,4,0.9004827236259976,28.692766066273503,False,0.25527958328353834,ok,25.837340135721565,1.408801586059513,0.007628741389201554,807a5fa8c72814e5fce91ac8191e3c0d53e5f2660e69c59815e36843a4c641cf,,0.09304589247856304,0.11178894721984699
7e28542fda40db288ad2613b49f17b1248f6f2ce,False,True,article-s-objective-preregistration,article-s-objective-implementation,2.0,0.95,31,20260633,5,0.8549619368215429,29.609037897716654,False,0.38259089025281,ok,25.314600388454295,1.344527299723512,0.007584851532093317,6d5419958ece6fa3de2afd053ed6d2bab55d6aec6ba971fe1222f9b882f14f69,,0.09304589247856304,0.11178894721984699
7e28542fda40db288ad2613b49f17b1248f6f2ce,False,True,article-s-objective-preregistration,article-s-objective-implementation,2.0,0.95,32,20260634,1,0.9025626142148356,28.65265986003131,False,0.25527958328353834,ok,25.860819587478346,1.408801586059513,0.007628741389201554,807a5fa8c72814e5fce91ac8191e3c0d53e5f2660e69c59815e36843a4c641cf,0.13028659477290327,0.09304589247856304,0.11178894721984699
7e28542fda40db288ad2613b49f17b1248f6f2ce,False,True,article-s-objective-preregistration,article-s-objective-implementation,2.0,0.95,32,20260634,2,0.9481536677418891,27.808925061601464,True,0.13028659477290327,ok,26.36713429311677,1.4715467505003572,0.0076710757496356585,ceb38df55a6380877cbbd5577b9dbe60def38cc132bc79f9287d1854eadb1711,0.13028659477290327,0.09304589247856304,0.11178894721984699
7e28542fda40db288ad2613b49f17b1248f6f2ce,False,True,article-s-objective-preregistration,article-s-objective-implementation,2.0,0.95,32,20260634,3,0.9099258632913818,28.511847837073123,False,0.24746002684557855,ok,25.943667757181277,1.412727513227191,0.00764053363978956,984372d5d0174eb6f4d45dc9300e77c6360092d2e18f4797af962b801ba30975,0.13028659477290327,0.09304589247856304,0.11178894721984699
7e28542fda40db288ad2613b49f17b1248f6f2ce,False,True,article-s-objective-preregistration,article-s-objective-implementation,2.0,0.95,32,20260634,4,0.7526250211140937,31.981984018350566,False,0.6853162944877192,ok,24.0704413970817,1.1913341892384766,0.007607236658393468,7cd79f76650caa61fadbb434465d3fb7f60e952228527c59f9a463e1f53663da,0.13028659477290327,0.09304589247856304,0.11178894721984699
7e28542fda40db288ad2613b49f17b1248f6f2ce,False,True,article-s-objective-preregistration,article-s-objective-implementation,2.0,0.95,32,20260634,5,0.9658571388203859,27.4984910011473,True,0.09050326654905105,ok,26.55961384024626,1.4914537871594542,0.007695207933622328,5ae72ff5ada2f78147c930cc70279e5f0e2a9f52b792055528978ef7ce69207c,0.13028659477290327,0.09304589247856304,0.11178894721984699
7e28542fda40db288ad2613b49f17b1248f6f2ce,False,True,article-s-objective-preregistration,article-s-objective-implementation,2.0,0.95,33,20260635,1,0.7062245079856967,33.232976583290636,False,0.8259993151547649,ok,23.46994253643461,1.1195632311151935,0.00760740991064246,beacf3b09218c8cc045a5e34ab5d4c26d16de5bb457c9edd26d9f2fbd8887612,,0.09304589247856304,0.11178894721984699
7e28542fda40db288ad2613b49f17b1248f6f2ce,False,True,article-s-objective-preregistration,article-s-objective-implementation,2.0,0.95,33,20260635,2,0.9052541551715118,28.600976771786833,False,0.25527958328353834,ok,25.89115306462392,1.408801586059513,0.007628741389201554,807a5fa8c72814e5fce91ac8191e3c0d53e5f2660e69c59815e36843a4c641cf,,0.09304589247856304,0.11178894721984699
7e28542fda40db288ad2613b49f17b1248f6f2ce,False,True,article-s-objective-preregistration,article-s-objective-implementation,2.0,0.95,33,20260635,3,0.7995769872738449,30.833803451768254,False,0.5371741644485396,ok,24.65399967015874,1.2665727083599307,0.007546966535771027,6b1fdb9d1aeabccac98c4f0c11dbe5ffe61bfaecdaef3ac33638eba874320067,,0.09304589247856304,0.11178894721984699
7e28542fda40db288ad2613b49f17b1248f6f2ce,False,True,article-s-objective-preregistration,article-s-objective-implementation,2.0,0.95,33,20260635,4,0.7397308318169095,32.31723709259798,False,0.7431017573714531,ok,23.906056676531783,1.162058634757006,0.0076115864538914835,0af391969727ef10dac5dd89753592f827c552147f827e148cfc44a5541f1325,,0.09304589247856304,0.11178894721984699
7e28542fda40db288ad2613b49f17b1248f6f2ce,False,True,article-s-objective-preregistration,article-s-objective-implementation,2.0,0.95,33,20260635,5,0.8853749768729142,28.98856671774495,False,0.29089121373805815,ok,25.665751587302363,1.3908654983837887,0.007640078157254315,e2368c4e851516cb58224f25b22ce080dabe29427b1c7ed988fb02b0546bae47,,0.09304589247856304,0.11178894721984699
7e28542fda40db288ad2613b49f17b1248f6f2ce,False,True,article-s-objective-preregistration,article-s-objective-implementation,2.0,0.95,34,20260636,1,0.7014147359575894,33.370032720378916,False,0.8309592810084849,ok,23.406232689460698,1.1169657644612727,0.007601250340548038,3a513464732289a6f9b80632ea1fa71d7bfb4bdeb80306c61a55d157b639b9ea,0.09050326654905105,0.09304589247856304,0.11178894721984699
7e28542fda40db288ad2613b49f17b1248f6f2ce,False,True,article-s-objective-preregistration,article-s-objective-implementation,2.0,0.95,34,20260636,2,0.770922261040017,31.521452558435936,False,0.627738823300783,ok,24.300589477615063,1.2204459226607296,0.007573749373928518,1c5c0bd967327f7b04871a91f9ff2b02209283b9e86460d9c232455c18118f82,0.09050326654905105,0.09304589247856304,0.11178894721984699
7e28542fda40db288ad2613b49f17b1248f6f2ce,False,True,article-s-objective-preregistration,article-s-objective-implementation,2.0,0.95,34,20260636,3,0.8003750625620929,30.81520855170364,False,0.5371741644485396,ok,24.663724472433742,1.2665727083599307,0.007546966535771027,6b1fdb9d1aeabccac98c4f0c11dbe5ffe61bfaecdaef3ac33638eba874320067,0.09050326654905105,0.09304589247856304,0.11178894721984699
7e28542fda40db288ad2613b49f17b1248f6f2ce,False,True,article-s-objective-preregistration,article-s-objective-implementation,2.0,0.95,34,20260636,4,0.9641429490007104,27.528151822560936,True,0.09050326654905105,ok,26.541073478743183,1.4914537871594542,0.007695207933622328,5ae72ff5ada2f78147c930cc70279e5f0e2a9f52b792055528978ef7ce69207c,0.09050326654905105,0.09304589247856304,0.11178894721984699
7e28542fda40db288ad2613b49f17b1248f6f2ce,False,True,article-s-objective-preregistration,article-s-objective-implementation,2.0,0.95,34,20260636,5,0.7353090735695518,32.43432627500645,False,0.7587589520597164,ok,23.849254405127564,1.1540848696385897,0.007586975119158179,fa39fa89f22a27a905ce5069eb204105114751af61c135ded578b832cbce3c14,0.09050326654905105,0.09304589247856304,0.11178894721984699
7e28542fda40db288ad2613b49f17b1248f6f2ce,False,True,article-s-objective-preregistration,article-s-objective-implementation,2.0,0.95,35,20260637,1,0.8485022404505211,29.745347882041518,False,0.3850336849565273,ok,25.23899432089239,1.343339334589274,0.007575972206613546,e3d33c25c8d42bff0a5c18aa6995bdbde5a678f5dc8d8957c5d905e0c59e0d1b,,0.09304589247856304,0.11178894721984699
7e28542fda40db288ad2613b49f17b1248f6f2ce,False,True,article-s-objective-preregistration,article-s-objective-implementation,2.0,0.95,35,20260637,2,0.8536119815795402,29.637389051518383,False,0.38259089025281,ok,25.298830397110375,1.344527299723512,0.007584851532093317,6d5419958ece6fa3de2afd053ed6d2bab55d6aec6ba971fe1222f9b882f14f69,,0.09304589247856304,0.11178894721984699
7e28542fda40db288ad2613b49f17b1248f6f2ce,False,True,article-s-objective-preregistration,article-s-objective-implementation,2.0,0.95,35,20260637,3,0.7169126150966025,32.93358565939457,False,0.7894332669395547,ok,23.61050301958453,1.1384040635963784,0.0076027560740516975,1b98b6fa2fca3629d8e047e9a99530ed86eadeb05ae8fbc74d9f8c6c2b7846e4,,0.09304589247856304,0.11178894721984699
7e28542fda40db288ad2613b49f17b1248f6f2ce,False,True,article-s-objective-preregistration,article-s-objective-implementation,2.0,0.95,35,20260637,4,0.8365335899665216,30.00229869295151,False,0.4334567233471482,ok,25.097930632862607,1.3189880638845843,0.00758472754414985,f05a0b86ba3d471451faf9fd25fb4eb4aaebb5e50358646637e1afdcbe0d9668,,0.09304589247856304,0.11178894721984699
7e28542fda40db288ad2613b49f17b1248f6f2ce,False,True,article-s-objective-preregistration,article-s-objective-implementation,2.0,0.95,35,20260637,5,0.8078235205207277,30.64306172457392,False,0.5265952346333038,ok,24.754186001879265,1.271955421725947,0.007540131643852366,9d9a2592a0837ac5f99c2ed33b2b5b3a7618e8b3e8cef888f3969ea2fe938f0f,,0.09304589247856304,0.11178894721984699
7e28542fda40db288ad2613b49f17b1248f6f2ce,False,True,article-s-objective-preregistration,article-s-objective-implementation,2.0,0.95,36,20260638,1,0.9226802495677139,28.272175930110173,False,0.19582373301107453,ok,26.086178343016368,1.4386678390733918,0.007618969483706994,9ad233b5c0c0b32adaedcd6429a1af2976e8c44293391fa3b15d30aa395ef6ce,,0.09304589247856304,0.11178894721984699
7e28542fda40db288ad2613b49f17b1248f6f2ce,False,True,article-s-objective-preregistration,article-s-objective-implementation,2.0,0.95,36,20260638,2,0.6811379385796476,33.96439842133433,False,0.9062804388647445,ok,23.1344403258055,1.0788067528071061,0.007626334615015828,e496b556a50c647fd45bf0f895f38e6f4581fe50f41dd885d07cef6d455eeb77,,0.09304589247856304,0.11178894721984699
7e28542fda40db288ad2613b49f17b1248f6f2ce,False,True,article-s-objective-preregistration,article-s-objective-implementation,2.0,0.95,36,20260638,3,0.7783241901590701,31.340005896318537,False,0.6050351431418937,ok,24.392684708832608,1.23193548901275,0.00757165919446523,c40bed5a1c31074d515bbf50376b437c575c24c0ff1eb6e4e4a1b8d23bb8c7c6,,0.09304589247856304,0.11178894721984699
7e28542fda40db288ad2613b49f17b1248f6f2ce,False,True,article-s-objective-preregistration,article-s-objective-implementation,2.0,0.95,36,20260638,4,0.8854986446660807,28.98611288460378,False,0.29089121373805815,ok,25.667163673454667,1.3908654983837887,0.007640078157254315,e2368c4e851516cb58224f25b22ce080dabe29427b1c7ed988fb02b0546bae47,,0.09304589247856304,0.11178894721984699
7e28542fda40db288ad2613b49f17b1248f6f2ce,False,True,article-s-objective-preregistration,article-s-objective-implementation,2.0,0.95,36,20260638,5,0.7656281405974078,31.652920962565886,False,0.6350345870951328,ok,24.23436702104603,1.2167317347313538,0.007591765562744879,734f650d522db262ca3eea83be4de4668192f98f1cdc0449cb53ac9f69da7db0,,0.09304589247856304,0.11178894721984699
7e28542fda40db288ad2613b49f17b1248f6f2ce,False,True,article-s-objective-preregistration,article-s-objective-implementation,2.0,0.95,37,20260639,1,0.9375467388296117,27.999382932509384,True,0.14007096797660393,ok,26.250730157615664,1.4666408980821257,0.007686901492534481,29ac02f6b0d074f53603f096b36c589c393ed92f5d9582960131a5e638985dab,0.14007096797660393,0.09304589247856304,0.11178894721984699
7e28542fda40db288ad2613b49f17b1248f6f2ce,False,True,article-s-objective-preregistration,article-s-objective-implementation,2.0,0.95,37,20260639,2,0.9590842470256897,27.61617565933113,True,0.09860978691839115,ok,26.48623903795878,1.4874261371103215,0.007667311742250771,86ac56b04dd40f1312c4201c400b9e0c849c51a8e5c445b46934cacb03963f44,0.14007096797660393,0.09304589247856304,0.11178894721984699
7e28542fda40db288ad2613b49f17b1248f6f2ce,False,True,article-s-objective-preregistration,article-s-objective-implementation,2.0,0.95,37,20260639,3,0.6801818453152173,33.993106425946266,False,0.9062804388647445,ok,23.121493856796704,1.0788067528071061,0.007626334615015828,e496b556a50c647fd45bf0f895f38e6f4581fe50f41dd885d07cef6d455eeb77,0.14007096797660393,0.09304589247856304,0.11178894721984699
7e28542fda40db288ad2613b49f17b1248f6f2ce,False,True,article-s-objective-preregistration,article-s-objective-implementation,2.0,0.95,37,20260639,4,0.9113090680488387,28.485597882654325,False,0.24297719100183066,ok,25.959183659255686,1.4149699429136133,0.007653412230715251,0ee25a23dc588750d6ee93c8016e89fbf3e32debf55dfccbc0102a0c9ccedc0e,0.14007096797660393,0.09304589247856304,0.11178894721984699
7e28542fda40db288ad2613b49f17b1248f6f2ce,False,True,article-s-objective-preregistration,article-s-objective-implementation,2.0,0.95,37,20260639,5,0.9562328974589502,27.666117500334845,True,0.10562306470216155,ok,26.45525169878496,1.4839169518188196,0.007654232804964689,cf64feb106cd9eee40661138a0d491338636725e3f7226a3973341dcf36ccf2b,0.14007096797660393,0.09304589247856304,0.11178894721984699
7e28542fda40db288ad2613b49f17b1248f6f2ce,False,True,article-s-objective-preregistration,article-s-objective-implementation,2.0,0.95,38,20260640,1,0.672079718412742,34.23894056522267,False,0.9555091356718084,ok,23.011297533825463,1.053596399024416,0.007674200023479294,14f74f29ed26fee75636ae59a3b217d43b86960d3c01ecf6067b138259293174,,0.09304589247856304,0.11178894721984699
7e28542fda40db288ad2613b49f17b1248f6f2ce,False,True,article-s-objective-preregistration,article-s-objective-implementation,2.0,0.95,38,20260640,2,0.8155190086565243,30.467817899749235,False,0.5100193356191307,ok,24.847084649531002,1.2803162303933822,0.0075690337521043816,5b786e3da09efbae0c84fe291771d16442a52983957b7c172aebf2562530d43d,,0.09304589247856304,0.11178894721984699
7e28542fda40db288ad2613b49f17b1248f6f2ce,False,True,article-s-objective-preregistration,article-s-objective-implementation,2.0,0.95,38,20260640,3,0.7243900932713417,32.728256776379105,False,0.7734207120207184,ok,23.708024978849682,1.146625453282872,0.0075995707769087595,dc4dc1812a626d801c76cb4afe9f9756609b5222732d9bcc6f127c6667affb58,,0.09304589247856304,0.11178894721984699
7e28542fda40db288ad2613b49f17b1248f6f2ce,False,True,article-s-objective-preregistration,article-s-objective-implementation,2.0,0.95,38,20260640,4,0.8788074653616713,29.11966670017126,False,0.3164046667306051,ok,25.590580484954167,1.3779625608335468,0.00759824248241614,c96ae04fd215bbae353ef0414a4df0b35a0aa9326b1b18db1ee627f168530380,,0.09304589247856304,0.11178894721984699
7e28542fda40db288ad2613b49f17b1248f6f2ce,False,True,article-s-objective-preregistration,article-s-objective-implementation,2.0,0.95,38,20260640,5,0.8961819602140745,28.77616568404463,False,0.2606536397749358,ok,25.7886805701721,1.406107834241256,0.007617892391954317,71a62d30e25c9a82b6c3685732115d4cd7eca9ff01e518db70a09db96e6c2083,,0.09304589247856304,0.11178894721984699
7e28542fda40db288ad2613b49f17b1248f6f2ce,False,True,article-s-objective-preregistration,article-s-objective-implementation,2.0,0.95,39,20260641,1,0.7772728254676198,31.365612550383066,False,0.6050351431418937,ok,24.37963828955888,1.23193548901275,0.00757165919446523,c40bed5a1c31074d515bbf50376b437c575c24c0ff1eb6e4e4a1b8d23bb8c7c6,0.09860978691839115,0.09304589247856304,0.11178894721984699
7e28542fda40db288ad2613b49f17b1248f6f2ce,False,True,article-s-objective-preregistration,article-s-objective-implementation,2.0,0.95,39,20260641,2,0.8023739617819167,30.76876298073619,False,0.5371741644485396,ok,24.688054251982074,1.2665727083599307,0.007546966535771027,6b1fdb9d1aeabccac98c4f0c11dbe5ffe61bfaecdaef3ac33638eba874320067,0.09860978691839115,0.09304589247856304,0.11178894721984699
7e28542fda40db288ad2613b49f17b1248f6f2ce,False,True,article-s-objective-preregistration,article-s-objective-implementation,2.0,0.95,39,20260641,3,0.921603033316932,28.292214115054918,False,0.19582373301107453,ok,26.074190347686734,1.4386678390733918,0.007618969483706994,9ad233b5c0c0b32adaedcd6429a1af2976e8c44293391fa3b15d30aa395ef6ce,0.09860978691839115,0.09304589247856304,0.11178894721984699
7e28542fda40db288ad2613b49f17b1248f6f2ce,False,True,article-s-objective-preregistration,article-s-objective-implementation,2.0,0.95,39,20260641,4,0.9588387978874984,27.620465423448234,True,0.09860978691839115,ok,26.48357386371232,1.4874261371103215,0.007667311742250771,86ac56b04dd40f1312c4201c400b9e0c849c51a8e5c445b46934cacb03963f44,0.09860978691839115,0.09304589247856304,0.11178894721984699
7e28542fda40db288ad2613b49f17b1248f6f2ce,False,True,article-s-objective-preregistration,article-s-objective-implementation,2.0,0.95,39,20260641,5,0.9138848838893354,28.436883424947847,False,0.24297719100183066,ok,25.98803790698303,1.4149699429136133,0.007653412230715251,0ee25a23dc588750d6ee93c8016e89fbf3e32debf55dfccbc0102a0c9ccedc0e,0.09860978691839115,0.09304589247856304,0.11178894721984699
7e28542fda40db288ad2613b49f17b1248f6f2ce,False,True,article-s-objective-preregistration,article-s-objective-implementation,2.0,0.95,40,20260642,1,0.9105092365926201,28.50076906086369,False,0.24297719100183066,ok,25.950213479909564,1.4149699429136133,0.007653412230715251,0ee25a23dc588750d6ee93c8016e89fbf3e32debf55dfccbc0102a0c9ccedc0e,,0.09304589247856304,0.11178894721984699
7e28542fda40db288ad2613b49f17b1248f6f2ce,False,True,article-s-objective-preregistration,article-s-objective-implementation,2.0,0.95,40,20260642,2,0.8701059637995832,29.295778584198064,False,0.34028742941077544,ok,25.490431660262846,1.3659135587074223,0.007619726931630488,a652008b32258649efbb8a9d866bd7d1057bf95de5a78742b503ebf9105552fc,,0.09304589247856304,0.11178894721984699
7e28542fda40db288ad2613b49f17b1248f6f2ce,False,True,article-s-objective-preregistration,article-s-objective-implementation,2.0,0.95,40,20260642,3,0.9118021295787183,28.476256050565723,False,0.24297719100183066,ok,25.964710909334688,1.4149699429136133,0.007653412230715251,0ee25a23dc588750d6ee93c8016e89fbf3e32debf55dfccbc0102a0c9ccedc0e,,0.09304589247856304,0.11178894721984699
7e28542fda40db288ad2613b49f17b1248f6f2ce,False,True,article-s-objective-preregistration,article-s-objective-implementation,2.0,0.95,40,20260642,4,0.7457082064829041,32.160690955644775,False,0.725974766518444,ok,23.982491171784822,1.1707170806821707,0.007612263181119072,f54f07168927cf0a123e5323831fb5f25fd4514ab661df6a64e2f154f8bb5478,,0.09304589247856304,0.11178894721984699
7e28542fda40db288ad2613b49f17b1248f6f2ce,False,True,article-s-objective-preregistration,article-s-objective-implementation,2.0,0.95,40,20260642,5,0.804357563315208,30.722853019481068,False,0.5371741644485396,ok,24.712159192841074,1.2665727083599307,0.007546966535771027,6b1fdb9d1aeabccac98c4f0c11dbe5ffe61bfaecdaef3ac33638eba874320067,,0.09304589247856304,0.11178894721984699
7e28542fda40db288ad2613b49f17b1248f6f2ce,False,True,article-s-objective-preregistration,article-s-objective-implementation,2.0,0.95,41,20260643,1,0.8268858832066097,30.21369402280125,False,0.48599473845308633,ok,24.983277066978275,1.2924526306117932,0.007584532892918272,72480aacf032133f2f4e70954c02898982cf24e31e44d31376af1e7746df29ae,,0.09304589247856304,0.11178894721984699
7e28542fda40db288ad2613b49f17b1248f6f2ce,False,True,article-s-objective-preregistration,article-s-objective-implementation,2.0,0.95,41,20260643,2,0.9097208198265385,28.51574447667263,False,0.24746002684557855,ok,25.941366443282714,1.412727513227191,0.00764053363978956,984372d5d0174eb6f4d45dc9300e77c6360092d2e18f4797af962b801ba30975,,0.09304589247856304,0.11178894721984699
7e28542fda40db288ad2613b49f17b1248f6f2ce,False,True,article-s-objective-preregistration,article-s-objective-implementation,2.0,0.95,41,20260643,3,0.7809120857682017,31.277207556921283,False,0.5991731504553195,ok,24.42474939028036,1.2349440533997464,0.007580014198841578,e6ae7ab26ffeabc4b4ece09c15986e074e305e26bd6c43011b681771c7c2ce8d,,0.09304589247856304,0.11178894721984699
7e28542fda40db288ad2613b49f17b1248f6f2ce,False,True,article-s-objective-preregistration,article-s-objective-implementation,2.0,0.95,41,20260643,4,0.7146863057748701,32.99536923751321,False,0.7941608492963189,ok,23.581338548036108,1.1359716306256082,0.007596087999028001,e979472c70b1688b8f562c348a4236d083478f3d19e96790c095dd2a6832492e,,0.09304589247856304,0.11178894721984699
7e28542fda40db288ad2613b49f17b1248f6f2ce,False,True,article-s-objective-preregistration,article-s-objective-implementation,2.0,0.95,41,20260643,5,0.769543444204542,31.555555444953534,False,0.627738823300783,ok,24.28337082089693,1.2204459226607296,0.007573749373928518,1c5c0bd967327f7b04871a91f9ff2b02209283b9e86460d9c232455c18118f82,,0.09304589247856304,0.11178894721984699
7e28542fda40db288ad2613b49f17b1248f6f2ce,False,True,article-s-objective-preregistration,article-s-objective-implementation,2.0,0.95,42,20260644,1,0.9740150528572875,27.358476407250183,True,0.07640568726414262,ok,26.647567843902642,1.4985190051827566,0.00772074050641347,df8a30a943345515dfc1e0234cd305bd7e0784a54ddb7cf914f4c258fa1e7283,0.07640568726414262,0.09304589247856304,0.11178894721984699
7e28542fda40db288ad2613b49f17b1248f6f2ce,False,True,article-s-objective-preregistration,article-s-objective-implementation,2.0,0.95,42,20260644,2,0.9321239628055765,28.09808564028549,False,0.16572529742251474,ok,26.190898934273374,1.453752788657521,0.007640144544502903,7ce64717d35ee9375965db4d3fee9dd9bcc1482e85cd56acc1714d4ff79c28d5,0.07640568726414262,0.09304589247856304,0.11178894721984699
7e28542fda40db288ad2613b49f17b1248f6f2ce,False,True,article-s-objective-preregistration,article-s-objective-implementation,2.0,0.95,42,20260644,3,0.7023439349061846,33.34344036891929,False,0.8309592810084849,ok,23.418563112016496,1.1169657644612727,0.007601250340548038,3a513464732289a6f9b80632ea1fa71d7bfb4bdeb80306c61a55d157b639b9ea,0.07640568726414262,0.09304589247856304,0.11178894721984699
7e28542fda40db288ad2613b49f17b1248f6f2ce,False,True,article-s-objective-preregistration,article-s-objective-implementation,2.0,0.95,42,20260644,4,0.8638216137448925,29.42471570377153,False,0.35326470914705294,ok,25.417705403216605,1.3593219959828604,0.0075992833880236255,fc68a6085314cf0b2c6ac7ad1c0b2750b5b8f7399a86d3834326c4dc585f666c,0.07640568726414262,0.09304589247856304,0.11178894721984699
7e28542fda40db288ad2613b49f17b1248f6f2ce,False,True,article-s-objective-preregistration,article-s-objective-implementation,2.0,0.95,42,20260644,5,0.8110700120761924,30.568811530538373,False,0.5150570087230713,ok,24.79344633722861,1.2777849354579018,0.007557911908779413,6090eb7a50701fdedb3d7c066fa9585338cc1ddbd69db2a4fd86482a163cd2aa,0.07640568726414262,0.09304589247856304,0.11178894721984699
7e28542fda40db288ad2613b49f17b1248f6f2ce,False,True,article-s-objective-preregistration,article-s-objective-implementation,2.0,0.95,43,20260645,1,0.8807458909437673,29.08081071640659,False,0.3025653948847679,ok,25.612804543788577,1.3849800848591824,0.007618716136253312,d9bc91e31a9bc2b97d5f3fbd08a9b53831de0112cc96943b03b7658ddb0d5b19,,0.09304589247856304,0.11178894721984699
7e28542fda40db288ad2613b49f17b1248f6f2ce,False,True,article-s-objective-preregistration,article-s-objective-implementation,2.0,0.95,43,20260645,2,0.8433738474024066,29.854740808083754,False,0.39819112454706146,ok,25.17870761851523,1.3367787323927143,0.007582127659041316,42b9eb40d24a3c784fc56522f29412f1b2adf4e70ea1d979ffcd273982ee5c7c,,0.09304589247856304,0.11178894721984699
7e28542fda40db288ad2613b49f17b1248f6f2ce,False,True,article-s-objective-preregistration,article-s-objective-implementation,2.0,0.95,43,20260645,3,0.8380779361672613,29.968817585704027,False,0.42677964968394727,ok,25.11620479159996,1.3223604344753532,0.0075954349371238905,9634c987e6973c8cf41bcecde2a3afe5eed7a26352a04579af4e8905b06b76e5,,0.09304589247856304,0.11178894721984699
7e28542fda40db288ad2613b49f17b1248f6f2ce,False,True,article-s-objective-preregistration,article-s-objective-implementation,2.0,0.95,43,20260645,4,0.7326854756547675,32.504323693011635,False,0.7644076528077732,ok,23.81544586585076,1.1511777695009882,0.007579669731165861,39ee29ec43c25fe518711c96104da7441a4e7ff86184e0d333d22d97434f3be1,,0.09304589247856304,0.11178894721984699
7e28542fda40db288ad2613b49f17b1248f6f2ce,False,True,article-s-objective-preregistration,article-s-objective-implementation,2.0,0.95,43,20260645,5,0.7525916750767635,31.9828393692034,False,0.6853162944877192,ok,24.070018654579844,1.1913341892384766,0.007607236658393468,7cd79f76650caa61fadbb434465d3fb7f60e952228527c59f9a463e1f53663da,,0.09304589247856304,0.11178894721984699
7e28542fda40db288ad2613b49f17b1248f6f2ce,False,True,article-s-objective-preregistration,article-s-objective-implementation,2.0,0.95,44,20260646,1,0.7749478777384973,31.422432322843772,False,0.6106140911578177,ok,24.35074724196934,1.2291002638059068,0.00756207089961114,7b5feadbd258466f59d4c15f586c5ae8501bf753f15c9389df79ed378bab8ee1,0.09860978691839115,0.09304589247856304,0.11178894721984699
7e28542fda40db288ad2613b49f17b1248f6f2ce,False,True,article-s-objective-preregistration,article-s-objective-implementation,2.0,0.95,44,20260646,2,0.9585956816667766,27.62471614119534,True,0.09860978691839115,ok,26.48093360022035,1.4874261371103215,0.007667311742250771,86ac56b04dd40f1312c4201c400b9e0c849c51a8e5c445b46934cacb03963f44,0.09860978691839115,0.09304589247856304,0.11178894721984699
7e28542fda40db288ad2613b49f17b1248f6f2ce,False,True,article-s-objective-preregistration,article-s-objective-implementation,2.0,0.95,44,20260646,3,0.8432673367964219,29.857023926931106,False,0.39819112454706146,ok,25.17745305153024,1.3367787323927143,0.007582127659041316,42b9eb40d24a3c784fc56522f29412f1b2adf4e70ea1d979ffcd273982ee5c7c,0.09860978691839115,0.09304589247856304,0.11178894721984699
7e28542fda40db288ad2613b49f17b1248f6f2ce,False,True,article-s-objective-preregistration,article-s-objective-implementation,2.0,0.95,44,20260646,4,0.7714514560068043,31.508389233885072,False,0.627738823300783,ok,24.307192750909756,1.2204459226607296,0.007573749373928518,1c5c0bd967327f7b04871a91f9ff2b02209283b9e86460d9c232455c18118f82,0.09860978691839115,0.09304589247856304,0.11178894721984699
7e28542fda40db288ad2613b49f17b1248f6f2ce,False,True,article-s-objective-preregistration,article-s-objective-implementation,2.0,0.95,44,20260646,5,0.7421778467887556,32.252910890049314,False,0.7337448344433216,ok,23.93739595704641,1.1668130487318171,0.0076304637245954154,a87fdfe46bd4eb0bd395e57ee4018e855004ac9d4a290c677682ee473c679b92,0.09860978691839115,0.09304589247856304,0.11178894721984699
7e28542fda40db288ad2613b49f17b1248f6f2ce,False,True,article-s-objective-preregistration,article-s-objective-implementation,2.0,0.95,45,20260647,1,0.9386592551298998,27.979245770992257,True,0.14007096797660393,ok,26.26297799449599,1.4666408980821257,0.007686901492534481,29ac02f6b0d074f53603f096b36c589c393ed92f5d9582960131a5e638985dab,0.14007096797660393,0.09304589247856304,0.11178894721984699
7e28542fda40db288ad2613b49f17b1248f6f2ce,False,True,article-s-objective-preregistration,article-s-objective-implementation,2.0,0.95,45,20260647,2,0.8957044537069598,28.78546462207133,False,0.2606536397749358,ok,25.78326886401342,1.406107834241256,0.007617892391954317,71a62d30e25c9a82b6c3685732115d4cd7eca9ff01e518db70a09db96e6c2083,0.14007096797660393,0.09304589247856304,0.11178894721984699
7e28542fda40db288ad2613b49f17b1248f6f2ce,False,True,article-s-objective-preregistration,article-s-objective-implementation,2.0,0.95,45,20260647,3,0.9693782347093954,27.437827696415184,True,0.07640568726414262,ok,26.597632976611507,1.4985190051827566,0.00772074050641347,df8a30a943345515dfc1e0234cd305bd7e0784a54ddb7cf914f4c258fa1e7283,0.14007096797660393,0.09304589247856304,0.11178894721984699
7e28542fda40db288ad2613b49f17b1248f6f2ce,False,True,article-s-objective-preregistration,article-s-objective-implementation,2.0,0.95,45,20260647,4,0.7560617602207507,31.894147369355945,False,0.6621398681726742,ok,24.11394520081528,1.202978413689902,0.007588491799628283,fea4da66831c243c62e5d9d738f0c198f3d90d8e70add92fdd81df9b65b2f984,0.14007096797660393,0.09304589247856304,0.11178894721984699
7e28542fda40db288ad2613b49f17b1248f6f2ce,False,True,article-s-objective-preregistration,article-s-objective-implementation,2.0,0.95,45,20260647,5,0.7250672855084463,32.70982545890869,False,0.7734207120207184,ok,23.716824354945995,1.146625453282872,0.0075995707769087595,dc4dc1812a626d801c76cb4afe9f9756609b5222732d9bcc6f127c6667affb58,0.14007096797660393,0.09304589247856304,0.11178894721984699
7e28542fda40db288ad2613b49f17b1248f6f2ce,False,True,article-s-objective-preregistration,article-s-objective-implementation,2.0,0.95,46,20260648,1,0.7857622364019132,31.16039164498818,False,0.5756712689555797,ok,24.484659026125406,1.246939595930107,0.007563275743973641,d29991e2c3a77b6b7ced4ba3225ad47e600a931abcdc7b0b0b562e2820e31fac,,0.09304589247856304,0.11178894721984699
7e28542fda40db288ad2613b49f17b1248f6f2ce,False,True,article-s-objective-preregistration,article-s-objective-implementation,2.0,0.95,46,20260648,2,0.759776115293919,31.799918653851883,False,0.6568084574986496,ok,24.160818661486214,1.205705970684687,0.0075969383830813975,62b1bd361369efb9f40519ca58f328c1e94377cd85a6fed5be98d90ab686b4f4,,0.09304589247856304,0.11178894721984699
7e28542fda40db288ad2613b49f17b1248f6f2ce,False,True,article-s-objective-preregistration,article-s-objective-implementation,2.0,0.95,46,20260648,3,0.8474059013701833,29.768645614044644,False,0.3957173167654121,ok,25.226125969139055,1.3379919890126457,0.007593977887885739,b600692c57b39c2b20d6f2e02cea5bcb2b94864da5e19df0e2f241e83241a96b,,0.09304589247856304,0.11178894721984699
7e28542fda40db288ad2613b49f17b1248f6f2ce,False,True,article-s-objective-preregistration,article-s-objective-implementation,2.0,0.95,46,20260648,4,0.9348543334034382,28.048274824199382,False,0.15794300519419124,ok,26.22105126389335,1.457674614666058,0.0076514917302157315,22a5fa13458d83bb6094afb602d3b19eb3db6d208191ac4e054de5f23c81b677,,0.09304589247856304,0.11178894721984699
7e28542fda40db288ad2613b49f17b1248f6f2ce,False,True,article-s-objective-preregistration,article-s-objective-implementation,2.0,0.95,46,20260648,5,0.8065853979916615,30.671502932137404,False,0.5330595551870873,ok,24.73918639952046,1.268686370977435,0.007530255630338711,454492b2ab5748674aae874c3e7723f02b26d29aaa013ce7d8f04024d9805a08,,0.09304589247856304,0.11178894721984699
7e28542fda40db288ad2613b49f17b1248f6f2ce,False,True,article-s-objective-preregistration,article-s-objective-implementation,2.0,0.95,47,20260649,1,0.7786476825289519,31.332137993411152,False,0.6050351431418937,ok,24.39669663724692,1.23193548901275,0.00757165919446523,c40bed5a1c31074d515bbf50376b437c575c24c0ff1eb6e4e4a1b8d23bb8c7c6,,0.09304589247856304,0.11178894721984699
7e28542fda40db288ad2613b49f17b1248f6f2ce,False,True,article-s-objective-preregistration,article-s-objective-implementation,2.0,0.95,47,20260649,2,0.8600250572704147,29.503333159459107,False,0.35326470914705294,ok,25.373605790131943,1.3593219959828604,0.0075992833880236255,fc68a6085314cf0b2c6ac7ad1c0b2750b5b8f7399a86d3834326c4dc585f666c,,0.09304589247856304,0.11178894721984699
7e28542fda40db288ad2613b49f17b1248f6f2ce,False,True,article-s-objective-preregistration,article-s-objective-implementation,2.0,0.95,47,20260649,3,0.7889513078895016,31.08420024213207,False,0.5698837150840119,ok,24.52392043572926,1.249914721919684,0.007570855775842045,3a939a3603ace28c7b64a33ab2aecad048b73ee9d6e6e4174adde8a401f180cf,,0.09304589247856304,0.11178894721984699
7e28542fda40db288ad2613b49f17b1248f6f2ce,False,True,article-s-objective-preregistration,article-s-objective-implementation,2.0,0.95,47,20260649,4,0.8215001979277852,30.333406531641298,False,0.4930126591644616,ok,24.918899469567297,1.2888962730315103,0.007574959261138492,c604673b79164884ea9c2ad9186a1a4b44c165a7bfd29053fed99b0f659fb233,,0.09304589247856304,0.11178894721984699
7e28542fda40db288ad2613b49f17b1248f6f2ce,False,True,article-s-objective-preregistration,article-s-objective-implementation,2.0,0.95,47,20260649,5,0.7524080899817701,31.9875495317145,False,0.6853162944877192,ok,24.06769104635457,1.1913341892384766,0.007607236658393468,7cd79f76650caa61fadbb434465d3fb7f60e952228527c59f9a463e1f53663da,,0.09304589247856304,0.11178894721984699
7e28542fda40db288ad2613b49f17b1248f6f2ce,False,True,article-s-objective-preregistration,article-s-objective-implementation,2.0,0.95,48,20260650,1,0.6757261537131783,34.12773089978342,False,0.9270216071551481,ok,23.06100033586904,1.0681786704838645,0.007654969478211537,4ccd4c54b9b85fce27b5132ddbb4cf33863a7ccef32ffdc1edce21c7ab243865,,0.09304589247856304,0.11178894721984699
7e28542fda40db288ad2613b49f17b1248f6f2ce,False,True,article-s-objective-preregistration,article-s-objective-implementation,2.0,0.95,48,20260650,2,0.6751398950987083,34.14554741539663,False,0.9362671175089152,ok,23.05302130011885,1.0634001015573198,0.007641879697755538,778196802737c9b4358f270bb56d7563a683cde6a729d2f58855703bcedae559,,0.09304589247856304,0.11178894721984699
7e28542fda40db288ad2613b49f17b1248f6f2ce,False,True,article-s-objective-preregistration,article-s-objective-implementation,2.0,0.95,48,20260650,3,0.6866179550229142,33.80106040979685,False,0.8850790265859796,ok,23.2084149761807,1.0894535365221587,0.0076215047353138665,26e2f064c69bb0c4aa322d7b167f2e0ed8e78f2973a90bcc36c2e9661ab575fc,,0.09304589247856304,0.11178894721984699
7e28542fda40db288ad2613b49f17b1248f6f2ce,False,True,article-s-objective-preregistration,article-s-objective-implementation,2.0,0.95,48,20260650,4,0.7157042021484444,32.96708363594601,False,0.7941608492963189,ok,23.594680290825778,1.1359716306256082,0.007596087999028001,e979472c70b1688b8f562c348a4236d083478f3d19e96790c095dd2a6832492e,,0.09304589247856304,0.11178894721984699
7e28542fda40db288ad2613b49f17b1248f6f2ce,False,True,article-s-objective-preregistration,article-s-objective-implementation,2.0,0.95,48,20260650,5,0.8400357203781257,29.926513278975193,False,0.4162815439065738,ok,25.13934014070947,1.327632328090233,0.007577896657875005,7f5f7e71499b4cb229de8c0fe3215ee59d396e82a3463c6f9dcb8e94c2147068,,0.09304589247856304,0.11178894721984699
7e28542fda40db288ad2613b49f17b1248f6f2ce,False,True,article-s-objective-preregistration,article-s-objective-implementation,2.0,0.95,49,20260651,1,0.7196960362950131,32.85676313404404,False,0.7837716886850995,ok,23.646882193055607,1.1413241064386717,0.00758420903137802,3049e015122165288475b62d29d50c555581a40f8f944451c144fa810ce541fe,0.07640568726414262,0.09304589247856304,0.11178894721984699
7e28542fda40db288ad2613b49f17b1248f6f2ce,False,True,article-s-objective-preregistration,article-s-objective-implementation,2.0,0.95,49,20260651,2,0.9844690467019156,27.18176649551712,True,0.044311837906602355,ok,26.75960774951581,1.5145853844491535,0.007734869162299152,7ff86373618a8a719ebc63a9cd51338ccc10f7f8c69d3e661f1de16021dacc44,0.07640568726414262,0.09304589247856304,0.11178894721984699
7e28542fda40db288ad2613b49f17b1248f6f2ce,False,True,article-s-objective-preregistration,article-s-objective-implementation,2.0,0.95,49,20260651,3,0.8253667806217415,30.247335447255935,False,0.4930126591644616,ok,24.965145880487515,1.2888962730315103,0.007574959261138492,c604673b79164884ea9c2ad9186a1a4b44c165a7bfd29053fed99b0f659fb233,0.07640568726414262,0.09304589247856304,0.11178894721984699
7e28542fda40db288ad2613b49f17b1248f6f2ce,False,True,article-s-objective-preregistration,article-s-objective-implementation,2.0,0.95,49,20260651,4,0.9721548626455114,27.390237860383962,True,0.07640568726414262,ok,26.62755292498946,1.4985190051827566,0.00772074050641347,df8a30a943345515dfc1e0234cd305bd7e0784a54ddb7cf914f4c258fa1e7283,0.07640568726414262,0.09304589247856304,0.11178894721984699
7e28542fda40db288ad2613b49f17b1248f6f2ce,False,True,article-s-objective-preregistration,article-s-objective-implementation,2.0,0.95,49,20260651,5,0.9358525286757886,28.030122284348987,False,0.15424063424049742,ok,26.232060818899573,1.459524286875483,0.007664805605891889,15c2416d6765ddbcb3877fd921c03ead2ef0ed0eb1e621d5358487ab95ed8f15,0.07640568726414262,0.09304589247856304,0.11178894721984699
7e28542fda40db288ad2613b49f17b1248f6f2ce,False,True,article-s-objective-preregistration,article-s-objective-implementation,2.0,0.9,0,20260602,1,0.9333548852209436,28.07560090428783,True,0.15794300519419124,ok,26.204499259530586,1.457674614666058,0.0076514917302157315,22a5fa13458d83bb6094afb602d3b19eb3db6d208191ac4e054de5f23c81b677,0.15794300519419124,0.25527958328353834,0.2606536397749358
7e28542fda40db288ad2613b49f17b1248f6f2ce,False,True,article-s-objective-preregistration,article-s-objective-implementation,2.0,0.9,0,20260602,2,0.802692669521896,30.761374498051705,False,0.5371741644485396,ok,24.691929814003895,1.2665727083599307,0.007546966535771027,6b1fdb9d1aeabccac98c4f0c11dbe5ffe61bfaecdaef3ac33638eba874320067,0.15794300519419124,0.25527958328353834,0.2606536397749358
7e28542fda40db288ad2613b49f17b1248f6f2ce,False,True,article-s-objective-preregistration,article-s-objective-implementation,2.0,0.9,0,20260602,3,0.8338267153315726,30.061219704546595,False,0.4495907464477366,ok,25.065848085102836,1.3108177960236347,0.007583160314853732,117b042e111075ab1734e26ac1147ce147b0398fc34cc37ebe133be0f5fbad2a,0.15794300519419124,0.25527958328353834,0.2606536397749358
7e28542fda40db288ad2613b49f17b1248f6f2ce,False,True,article-s-objective-preregistration,article-s-objective-implementation,2.0,0.9,0,20260602,4,0.6884475204070778,33.746981222227554,False,0.8770638514876282,ok,23.233025543666773,1.0935723753166848,0.007633693770341399,45dd06bd3c72ba393dc55474c4b7db71df2f0f755f49e27b28519a408d24578f,0.15794300519419124,0.25527958328353834,0.2606536397749358
7e28542fda40db288ad2613b49f17b1248f6f2ce,False,True,article-s-objective-preregistration,article-s-objective-implementation,2.0,0.9,0,20260602,5,0.9673963383227839,27.47192952144659,True,0.08200410929387314,ok,26.57624402570902,1.4957302958280498,0.007708556370220165,3fe84632c2fb8cb3c545b8f7053b1cd66f011693ded9153b33930a13fe75f745,0.15794300519419124,0.25527958328353834,0.2606536397749358
7e28542fda40db288ad2613b49f17b1248f6f2ce,False,True,article-s-objective-preregistration,article-s-objective-implementation,2.0,0.9,1,20260603,1,0.8626307280388037,29.449317018547926,False,0.35326470914705294,ok,25.40388577995553,1.3593219959828604,0.0075992833880236255,fc68a6085314cf0b2c6ac7ad1c0b2750b5b8f7399a86d3834326c4dc585f666c,0.29089121373805815,0.25527958328353834,0.2606536397749358
7e28542fda40db288ad2613b49f17b1248f6f2ce,False,True,article-s-objective-preregistration,article-s-objective-implementation,2.0,0.9,1,20260603,2,0.6937979473106936,33.590112262587844,False,0.8508810395659407,ok,23.304750937719202,1.1067889792539487,0.007611276148310253,005fd9b1136b9a3d11b3a660413a41baa2c14bd0d088b4eca065a2e4b99b6794,0.29089121373805815,0.25527958328353834,0.2606536397749358
7e28542fda40db288ad2613b49f17b1248f6f2ce,False,True,article-s-objective-preregistration,article-s-objective-implementation,2.0,0.9,1,20260603,3,0.6827201570349696,33.917028243914814,False,0.9062804388647445,ok,23.15583884884502,1.0788067528071061,0.007626334615015828,e496b556a50c647fd45bf0f895f38e6f4581fe50f41dd885d07cef6d455eeb77,0.29089121373805815,0.25527958328353834,0.2606536397749358
7e28542fda40db288ad2613b49f17b1248f6f2ce,False,True,article-s-objective-preregistration,article-s-objective-implementation,2.0,0.9,1,20260603,4,0.8936751520816874,28.82507114393826,True,0.29089121373805815,ok,25.760249838324484,1.3908654983837887,0.007640078157254315,e2368c4e851516cb58224f25b22ce080dabe29427b1c7ed988fb02b0546bae47,0.29089121373805815,0.25527958328353834,0.2606536397749358
7e28542fda40db288ad2613b49f17b1248f6f2ce,False,True,article-s-objective-preregistration,article-s-objective-implementation,2.0,0.9,1,20260603,5,0.8242667010564628,30.271758526367048,False,0.4930126591644616,ok,24.952002535706416,1.2888962730315103,0.007574959261138492,c604673b79164884ea9c2ad9186a1a4b44c165a7bfd29053fed99b0f659fb233,0.29089121373805815,0.25527958328353834,0.2606536397749358
7e28542fda40db288ad2613b49f17b1248f6f2ce,False,True,article-s-objective-preregistration,article-s-objective-implementation,2.0,0.9,2,20260604,1,0.7174862011849357,32.91771644771434,False,0.7894332669395547,ok,23.61800732575344,1.1384040635963784,0.0076027560740516975,1b98b6fa2fca3629d8e047e9a99530ed86eadeb05ae8fbc74d9f8c6c2b7846e4,0.29089121373805815,0.25527958328353834,0.2606536397749358
7e28542fda40db288ad2613b49f17b1248f6f2ce,False,True,article-s-objective-preregistration,article-s-objective-implementation,2.0,0.9,2,20260604,2,0.6843738886384919,33.8677000871119,False,0.8850790265859796,ok,23.178169607858962,1.0894535365221587,0.0076215047353138665,26e2f064c69bb0c4aa322d7b167f2e0ed8e78f2973a90bcc36c2e9661ab575fc,0.29089121373805815,0.25527958328353834,0.2606536397749358
7e28542fda40db288ad2613b49f17b1248f6f2ce,False,True,article-s-objective-preregistration,article-s-objective-implementation,2.0,0.9,2,20260604,3,0.8733693723674769,29.22940354082579,False,0.34028742941077544,ok,25.528065825126728,1.3659135587074223,0.007619726931630488,a652008b32258649efbb8a9d866bd7d1057bf95de5a78742b503ebf9105552fc,0.29089121373805815,0.25527958328353834,0.2606536397749358
7e28542fda40db288ad2613b49f17b1248f6f2ce,False,True,article-s-objective-preregistration,article-s-objective-implementation,2.0,0.9,2,20260604,4,0.892975824305166,28.838753255964367,True,0.29089121373805815,ok,25.75230946067807,1.3908654983837887,0.007640078157254315,e2368c4e851516cb58224f25b22ce080dabe29427b1c7ed988fb02b0546bae47,0.29089121373805815,0.25527958328353834,0.2606536397749358
7e28542fda40db288ad2613b49f17b1248f6f2ce,False,True,article-s-objective-preregistration,article-s-objective-implementation,2.0,0.9,2,20260604,5,0.8341006067715665,30.05524411021099,False,0.4495907464477366,ok,25.069097348994536,1.3108177960236347,0.007583160314853732,117b042e111075ab1734e26ac1147ce147b0398fc34cc37ebe133be0f5fbad2a,0.29089121373805815,0.25527958328353834,0.2606536397749358
7e28542fda40db288ad2613b49f17b1248f6f2ce,False,True,article-s-objective-preregistration,article-s-objective-implementation,2.0,0.9,3,20260605,1,0.9757154508614188,27.32952787129808,True,0.0678171292548219,ok,26.665842608773314,1.5028013539971699,0.0077062368487839095,2b6605dbd3a4160e7bb186e403c24e8e6505fd569174bcf87bb6ef8f12b1f332,0.25527958328353834,0.25527958328353834,0.2606536397749358
7e28542fda40db288ad2613b49f17b1248f6f2ce,False,True,article-s-objective-preregistration,article-s-objective-implementation,2.0,0.9,3,20260605,2,0.9603380161635924,27.594290563153514,True,0.09558851840807502,ok,26.499846256860582,1.488927908470583,0.007681695722135284,387257836cdff537b48d3d50b4cf141cb1338d4b61445f6d6ec9080ef28c2841,0.25527958328353834,0.25527958328353834,0.2606536397749358
7e28542fda40db288ad2613b49f17b1248f6f2ce,False,True,article-s-objective-preregistration,article-s-objective-implementation,2.0,0.9,3,20260605,3,0.9065600194975205,28.575989404481792,True,0.25527958328353834,ok,25.905849511687954,1.408801586059513,0.007628741389201554,807a5fa8c72814e5fce91ac8191e3c0d53e5f2660e69c59815e36843a4c641cf,0.25527958328353834,0.25527958328353834,0.2606536397749358
7e28542fda40db288ad2613b49f17b1248f6f2ce,False,True,article-s-objective-preregistration,article-s-objective-implementation,2.0,0.9,3,20260605,4,0.9196257374885642,28.329092565430344,True,0.21315368584052957,ok,26.05216264286568,1.4299537999658642,0.007649193023870904,3c92ff04355210c03c78a72609a172ea0ef6be432be00abe9e61218e2a46d720,0.25527958328353834,0.25527958328353834,0.2606536397749358
7e28542fda40db288ad2613b49f17b1248f6f2ce,False,True,article-s-objective-preregistration,article-s-objective-implementation,2.0,0.9,3,20260605,5,0.7850511007118641,31.177448174616945,False,0.5756712689555797,ok,24.47589000687013,1.246939595930107,0.007563275743973641,d29991e2c3a77b6b7ced4ba3225ad47e600a931abcdc7b0b0b562e2820e31fac,0.25527958328353834,0.25527958328353834,0.2606536397749358
7e28542fda40db288ad2613b49f17b1248f6f2ce,False,True,article-s-objective-preregistration,article-s-objective-implementation,2.0,0.9,4,20260606,1,0.889780495655351,28.90148593116861,True,0.29089121373805815,ok,25.71597847701136,1.3908654983837887,0.007640078157254315,e2368c4e851516cb58224f25b22ce080dabe29427b1c7ed988fb02b0546bae47,0.29089121373805815,0.25527958328353834,0.2606536397749358
7e28542fda40db288ad2613b49f17b1248f6f2ce,False,True,article-s-objective-preregistration,article-s-objective-implementation,2.0,0.9,4,20260606,2,0.9551249735267304,27.685587068503747,True,0.10562306470216155,ok,26.443195615876633,1.4839169518188196,0.007654232804964689,cf64feb106cd9eee40661138a0d491338636725e3f7226a3973341dcf36ccf2b,0.29089121373805815,0.25527958328353834,0.2606536397749358
7e28542fda40db288ad2613b49f17b1248f6f2ce,False,True,article-s-objective-preregistration,article-s-objective-implementation,2.0,0.9,4,20260606,3,0.9820595947483725,27.222228426774677,True,0.05140001836900671,ok,26.733850616945965,1.5110323960250776,0.0077334780376121515,412ffd54cd2a41a442cf2b090df81ddb4ff116e557d0937c174be453dff927a1,0.29089121373805815,0.25527958328353834,0.2606536397749358
7e28542fda40db288ad2613b49f17b1248f6f2ce,False,True,article-s-objective-preregistration,article-s-objective-implementation,2.0,0.9,4,20260606,4,0.738527306080459,32.348997672605776,False,0.7431017573714531,ok,23.890618105552583,1.162058634757006,0.0076115864538914835,0af391969727ef10dac5dd89753592f827c552147f827e148cfc44a5541f1325,0.29089121373805815,0.25527958328353834,0.2606536397749358
7e28542fda40db288ad2613b49f17b1248f6f2ce,False,True,article-s-objective-preregistration,article-s-objective-implementation,2.0,0.9,4,20260606,5,0.8214111288011274,30.335396775034987,False,0.4930126591644616,ok,24.917832507611568,1.2888962730315103,0.007574959261138492,c604673b79164884ea9c2ad9186a1a4b44c165a7bfd29053fed99b0f659fb233,0.29089121373805815,0.25527958328353834,0.2606536397749358
7e28542fda40db288ad2613b49f17b1248f6f2ce,False,True,article-s-objective-preregistration,article-s-objective-implementation,2.0,0.9,5,20260607,1,0.9050374349568451,28.605129198973803,True,0.25527958328353834,ok,25.888712756848403,1.408801586059513,0.007628741389201554,807a5fa8c72814e5fce91ac8191e3c0d53e5f2660e69c59815e36843a4c641cf,0.2606536397749358,0.25527958328353834,0.2606536397749358
7e28542fda40db288ad2613b49f17b1248f6f2ce,False,True,article-s-objective-preregistration,article-s-objective-implementation,2.0,0.9,5,20260607,2,0.6972348854584217,33.49033951537459,False,0.8417992482478128,ok,23.35063303596586,1.1115331309059366,0.007622975831556911,eded8713c7b3cc3988a75b0d7e9a82f9cad0fc195e48cfb569431f9330d96dc2,0.2606536397749358,0.25527958328353834,0.2606536397749358
7e28542fda40db288ad2613b49f17b1248f6f2ce,False,True,article-s-objective-preregistration,article-s-objective-implementation,2.0,0.9,5,20260607,3,0.8957140155788856,28.785278337396093,True,0.2606536397749358,ok,25.783377249144962,1.406107834241256,0.007617892391954317,71a62d30e25c9a82b6c3685732115d4cd7eca9ff01e518db70a09db96e6c2083,0.2606536397749358,0.25527958328353834,0.2606536397749358
7e28542fda40db288ad2613b49f17b1248f6f2ce,False,True,article-s-objective-preregistration,article-s-objective-implementation,2.0,0.9,5,20260607,4,0.9266445895628699,28.198751398002827,True,0.19582373301107453,ok,26.130220415387733,1.4386678390733918,0.007618969483706994,9ad233b5c0c0b32adaedcd6429a1af2976e8c44293391fa3b15d30aa395ef6ce,0.2606536397749358,0.25527958328353834,0.2606536397749358
7e28542fda40db288ad2613b49f17b1248f6f2ce,False,True,article-s-objective-preregistration,article-s-objective-implementation,2.0,0.9,5,20260607,5,0.6876971605706926,33.769133509893535,False,0.8770638514876282,ok,23.222937229686412,1.0935723753166848,0.007633693770341399,45dd06bd3c72ba393dc55474c4b7db71df2f0f755f49e27b28519a408d24578f,0.2606536397749358,0.25527958328353834,0.2606536397749358
7e28542fda40db288ad2613b49f17b1248f6f2ce,False,True,article-s-objective-preregistration,article-s-objective-implementation,2.0,0.9,6,20260608,1,0.7818684615019541,31.254082880247555,False,0.5991731504553195,ok,24.43658169723372,1.2349440533997464,0.007580014198841578,e6ae7ab26ffeabc4b4ece09c15986e074e305e26bd6c43011b681771c7c2ce8d,0.2273043026531486,0.25527958328353834,0.2606536397749358
7e28542fda40db288ad2613b49f17b1248f6f2ce,False,True,article-s-objective-preregistration,article-s-objective-implementation,2.0,0.9,6,20260608,2,0.9175748620579983,28.367476848315437,True,0.2273043026531486,ok,26.029283656026497,1.422843936685265,0.00765202563567513,631622acd30fb39bb3f4f5a767a7786fd78d1f56ff46b1a613509fc75df17e3d,0.2273043026531486,0.25527958328353834,0.2606536397749358
7e28542fda40db288ad2613b49f17b1248f6f2ce,False,True,article-s-objective-preregistration,article-s-objective-implementation,2.0,0.9,6,20260608,3,0.6737657282879941,34.18740348402375,False,0.9518283233040856,ok,23.034300806688766,1.0555306172727281,0.007656245043301091,4704e3380c56eac6f144261eb73f7b3224f4e3c889f4096438e8d03f312fa114,0.2273043026531486,0.25527958328353834,0.2606536397749358
7e28542fda40db288ad2613b49f17b1248f6f2ce,False,True,article-s-objective-preregistration,article-s-objective-implementation,2.0,0.9,6,20260608,4,0.7579703693157974,31.84563754135362,False,0.6568084574986496,ok,24.138049648316827,1.205705970684687,0.0075969383830813975,62b1bd361369efb9f40519ca58f328c1e94377cd85a6fed5be98d90ab686b4f4,0.2273043026531486,0.25527958328353834,0.2606536397749358
7e28542fda40db288ad2613b49f17b1248f6f2ce,False,True,article-s-objective-preregistration,article-s-objective-implementation,2.0,0.9,6,20260608,5,0.8400514877837464,29.926173206185787,False,0.4162815439065738,ok,25.139526325530458,1.327632328090233,0.007577896657875005,7f5f7e71499b4cb229de8c0fe3215ee59d396e82a3463c6f9dcb8e94c2147068,0.2273043026531486,0.25527958328353834,0.2606536397749358
7e28542fda40db288ad2613b49f17b1248f6f2ce,False,True,article-s-objective-preregistration,article-s-objective-implementation,2.0,0.9,7,20260609,1,0.9989370530361664,26.942090606147463,True,0.01878032014126819,ok,26.91345259273833,1.5273429749987053,0.0077740139665762875,c68db1a5d2fb9bec280cbfba1fdcb6a8bfd5710c976b6d9921a570b4acb166c5,0.15794300519419124,0.25527958328353834,0.2606536397749358
7e28542fda40db288ad2613b49f17b1248f6f2ce,False,True,article-s-objective-preregistration,article-s-objective-implementation,2.0,0.9,7,20260609,2,0.93316334845263,28.079096522574496,True,0.15794300519419124,ok,26.202383732530215,1.457674614666058,0.0076514917302157315,22a5fa13458d83bb6094afb602d3b19eb3db6d208191ac4e054de5f23c81b677,0.15794300519419124,0.25527958328353834,0.2606536397749358
7e28542fda40db288ad2613b49f17b1248f6f2ce,False,True,article-s-objective-preregistration,article-s-objective-implementation,2.0,0.9,7,20260609,3,0.6831951227825679,33.902841674892,False,0.8895128965970209,ok,23.1622560807558,1.0872289643684523,0.007612500138156619,d2fe87ba857f8d1ffc37e4751787cb0a20ac158ecadaa62eb48bec6fb5cf3841,0.15794300519419124,0.25527958328353834,0.2606536397749358
7e28542fda40db288ad2613b49f17b1248f6f2ce,False,True,article-s-objective-preregistration,article-s-objective-implementation,2.0,0.9,7,20260609,4,0.9612469845861281,27.578452586733142,True,0.09558851840807502,ok,26.509704388548737,1.488927908470583,0.007681695722135284,387257836cdff537b48d3d50b4cf141cb1338d4b61445f6d6ec9080ef28c2841,0.15794300519419124,0.25527958328353834,0.2606536397749358
7e28542fda40db288ad2613b49f17b1248f6f2ce,False,True,article-s-objective-preregistration,article-s-objective-implementation,2.0,0.9,7,20260609,5,0.9502528230192913,27.77163458969748,True,0.13028659477290327,ok,26.39007416872023,1.4715467505003572,0.0076710757496356585,ceb38df55a6380877cbbd5577b9dbe60def38cc132bc79f9287d1854eadb1711,0.15794300519419124,0.25527958328353834,0.2606536397749358
7e28542fda40db288ad2613b49f17b1248f6f2ce,False,True,article-s-objective-preregistration,article-s-objective-implementation,2.0,0.9,8,20260610,1,0.7893362145372032,31.075037112550216,False,0.5698837150840119,ok,24.528652161023487,1.249914721919684,0.007570855775842045,3a939a3603ace28c7b64a33ab2aecad048b73ee9d6e6e4174adde8a401f180cf,0.29089121373805815,0.25527958328353834,0.2606536397749358
7e28542fda40db288ad2613b49f17b1248f6f2ce,False,True,article-s-objective-preregistration,article-s-objective-implementation,2.0,0.9,8,20260610,2,0.7705837672218474,31.529815778030198,False,0.627738823300783,ok,24.296364222045355,1.2204459226607296,0.007573749373928518,1c5c0bd967327f7b04871a91f9ff2b02209283b9e86460d9c232455c18118f82,0.29089121373805815,0.25527958328353834,0.2606536397749358
7e28542fda40db288ad2613b49f17b1248f6f2ce,False,True,article-s-objective-preregistration,article-s-objective-implementation,2.0,0.9,8,20260610,3,0.8885372265874607,28.925991320697527,True,0.29089121373805815,ok,25.70182010438554,1.3908654983837887,0.007640078157254315,e2368c4e851516cb58224f25b22ce080dabe29427b1c7ed988fb02b0546bae47,0.29089121373805815,0.25527958328353834,0.2606536397749358
7e28542fda40db288ad2613b49f17b1248f6f2ce,False,True,article-s-objective-preregistration,article-s-objective-implementation,2.0,0.9,8,20260610,4,0.672678828422378,34.22060417425768,False,0.9518283233040856,ok,23.019475923845594,1.0555306172727281,0.007656245043301091,4704e3380c56eac6f144261eb73f7b3224f4e3c889f4096438e8d03f312fa114,0.29089121373805815,0.25527958328353834,0.2606536397749358
7e28542fda40db288ad2613b49f17b1248f6f2ce,False,True,article-s-objective-preregistration,article-s-objective-implementation,2.0,0.9,8,20260610,5,0.962123739623057,27.563198513920945,True,0.09558851840807502,ok,26.519207630186305,1.488927908470583,0.007681695722135284,387257836cdff537b48d3d50b4cf141cb1338d4b61445f6d6ec9080ef28c2841,0.29089121373805815,0.25527958328353834,0.2606536397749358
7e28542fda40db288ad2613b49f17b1248f6f2ce,False,True,article-s-objective-preregistration,article-s-objective-implementation,2.0,0.9,9,20260611,1,0.6869119651360682,33.79235472805176,False,0.8770638514876282,ok,23.212372792821142,1.0935723753166848,0.007633693770341399,45dd06bd3c72ba393dc55474c4b7db71df2f0f755f49e27b28519a408d24578f,0.09558851840807502,0.25527958328353834,0.2606536397749358
7e28542fda40db288ad2613b49f17b1248f6f2ce,False,True,article-s-objective-preregistration,article-s-objective-implementation,2.0,0.9,9,20260611,2,0.9636370512645941,27.536921509970824,True,0.09558851840807502,ok,26.53559784477286,1.488927908470583,0.007681695722135284,387257836cdff537b48d3d50b4cf141cb1338d4b61445f6d6ec9080ef28c2841,0.09558851840807502,0.25527958328353834,0.2606536397749358
7e28542fda40db288ad2613b49f17b1248f6f2ce,False,True,article-s-objective-preregistration,article-s-objective-implementation,2.0,0.9,9,20260611,3,0.7446180416616848,32.18909488423311,False,0.725974766518444,ok,23.968580795559813,1.1707170806821707,0.007612263181119072,f54f07168927cf0a123e5323831fb5f25fd4514ab661df6a64e2f154f8bb5478,0.09558851840807502,0.25527958328353834,0.2606536397749358
7e28542fda40db288ad2613b49f17b1248f6f2ce,False,True,article-s-objective-preregistration,article-s-objective-implementation,2.0,0.9,9,20260611,4,0.7862733105327742,31.148148593847623,False,0.5756712689555797,ok,24.490957911851346,1.246939595930107,0.007563275743973641,d29991e2c3a77b6b7ced4ba3225ad47e600a931abcdc7b0b0b562e2820e31fac,0.09558851840807502,0.25527958328353834,0.2606536397749358
7e28542fda40db288ad2613b49f17b1248f6f2ce,False,True,article-s-objective-preregistration,article-s-objective-implementation,2.0,0.9,9,20260611,5,0.7814235478872582,31.264835116814332,False,0.5991731504553195,ok,24.431078381091197,1.2349440533997464,0.007580014198841578,e6ae7ab26ffeabc4b4ece09c15986e074e305e26bd6c43011b681771c7c2ce8d,0.09558851840807502,0.25527958328353834,0.2606536397749358
7e28542fda40db288ad2613b49f17b1248f6f2ce,False,True,article-s-objective-preregistration,article-s-objective-implementation,2.0,0.9,10,20260612,1,0.7690703471566849,31.567278937511304,False,0.627738823300783,ok,24.277458171263724,1.2204459226607296,0.007573749373928518,1c5c0bd967327f7b04871a91f9ff2b02209283b9e86460d9c232455c18118f82,0.05140001836900671,0.25527958328353834,0.2606536397749358
7e28542fda40db288ad2613b49f17b1248f6f2ce,False,True,article-s-objective-preregistration,article-s-objective-implementation,2.0,0.9,10,20260612,2,0.7890968217002555,31.080735296071364,False,0.5698837150840119,ok,24.525709438236863,1.249914721919684,0.007570855775842045,3a939a3603ace28c7b64a33ab2aecad048b73ee9d6e6e4174adde8a401f180cf,0.05140001836900671,0.25527958328353834,0.2606536397749358
7e28542fda40db288ad2613b49f17b1248f6f2ce,False,True,article-s-objective-preregistration,article-s-objective-implementation,2.0,0.9,10,20260612,3,0.7438275555347774,32.20973166880531,False,0.725974766518444,ok,23.958485971638563,1.1707170806821707,0.007612263181119072,f54f07168927cf0a123e5323831fb5f25fd4514ab661df6a64e2f154f8bb5478,0.05140001836900671,0.25527958328353834,0.2606536397749358
7e28542fda40db288ad2613b49f17b1248f6f2ce,False,True,article-s-objective-preregistration,article-s-objective-implementation,2.0,0.9,10,20260612,4,0.9822684874887804,27.21871421696055,True,0.05140001836900671,ok,26.736085245283203,1.5110323960250776,0.0077334780376121515,412ffd54cd2a41a442cf2b090df81ddb4ff116e557d0937c174be453dff927a1,0.05140001836900671,0.25527958328353834,0.2606536397749358
7e28542fda40db288ad2613b49f17b1248f6f2ce,False,True,article-s-objective-preregistration,article-s-objective-implementation,2.0,0.9,10,20260612,5,0.8414417658554685,29.896227221341547,False,0.41233742214575886,ok,25.15593422554196,1.32960718909015,0.007589849925464076,5eb703b1ecabc6a2a87b5352e76ca357450305745182c43ca3a95faa3be42c2c,0.05140001836900671,0.25527958328353834,0.2606536397749358
7e28542fda40db288ad2613b49f17b1248f6f2ce,False,True,article-s-objective-preregistration,article-s-objective-implementation,2.0,0.9,11,20260613,1,0.7427556584225101,32.23777019548662,False,0.7337448344433216,ok,23.944786227622235,1.1668130487318171,0.0076304637245954154,a87fdfe46bd4eb0bd395e57ee4018e855004ac9d4a290c677682ee473c679b92,0.05140001836900671,0.25527958328353834,0.2606536397749358
7e28542fda40db288ad2613b49f17b1248f6f2ce,False,True,article-s-objective-preregistration,article-s-objective-implementation,2.0,0.9,11,20260613,2,0.980411940131935,27.249988871653194,True,0.05140001836900671,ok,26.716214458231146,1.5110323960250776,0.0077334780376121515,412ffd54cd2a41a442cf2b090df81ddb4ff116e557d0937c174be453dff927a1,0.05140001836900671,0.25527958328353834,0.2606536397749358
7e28542fda40db288ad2613b49f17b1248f6f2ce,False,True,article-s-objective-preregistration,article-s-objective-implementation,2.0,0.9,11,20260613,3,0.7574008404171024,31.860092746493766,False,0.6568084574986496,ok,24.13086102196121,1.205705970684687,0.0075969383830813975,62b1bd361369efb9f40519ca58f328c1e94377cd85a6fed5be98d90ab686b4f4,0.05140001836900671,0.25527958328353834,0.2606536397749358
7e28542fda40db288ad2613b49f17b1248f6f2ce,False,True,article-s-objective-preregistration,article-s-objective-implementation,2.0,0.9,11,20260613,4,0.984834973149787,27.17563532185803,True,0.044311837906602355,ok,26.763516082530458,1.5145853844491535,0.007734869162299152,7ff86373618a8a719ebc63a9cd51338ccc10f7f8c69d3e661f1de16021dacc44,0.05140001836900671,0.25527958328353834,0.2606536397749358
7e28542fda40db288ad2613b49f17b1248f6f2ce,False,True,article-s-objective-preregistration,article-s-objective-implementation,2.0,0.9,11,20260613,5,0.854426356595353,29.620277422153244,False,0.38259089025281,ok,25.30834571915399,1.344527299723512,0.007584851532093317,6d5419958ece6fa3de2afd053ed6d2bab55d6aec6ba971fe1222f9b882f14f69,0.05140001836900671,0.25527958328353834,0.2606536397749358
7e28542fda40db288ad2613b49f17b1248f6f2ce,False,True,article-s-objective-preregistration,article-s-objective-implementation,2.0,0.9,12,20260614,1,0.923508230221553,28.256799264075553,True,0.19582373301107453,ok,26.095386680092098,1.4386678390733918,0.007618969483706994,9ad233b5c0c0b32adaedcd6429a1af2976e8c44293391fa3b15d30aa395ef6ce,0.26758650871740036,0.25527958328353834,0.2606536397749358
7e28542fda40db288ad2613b49f17b1248f6f2ce,False,True,article-s-objective-preregistration,article-s-objective-implementation,2.0,0.9,12,20260614,2,0.731905599463951,32.52520664695156,False,0.7644076528077732,ok,23.805380868625964,1.1511777695009882,0.007579669731165861,39ee29ec43c25fe518711c96104da7441a4e7ff86184e0d333d22d97434f3be1,0.26758650871740036,0.25527958328353834,0.2606536397749358
7e28542fda40db288ad2613b49f17b1248f6f2ce,False,True,article-s-objective-preregistration,article-s-objective-implementation,2.0,0.9,12,20260614,3,0.8950306680548094,28.798599292766323,True,0.26758650871740036,ok,25.775629564047403,1.4026148961660183,0.00760724504105692,ac43fdaf9411945abc6895dc4b625c578565bddad6758b2e80ecf86412c8c43c,0.26758650871740036,0.25527958328353834,0.2606536397749358
7e28542fda40db288ad2613b49f17b1248f6f2ce,False,True,article-s-objective-preregistration,article-s-objective-implementation,2.0,0.9,12,20260614,4,0.6704239213381789,34.289751001852046,False,0.9726749912064387,ok,22.988669328371397,1.04495788817884,0.007712705676562681,a9baed6d9880763d498b8dcd230e9a59d16a14154940cc178ebf8971c49d56b7,0.26758650871740036,0.25527958328353834,0.2606536397749358
7e28542fda40db288ad2613b49f17b1248f6f2ce,False,True,article-s-objective-preregistration,article-s-objective-implementation,2.0,0.9,12,20260614,5,0.6998142314838284,33.41596643278442,False,0.8309592810084849,ok,23.384968868448436,1.1169657644612727,0.007601250340548038,3a513464732289a6f9b80632ea1fa71d7bfb4bdeb80306c61a55d157b639b9ea,0.26758650871740036,0.25527958328353834,0.2606536397749358
7e28542fda40db288ad2613b49f17b1248f6f2ce,False,True,article-s-objective-preregistration,article-s-objective-implementation,2.0,0.9,13,20260615,1,0.9838693426522647,27.191822535061206,True,0.044311837906602355,ok,26.753200563087706,1.5145853844491535,0.007734869162299152,7ff86373618a8a719ebc63a9cd51338ccc10f7f8c69d3e661f1de16021dacc44,0.29715546690968275,0.25527958328353834,0.2606536397749358
7e28542fda40db288ad2613b49f17b1248f6f2ce,False,True,article-s-objective-preregistration,article-s-objective-implementation,2.0,0.9,13,20260615,2,0.7773279050260761,31.364269698724073,False,0.6050351431418937,ok,24.38032205758202,1.23193548901275,0.00757165919446523,c40bed5a1c31074d515bbf50376b437c575c24c0ff1eb6e4e4a1b8d23bb8c7c6,0.29715546690968275,0.25527958328353834,0.2606536397749358
7e28542fda40db288ad2613b49f17b1248f6f2ce,False,True,article-s-objective-preregistration,article-s-objective-implementation,2.0,0.9,13,20260615,3,0.8847058136777343,29.00185378694543,True,0.29715546690968275,ok,25.658108652742236,1.3877089226605204,0.007626334035331528,0fdab754b589a3aa13026d78a70de494812906e0a1af59892cdeae598d0ecb53,0.29715546690968275,0.25527958328353834,0.2606536397749358
7e28542fda40db288ad2613b49f17b1248f6f2ce,False,True,article-s-objective-preregistration,article-s-objective-implementation,2.0,0.9,13,20260615,4,0.7448040088403896,32.1842449424645,False,0.725974766518444,ok,23.970954654648594,1.1707170806821707,0.007612263181119072,f54f07168927cf0a123e5323831fb5f25fd4514ab661df6a64e2f154f8bb5478,0.29715546690968275,0.25527958328353834,0.2606536397749358
7e28542fda40db288ad2613b49f17b1248f6f2ce,False,True,article-s-objective-preregistration,article-s-objective-implementation,2.0,0.9,13,20260615,5,0.8132670501067341,30.518829013792782,False,0.5100193356191307,ok,24.819958044759066,1.2803162303933822,0.0075690337521043816,5b786e3da09efbae0c84fe291771d16442a52983957b7c172aebf2562530d43d,0.29715546690968275,0.25527958328353834,0.2606536397749358
7e28542fda40db288ad2613b49f17b1248f6f2ce,False,True,article-s-objective-preregistration,article-s-objective-implementation,2.0,0.9,14,20260616,1,0.6790400418245366,34.0274733678597,False,0.9070032623717107,ok,23.106016938894754,1.0784314683195093,0.007625446821743154,7fc2ec1f3b2f0f10c078729632733b25d7c51079e2ebdd1b75cecae2246a568c,0.19582373301107453,0.25527958328353834,0.2606536397749358
7e28542fda40db288ad2613b49f17b1248f6f2ce,False,True,article-s-objective-preregistration,article-s-objective-implementation,2.0,0.9,14,20260616,2,0.9260805558209197,28.209167482288343,True,0.19582373301107453,ok,26.123961501243006,1.4386678390733918,0.007618969483706994,9ad233b5c0c0b32adaedcd6429a1af2976e8c44293391fa3b15d30aa395ef6ce,0.19582373301107453,0.25527958328353834,0.2606536397749358
7e28542fda40db288ad2613b49f17b1248f6f2ce,False,True,article-s-objective-preregistration,article-s-objective-implementation,2.0,0.9,14,20260616,3,0.9353688759260319,28.038913831359974,True,0.15794300519419124,ok,26.226727312626046,1.457674614666058,0.0076514917302157315,22a5fa13458d83bb6094afb602d3b19eb3db6d208191ac4e054de5f23c81b677,0.19582373301107453,0.25527958328353834,0.2606536397749358
7e28542fda40db288ad2613b49f17b1248f6f2ce,False,True,article-s-objective-preregistration,article-s-objective-implementation,2.0,0.9,14,20260616,4,0.6760345926974016,34.11836706846368,False,0.9270216071551481,ok,23.06519638462928,1.0681786704838645,0.007654969478211537,4ccd4c54b9b85fce27b5132ddbb4cf33863a7ccef32ffdc1edce21c7ab243865,0.19582373301107453,0.25527958328353834,0.2606536397749358
7e28542fda40db288ad2613b49f17b1248f6f2ce,False,True,article-s-objective-preregistration,article-s-objective-implementation,2.0,0.9,14,20260616,5,0.9552377255952491,27.6836040289152,True,0.10562306470216155,ok,26.44442294886043,1.4839169518188196,0.007654232804964689,cf64feb106cd9eee40661138a0d491338636725e3f7226a3973341dcf36ccf2b,0.19582373301107453,0.25527958328353834,0.2606536397749358
7e28542fda40db288ad2613b49f17b1248f6f2ce,False,True,article-s-objective-preregistration,article-s-objective-implementation,2.0,0.9,15,20260617,1,0.7280856097246682,32.62800222364539,False,0.7644076528077732,ok,23.755978893100682,1.1511777695009882,0.007579669731165861,39ee29ec43c25fe518711c96104da7441a4e7ff86184e0d333d22d97434f3be1,0.29089121373805815,0.25527958328353834,0.2606536397749358
7e28542fda40db288ad2613b49f17b1248f6f2ce,False,True,article-s-objective-preregistration,article-s-objective-implementation,2.0,0.9,15,20260617,2,0.7769209519624646,31.374194842043618,False,0.6050351431418937,ok,24.375269323736372,1.23193548901275,0.00757165919446523,c40bed5a1c31074d515bbf50376b437c575c24c0ff1eb6e4e4a1b8d23bb8c7c6,0.29089121373805815,0.25527958328353834,0.2606536397749358
7e28542fda40db288ad2613b49f17b1248f6f2ce,False,True,article-s-objective-preregistration,article-s-objective-implementation,2.0,0.9,15,20260617,3,0.888266081690241,28.931342940047738,True,0.29089121373805815,ok,25.698730631392824,1.3908654983837887,0.007640078157254315,e2368c4e851516cb58224f25b22ce080dabe29427b1c7ed988fb02b0546bae47,0.29089121373805815,0.25527958328353834,0.2606536397749358
7e28542fda40db288ad2613b49f17b1248f6f2ce,False,True,article-s-objective-preregistration,article-s-objective-implementation,2.0,0.9,15,20260617,4,0.6862226491969845,33.8127746634106,False,0.8850790265859796,ok,23.203091806226297,1.0894535365221587,0.0076215047353138665,26e2f064c69bb0c4aa322d7b167f2e0ed8e78f2973a90bcc36c2e9661ab575fc,0.29089121373805815,0.25527958328353834,0.2606536397749358
7e28542fda40db288ad2613b49f17b1248f6f2ce,False,True,article-s-objective-preregistration,article-s-objective-implementation,2.0,0.9,15,20260617,5,0.7463375658867182,32.1443228664315,False,0.725974766518444,ok,23.990515685209264,1.1707170806821707,0.007612263181119072,f54f07168927cf0a123e5323831fb5f25fd4514ab661df6a64e2f154f8bb5478,0.29089121373805815,0.25527958328353834,0.2606536397749358
7e28542fda40db288ad2613b49f17b1248f6f2ce,False,True,article-s-objective-preregistration,article-s-objective-implementation,2.0,0.9,16,20260618,1,0.7250030315868001,32.71157311494833,False,0.7734207120207184,ok,23.715989676310805,1.146625453282872,0.0075995707769087595,dc4dc1812a626d801c76cb4afe9f9756609b5222732d9bcc6f127c6667affb58,0.24297719100183066,0.25527958328353834,0.2606536397749358
7e28542fda40db288ad2613b49f17b1248f6f2ce,False,True,article-s-objective-preregistration,article-s-objective-implementation,2.0,0.9,16,20260618,2,0.916417823835948,28.389192298607533,True,0.23448719109086474,ok,26.01636182675017,1.41924578021194,0.007639867975915315,cd60f5de9b78792c9e7441a2af3197c7e8986a3ea6d34b174cbd9cbe3e4e1172,0.24297719100183066,0.25527958328353834,0.2606536397749358
7e28542fda40db288ad2613b49f17b1248f6f2ce,False,True,article-s-objective-preregistration,article-s-objective-implementation,2.0,0.9,16,20260618,3,0.6871044713417495,33.78665774733404,False,0.8770638514876282,ok,23.214963609886578,1.0935723753166848,0.007633693770341399,45dd06bd3c72ba393dc55474c4b7db71df2f0f755f49e27b28519a408d24578f,0.24297719100183066,0.25527958328353834,0.2606536397749358
7e28542fda40db288ad2613b49f17b1248f6f2ce,False,True,article-s-objective-preregistration,article-s-objective-implementation,2.0,0.9,16,20260618,4,0.6775984436433343,34.070992969116354,False,0.9218445095931901,ok,23.08645180925623,1.0709338952590604,0.00764364093674752,71a810f073bb7b9241ba3efe7c843dd87c274984ca037bab26a63bbe88692d88,0.24297719100183066,0.25527958328353834,0.2606536397749358
7e28542fda40db288ad2613b49f17b1248f6f2ce,False,True,article-s-objective-preregistration,article-s-objective-implementation,2.0,0.9,16,20260618,5,0.910618932008679,28.498687108109383,True,0.24297719100183066,ok,25.951444018036078,1.4149699429136133,0.007653412230715251,0ee25a23dc588750d6ee93c8016e89fbf3e32debf55dfccbc0102a0c9ccedc0e,0.24297719100183066,0.25527958328353834,0.2606536397749358
7e28542fda40db288ad2613b49f17b1248f6f2ce,False,True,article-s-objective-preregistration,article-s-objective-implementation,2.0,0.9,17,20260619,1,0.8494865921820429,29.72447050687783,False,0.38259089025281,ok,25.25053915530329,1.344527299723512,0.007584851532093317,6d5419958ece6fa3de2afd053ed6d2bab55d6aec6ba971fe1222f9b882f14f69,0.25527958328353834,0.25527958328353834,0.2606536397749358
7e28542fda40db288ad2613b49f17b1248f6f2ce,False,True,article-s-objective-preregistration,article-s-objective-implementation,2.0,0.9,17,20260619,2,0.98310661101879,27.204626426141683,True,0.04624888376560897,ok,26.745048089836367,1.513628424260284,0.007720410163747804,7336ebfb6bd3e01f5c5e3a46ba75ae910806f4e7f3275641b70eec539c678575,0.25527958328353834,0.25527958328353834,0.2606536397749358
7e28542fda40db288ad2613b49f17b1248f6f2ce,False,True,article-s-objective-preregistration,article-s-objective-implementation,2.0,0.9,17,20260619,3,0.8189226050855687,30.39114089137357,False,0.4930126591644616,ok,24.887992270286198,1.2888962730315103,0.007574959261138492,c604673b79164884ea9c2ad9186a1a4b44c165a7bfd29053fed99b0f659fb233,0.25527958328353834,0.25527958328353834,0.2606536397749358
7e28542fda40db288ad2613b49f17b1248f6f2ce,False,True,article-s-objective-preregistration,article-s-objective-implementation,2.0,0.9,17,20260619,4,0.904562014607161,28.614243940060412,True,0.25527958328353834,ok,25.883358144881793,1.408801586059513,0.007628741389201554,807a5fa8c72814e5fce91ac8191e3c0d53e5f2660e69c59815e36843a4c641cf,0.25527958328353834,0.25527958328353834,0.2606536397749358
7e28542fda40db288ad2613b49f17b1248f6f2ce,False,True,article-s-objective-preregistration,article-s-objective-implementation,2.0,0.9,17,20260619,5,0.9187962478036951,28.344600919707393,True,0.22120322958130165,ok,26.042912970520316,1.4259057821431302,0.007637259684102116,7771465bc9aac1adffa1fb68a65c7bb9b7d407e9f3224a711ede3372a3040947,0.25527958328353834,0.25527958328353834,0.2606536397749358
7e28542fda40db288ad2613b49f17b1248f6f2ce,False,True,article-s-objective-preregistration,article-s-objective-implementation,2.0,0.9,18,20260620,1,0.9959397392402256,26.991286760818817,True,0.01878032014126819,ok,26.881695098328045,1.5273429749987053,0.0077740139665762875,c68db1a5d2fb9bec280cbfba1fdcb6a8bfd5710c976b6d9921a570b4acb166c5,0.19582373301107453,0.25527958328353834,0.2606536397749358
7e28542fda40db288ad2613b49f17b1248f6f2ce,False,True,article-s-objective-preregistration,article-s-objective-implementation,2.0,0.9,18,20260620,2,0.8315403422298966,30.111223791712582,False,0.4658335388458737,ok,25.038697336721686,1.3026348170652358,0.0075906749941974105,08fbf6d1bc1ccb49ec7ef8bdb7cb331fa050505ffd2a76e934e9aa1882bb5c30,0.19582373301107453,0.25527958328353834,0.2606536397749358
7e28542fda40db288ad2613b49f17b1248f6f2ce,False,True,article-s-objective-preregistration,article-s-objective-implementation,2.0,0.9,18,20260620,3,0.7570596519511532,31.8687606372366,False,0.6621398681726742,ok,24.126552836140952,1.202978413689902,0.007588491799628283,fea4da66831c243c62e5d9d738f0c198f3d90d8e70add92fdd81df9b65b2f984,0.19582373301107453,0.25527958328353834,0.2606536397749358
7e28542fda40db288ad2613b49f17b1248f6f2ce,False,True,article-s-objective-preregistration,article-s-objective-implementation,2.0,0.9,18,20260620,4,0.9247042209744609,28.234626863869458,True,0.19582373301107453,ok,26.108678638658994,1.4386678390733918,0.007618969483706994,9ad233b5c0c0b32adaedcd6429a1af2976e8c44293391fa3b15d30aa395ef6ce,0.19582373301107453,0.25527958328353834,0.2606536397749358
7e28542fda40db288ad2613b49f17b1248f6f2ce,False,True,article-s-objective-preregistration,article-s-objective-implementation,2.0,0.9,18,20260620,5,0.942442963234837,27.911042089177496,True,0.13028659477290327,ok,26.304565213496694,1.4715467505003572,0.0076710757496356585,ceb38df55a6380877cbbd5577b9dbe60def38cc132bc79f9287d1854eadb1711,0.19582373301107453,0.25527958328353834,0.2606536397749358
7e28542fda40db288ad2613b49f17b1248f6f2ce,False,True,article-s-objective-preregistration,article-s-objective-implementation,2.0,0.9,19,20260621,1,0.8250106208528465,30.255236983705363,False,0.4930126591644616,ok,24.960891847976765,1.2888962730315103,0.007574959261138492,c604673b79164884ea9c2ad9186a1a4b44c165a7bfd29053fed99b0f659fb233,0.25527958328353834,0.25527958328353834,0.2606536397749358
7e28542fda40db288ad2613b49f17b1248f6f2ce,False,True,article-s-objective-preregistration,article-s-objective-implementation,2.0,0.9,19,20260621,2,0.8639671263943632,29.421713389012236,False,0.35326470914705294,ok,25.419393170303465,1.3593219959828604,0.0075992833880236255,fc68a6085314cf0b2c6ac7ad1c0b2750b5b8f7399a86d3834326c4dc585f666c,0.25527958328353834,0.25527958328353834,0.2606536397749358
7e28542fda40db288ad2613b49f17b1248f6f2ce,False,True,article-s-objective-preregistration,article-s-objective-implementation,2.0,0.9,19,20260621,3,0.7312916610046845,32.5416708265127,False,0.7644076528077732,ok,23.797452510588155,1.1511777695009882,0.007579669731165861,39ee29ec43c25fe518711c96104da7441a4e7ff86184e0d333d22d97434f3be1,0.25527958328353834,0.25527958328353834,0.2606536397749358
7e28542fda40db288ad2613b49f17b1248f6f2ce,False,True,article-s-objective-preregistration,article-s-objective-implementation,2.0,0.9,19,20260621,4,0.773792692435108,31.450764026899904,False,0.6168032235421153,ok,24.336371375516116,1.2259010484285795,0.00755391848340814,7ee65d57eabaef9353127c1da6336ab9e26e13a240edb04be903d03e62940614,0.25527958328353834,0.25527958328353834,0.2606536397749358
7e28542fda40db288ad2613b49f17b1248f6f2ce,False,True,article-s-objective-preregistration,article-s-objective-implementation,2.0,0.9,19,20260621,5,0.9073689635912853,28.56053915146466,True,0.25527958328353834,ok,25.914946809472813,1.408801586059513,0.007628741389201554,807a5fa8c72814e5fce91ac8191e3c0d53e5f2660e69c59815e36843a4c641cf,0.25527958328353834,0.25527958328353834,0.2606536397749358
7e28542fda40db288ad2613b49f17b1248f6f2ce,False,True,article-s-objective-preregistration,article-s-objective-implementation,2.0,0.9,20,20260622,1,0.9764392898919323,27.317229248630806,True,0.0678171292548219,ok,26.673615929348188,1.5028013539971699,0.0077062368487839095,2b6605dbd3a4160e7bb186e403c24e8e6505fd569174bcf87bb6ef8f12b1f332,0.25527958328353834,0.25527958328353834,0.2606536397749358
7e28542fda40db288ad2613b49f17b1248f6f2ce,False,True,article-s-objective-preregistration,article-s-objective-implementation,2.0,0.9,20,20260622,2,0.8998834050831047,28.70434996039769,True,0.25527958328353834,ok,25.830568183059754,1.408801586059513,0.007628741389201554,807a5fa8c72814e5fce91ac8191e3c0d53e5f2660e69c59815e36843a4c641cf,0.25527958328353834,0.25527958328353834,0.2606536397749358
7e28542fda40db288ad2613b49f17b1248f6f2ce,False,True,article-s-objective-preregistration,article-s-objective-implementation,2.0,0.9,20,20260622,3,0.7107154893285988,33.10631780937014,False,0.8159269524683106,ok,23.529172861754606,1.1247744910425588,0.007621371961759937,7d81be059db1bc0667612509fe605929f8886d547a3160281b6154a8ab612e14,0.25527958328353834,0.25527958328353834,0.2606536397749358
7e28542fda40db288ad2613b49f17b1248f6f2ce,False,True,article-s-objective-preregistration,article-s-objective-implementation,2.0,0.9,20,20260622,4,0.8024105434400164,30.767914686519802,False,0.5371741644485396,ok,24.688499144126414,1.2665727083599307,0.007546966535771027,6b1fdb9d1aeabccac98c4f0c11dbe5ffe61bfaecdaef3ac33638eba874320067,0.25527958328353834,0.25527958328353834,0.2606536397749358
7e28542fda40db288ad2613b49f17b1248f6f2ce,False,True,article-s-objective-preregistration,article-s-objective-implementation,2.0,0.9,20,20260622,5,0.9946609409934883,27.012348279296265,True,0.02027190063299104,ok,26.868127757928658,1.5266084388369527,0.007771703189319634,6a066f1e2b5a1bc383d90bc299e9755b1cabc99be92a33d76a3fd86f15b5cd5b,0.25527958328353834,0.25527958328353834,0.2606536397749358
7e28542fda40db288ad2613b49f17b1248f6f2ce,False,True,article-s-objective-preregistration,article-s-objective-implementation,2.0,0.9,21,20260623,1,0.868743511340596,29.32360668318807,False,0.34028742941077544,ok,25.474693035123373,1.3659135587074223,0.007619726931630488,a652008b32258649efbb8a9d866bd7d1057bf95de5a78742b503ebf9105552fc,,0.25527958328353834,0.2606536397749358
7e28542fda40db288ad2613b49f17b1248f6f2ce,False,True,article-s-objective-preregistration,article-s-objective-implementation,2.0,0.9,21,20260623,2,0.7633681982761705,31.709478535093634,False,0.6405233526523567,ok,24.20600749761133,1.2138936735825614,0.007584427137372618,26c2bb21d71d6be8796ff2f1b278a871e2e089594033da856ac69ab677f82bf4,,0.25527958328353834,0.2606536397749358
7e28542fda40db288ad2613b49f17b1248f6f2ce,False,True,article-s-objective-preregistration,article-s-objective-implementation,2.0,0.9,21,20260623,3,0.7935314001259803,30.975620871071232,False,0.5638899632180019,ok,24.580127799592695,1.25302168084046,0.007563285314025059,05ba6337a16b4ffa41d2a9659e578f32d8d2dc34ce47cc26a2fcf93b00d256c5,,0.25527958328353834,0.2606536397749358
7e28542fda40db288ad2613b49f17b1248f6f2ce,False,True,article-s-objective-preregistration,article-s-objective-implementation,2.0,0.9,21,20260623,4,0.7998438411778105,30.82758258301512,False,0.5371741644485396,ok,24.65725206742498,1.2665727083599307,0.007546966535771027,6b1fdb9d1aeabccac98c4f0c11dbe5ffe61bfaecdaef3ac33638eba874320067,,0.25527958328353834,0.2606536397749358
7e28542fda40db288ad2613b49f17b1248f6f2ce,False,True,article-s-objective-preregistration,article-s-objective-implementation,2.0,0.9,21,20260623,5,0.7561377642571622,31.892211945235285,False,0.6621398681726742,ok,24.114905837485768,1.202978413689902,0.007588491799628283,fea4da66831c243c62e5d9d738f0c198f3d90d8e70add92fdd81df9b65b2f984,,0.25527958328353834,0.2606536397749358
7e28542fda40db288ad2613b49f17b1248f6f2ce,False,True,article-s-objective-preregistration,article-s-objective-implementation,2.0,0.9,22,20260624,1,0.934281899441331,28.058698672138085,True,0.15794300519419124,ok,26.214734291257123,1.457674614666058,0.0076514917302157315,22a5fa13458d83bb6094afb602d3b19eb3db6d208191ac4e054de5f23c81b677,0.25527958328353834,0.25527958328353834,0.2606536397749358
7e28542fda40db288ad2613b49f17b1248f6f2ce,False,True,article-s-objective-preregistration,article-s-objective-implementation,2.0,0.9,22,20260624,2,0.9736129504702754,27.3653338204082,True,0.07640568726414262,ok,26.64324340149164,1.4985190051827566,0.00772074050641347,df8a30a943345515dfc1e0234cd305bd7e0784a54ddb7cf914f4c258fa1e7283,0.25527958328353834,0.25527958328353834,0.2606536397749358
7e28542fda40db288ad2613b49f17b1248f6f2ce,False,True,article-s-objective-preregistration,article-s-objective-implementation,2.0,0.9,22,20260624,3,0.7150894648708759,32.98415858733047,False,0.7941608492963189,ok,23.58662431343025,1.1359716306256082,0.007596087999028001,e979472c70b1688b8f562c348a4236d083478f3d19e96790c095dd2a6832492e,0.25527958328353834,0.25527958328353834,0.2606536397749358
7e28542fda40db288ad2613b49f17b1248f6f2ce,False,True,article-s-objective-preregistration,article-s-objective-implementation,2.0,0.9,22,20260624,4,0.744899881318335,32.18174537384781,False,0.725974766518444,ok,23.97217830959611,1.1707170806821707,0.007612263181119072,f54f07168927cf0a123e5323831fb5f25fd4514ab661df6a64e2f154f8bb5478,0.25527958328353834,0.25527958328353834,0.2606536397749358
7e28542fda40db288ad2613b49f17b1248f6f2ce,False,True,article-s-objective-preregistration,article-s-objective-implementation,2.0,0.9,22,20260624,5,0.9000514680123219,28.701100329262495,True,0.25527958328353834,ok,25.832467484921644,1.408801586059513,0.007628741389201554,807a5fa8c72814e5fce91ac8191e3c0d53e5f2660e69c59815e36843a4c641cf,0.25527958328353834,0.25527958328353834,0.2606536397749358
7e28542fda40db288ad2613b49f17b1248f6f2ce,False,True,article-s-objective-preregistration,article-s-objective-implementation,2.0,0.9,23,20260625,1,0.792921123018682,30.990031466389674,False,0.5638899632180019,ok,24.57265055271399,1.25302168084046,0.007563285314025059,05ba6337a16b4ffa41d2a9659e578f32d8d2dc34ce47cc26a2fcf93b00d256c5,0.25527958328353834,0.25527958328353834,0.2606536397749358
7e28542fda40db288ad2613b49f17b1248f6f2ce,False,True,article-s-objective-preregistration,article-s-objective-implementation,2.0,0.9,23,20260625,2,0.9078089103706775,28.55214567144917,True,0.25527958328353834,ok,25.91989225074313,1.408801586059513,0.007628741389201554,807a5fa8c72814e5fce91ac8191e3c0d53e5f2660e69c59815e36843a4c641cf,0.25527958328353834,0.25527958328353834,0.2606536397749358
7e28542fda40db288ad2613b49f17b1248f6f2ce,False,True,article-s-objective-preregistration,article-s-objective-implementation,2.0,0.9,23,20260625,3,0.8311611156098655,30.119538690020427,False,0.4658335388458737,ok,25.034189379251885,1.3026348170652358,0.0075906749941974105,08fbf6d1bc1ccb49ec7ef8bdb7cb331fa050505ffd2a76e934e9aa1882bb5c30,0.25527958328353834,0.25527958328353834,0.2606536397749358
7e28542fda40db288ad2613b49f17b1248f6f2ce,False,True,article-s-objective-preregistration,article-s-objective-implementation,2.0,0.9,23,20260625,4,0.8640640394027687,29.419714259323026,False,0.35326470914705294,ok,25.420517140985886,1.3593219959828604,0.0075992833880236255,fc68a6085314cf0b2c6ac7ad1c0b2750b5b8f7399a86d3834326c4dc585f666c,0.25527958328353834,0.25527958328353834,0.2606536397749358
7e28542fda40db288ad2613b49f17b1248f6f2ce,False,True,article-s-objective-preregistration,article-s-objective-implementation,2.0,0.9,23,20260625,5,0.9818345313556947,27.226016012008238,True,0.05140001836900671,ok,26.731442671832745,1.5110323960250776,0.0077334780376121515,412ffd54cd2a41a442cf2b090df81ddb4ff116e557d0937c174be453dff927a1,0.25527958328353834,0.25527958328353834,0.2606536397749358
7e28542fda40db288ad2613b49f17b1248f6f2ce,False,True,article-s-objective-preregistration,article-s-objective-implementation,2.0,0.9,24,20260626,1,0.9693972884080206,27.437500385758632,True,0.07640568726414262,ok,26.597838474648437,1.4985190051827566,0.00772074050641347,df8a30a943345515dfc1e0234cd305bd7e0784a54ddb7cf914f4c258fa1e7283,0.07640568726414262,0.25527958328353834,0.2606536397749358
7e28542fda40db288ad2613b49f17b1248f6f2ce,False,True,article-s-objective-preregistration,article-s-objective-implementation,2.0,0.9,24,20260626,2,0.6956661546473076,33.53578336740944,False,0.8463555335307332,ok,23.32970945829086,1.1091456059487146,0.0076172730503083486,8314eee7e3fb0f83db487ea7ec9cc5a2f801d0e5d186ceca304a7ac2ebb656ef,0.07640568726414262,0.25527958328353834,0.2606536397749358
7e28542fda40db288ad2613b49f17b1248f6f2ce,False,True,article-s-objective-preregistration,article-s-objective-implementation,2.0,0.9,24,20260626,3,0.6723747257569479,34.22990836700144,False,0.9518283233040856,ok,23.015325250948052,1.0555306172727281,0.007656245043301091,4704e3380c56eac6f144261eb73f7b3224f4e3c889f4096438e8d03f312fa114,0.07640568726414262,0.25527958328353834,0.2606536397749358
7e28542fda40db288ad2613b49f17b1248f6f2ce,False,True,article-s-objective-preregistration,article-s-objective-implementation,2.0,0.9,24,20260626,4,0.6825027037700687,33.92352842117703,False,0.9062804388647445,ok,23.152899868874094,1.0788067528071061,0.007626334615015828,e496b556a50c647fd45bf0f895f38e6f4581fe50f41dd885d07cef6d455eeb77,0.07640568726414262,0.25527958328353834,0.2606536397749358
7e28542fda40db288ad2613b49f17b1248f6f2ce,False,True,article-s-objective-preregistration,article-s-objective-implementation,2.0,0.9,24,20260626,5,0.7787952904255702,31.32854962061701,False,0.6050351431418937,ok,24.39852690040031,1.23193548901275,0.00757165919446523,c40bed5a1c31074d515bbf50376b437c575c24c0ff1eb6e4e4a1b8d23bb8c7c6,0.07640568726414262,0.25527958328353834,0.2606536397749358
7e28542fda40db288ad2613b49f17b1248f6f2ce,False,True,article-s-objective-preregistration,article-s-objective-implementation,2.0,0.9,25,20260627,1,0.9343660899133217,28.057164951556413,True,0.15794300519419124,ok,26.21566350983886,1.457674614666058,0.0076514917302157315,22a5fa13458d83bb6094afb602d3b19eb3db6d208191ac4e054de5f23c81b677,0.15794300519419124,0.25527958328353834,0.2606536397749358
7e28542fda40db288ad2613b49f17b1248f6f2ce,False,True,article-s-objective-preregistration,article-s-objective-implementation,2.0,0.9,25,20260627,2,0.7350172957892271,32.442091498002256,False,0.7587589520597164,ok,23.845498362608296,1.1540848696385897,0.007586975119158179,fa39fa89f22a27a905ce5069eb204105114751af61c135ded578b832cbce3c14,0.15794300519419124,0.25527958328353834,0.2606536397749358
7e28542fda40db288ad2613b49f17b1248f6f2ce,False,True,article-s-objective-preregistration,article-s-objective-implementation,2.0,0.9,25,20260627,3,0.9494275519982184,27.7862794529967,True,0.13028659477290327,ok,26.38105928019705,1.4715467505003572,0.0076710757496356585,ceb38df55a6380877cbbd5577b9dbe60def38cc132bc79f9287d1854eadb1711,0.15794300519419124,0.25527958328353834,0.2606536397749358
7e28542fda40db288ad2613b49f17b1248f6f2ce,False,True,article-s-objective-preregistration,article-s-objective-implementation,2.0,0.9,25,20260627,4,0.775231345278391,31.415490249705584,False,0.6106140911578177,ok,24.354272768859435,1.2291002638059068,0.00756207089961114,7b5feadbd258466f59d4c15f586c5ae8501bf753f15c9389df79ed378bab8ee1,0.15794300519419124,0.25527958328353834,0.2606536397749358
7e28542fda40db288ad2613b49f17b1248f6f2ce,False,True,article-s-objective-preregistration,article-s-objective-implementation,2.0,0.9,25,20260627,5,0.9681487808412431,27.458969380481676,True,0.07640568726414262,ok,26.584367728870358,1.4985190051827566,0.00772074050641347,df8a30a943345515dfc1e0234cd305bd7e0784a54ddb7cf914f4c258fa1e7283,0.15794300519419124,0.25527958328353834,0.2606536397749358
7e28542fda40db288ad2613b49f17b1248f6f2ce,False,True,article-s-objective-preregistration,article-s-objective-implementation,2.0,0.9,26,20260628,1,0.7061003791164151,33.23649529165232,False,0.8259993151547649,ok,23.468301925936647,1.1195632311151935,0.00760740991064246,beacf3b09218c8cc045a5e34ab5d4c26d16de5bb457c9edd26d9f2fbd8887612,0.29591847382224234,0.25527958328353834,0.2606536397749358
7e28542fda40db288ad2613b49f17b1248f6f2ce,False,True,article-s-objective-preregistration,article-s-objective-implementation,2.0,0.9,26,20260628,2,0.8849031605668767,28.997933560409535,True,0.29591847382224234,ok,25.6603630575147,1.3883290668882167,0.007628086591815464,be6aa3877539f6a5897b9f2ce24f03b4f58dd298403b9abe6a422b87a113c6c8,0.29591847382224234,0.25527958328353834,0.2606536397749358
7e28542fda40db288ad2613b49f17b1248f6f2ce,False,True,article-s-objective-preregistration,article-s-objective-implementation,2.0,0.9,26,20260628,3,0.9387634962393465,27.977360896756533,True,0.14007096797660393,ok,26.264125130989143,1.4666408980821257,0.007686901492534481,29ac02f6b0d074f53603f096b36c589c393ed92f5d9582960131a5e638985dab,0.29591847382224234,0.25527958328353834,0.2606536397749358
7e28542fda40db288ad2613b49f17b1248f6f2ce,False,True,article-s-objective-preregistration,article-s-objective-implementation,2.0,0.9,26,20260628,4,0.964188013976184,27.527370981681262,True,0.09050326654905105,ok,26.541561156812897,1.4914537871594542,0.007695207933622328,5ae72ff5ada2f78147c930cc70279e5f0e2a9f52b792055528978ef7ce69207c,0.29591847382224234,0.25527958328353834,0.2606536397749358
7e28542fda40db288ad2613b49f17b1248f6f2ce,False,True,article-s-objective-preregistration,article-s-objective-implementation,2.0,0.9,26,20260628,5,0.7350620040806434,32.440901340717964,False,0.7587589520597164,ok,23.846073953690578,1.1540848696385897,0.007586975119158179,fa39fa89f22a27a905ce5069eb204105114751af61c135ded578b832cbce3c14,0.29591847382224234,0.25527958328353834,0.2606536397749358
7e28542fda40db288ad2613b49f17b1248f6f2ce,False,True,article-s-objective-preregistration,article-s-objective-implementation,2.0,0.9,27,20260629,1,0.7313919570764065,32.53897967315207,False,0.7644076528077732,ok,23.798748024416103,1.1511777695009882,0.007579669731165861,39ee29ec43c25fe518711c96104da7441a4e7ff86184e0d333d22d97434f3be1,0.08200410929387314,0.25527958328353834,0.2606536397749358
7e28542fda40db288ad2613b49f17b1248f6f2ce,False,True,article-s-objective-preregistration,article-s-objective-implementation,2.0,0.9,27,20260629,2,0.719021458537535,32.87533869148612,False,0.7837716886850995,ok,23.63807397586781,1.1413241064386717,0.00758420903137802,3049e015122165288475b62d29d50c555581a40f8f944451c144fa810ce541fe,0.08200410929387314,0.25527958328353834,0.2606536397749358
7e28542fda40db288ad2613b49f17b1248f6f2ce,False,True,article-s-objective-preregistration,article-s-objective-implementation,2.0,0.9,27,20260629,3,0.9880195079032275,27.122430962344925,True,0.03535207114187479,ok,26.79749089255529,1.519093143706723,0.0077485831446484355,a7ee7144353b9b6abf323947a56496ab8edfa9f7b371f31413b350f0e99963d6,0.08200410929387314,0.25527958328353834,0.2606536397749358
7e28542fda40db288ad2613b49f17b1248f6f2ce,False,True,article-s-objective-preregistration,article-s-objective-implementation,2.0,0.9,27,20260629,4,0.967841719745766,27.464256288276108,True,0.08200410929387314,ok,26.58105303758362,1.4957302958280498,0.007708556370220165,3fe84632c2fb8cb3c545b8f7053b1cd66f011693ded9153b33930a13fe75f745,0.08200410929387314,0.25527958328353834,0.2606536397749358
7e28542fda40db288ad2613b49f17b1248f6f2ce,False,True,article-s-objective-preregistration,article-s-objective-implementation,2.0,0.9,27,20260629,5,0.721598278447592,32.80452862830665,False,0.7837716886850995,ok,23.671691383470822,1.1413241064386717,0.00758420903137802,3049e015122165288475b62d29d50c555581a40f8f944451c144fa810ce541fe,0.08200410929387314,0.25527958328353834,0.2606536397749358
7e28542fda40db288ad2613b49f17b1248f6f2ce,False,True,article-s-objective-preregistration,article-s-objective-implementation,2.0,0.9,28,20260630,1,0.8025571734036316,30.76451508819871,False,0.5371741644485396,ok,24.690282270318136,1.2665727083599307,0.007546966535771027,6b1fdb9d1aeabccac98c4f0c11dbe5ffe61bfaecdaef3ac33638eba874320067,0.25527958328353834,0.25527958328353834,0.2606536397749358
7e28542fda40db288ad2613b49f17b1248f6f2ce,False,True,article-s-objective-preregistration,article-s-objective-implementation,2.0,0.9,28,20260630,2,0.8433560161715852,29.855122999425177,False,0.39819112454706146,ok,25.178497595107885,1.3367787323927143,0.007582127659041316,42b9eb40d24a3c784fc56522f29412f1b2adf4e70ea1d979ffcd273982ee5c7c,0.25527958328353834,0.25527958328353834,0.2606536397749358
7e28542fda40db288ad2613b49f17b1248f6f2ce,False,True,article-s-objective-preregistration,article-s-objective-implementation,2.0,0.9,28,20260630,3,0.6706363553479855,34.283221216322644,False,0.9726749912064387,ok,22.99157452610335,1.04495788817884,0.007712705676562681,a9baed6d9880763d498b8dcd230e9a59d16a14154940cc178ebf8971c49d56b7,0.25527958328353834,0.25527958328353834,0.2606536397749358
7e28542fda40db288ad2613b49f17b1248f6f2ce,False,True,article-s-objective-preregistration,article-s-objective-implementation,2.0,0.9,28,20260630,4,0.9073872215890372,28.560190689450042,True,0.25527958328353834,ok,25.915152077753163,1.408801586059513,0.007628741389201554,807a5fa8c72814e5fce91ac8191e3c0d53e5f2660e69c59815e36843a4c641cf,0.25527958328353834,0.25527958328353834,0.2606536397749358
7e28542fda40db288ad2613b49f17b1248f6f2ce,False,True,article-s-objective-preregistration,article-s-objective-implementation,2.0,0.9,28,20260630,5,0.8377174861231798,29.976623331426577,False,0.42677964968394727,ok,25.11194153966413,1.3223604344753532,0.0075954349371238905,9634c987e6973c8cf41bcecde2a3afe5eed7a26352a04579af4e8905b06b76e5,0.25527958328353834,0.25527958328353834,0.2606536397749358
7e28542fda40db288ad2613b49f17b1248f6f2ce,False,True,article-s-objective-preregistration,article-s-objective-implementation,2.0,0.9,29,20260631,1,0.7699682768277631,31.545037624539493,False,0.627738823300783,ok,24.288678262233628,1.2204459226607296,0.007573749373928518,1c5c0bd967327f7b04871a91f9ff2b02209283b9e86460d9c232455c18118f82,0.01878032014126819,0.25527958328353834,0.2606536397749358
7e28542fda40db288ad2613b49f17b1248f6f2ce,False,True,article-s-objective-preregistration,article-s-objective-implementation,2.0,0.9,29,20260631,2,0.7935320011511727,30.975606687558816,False,0.5638899632180019,ok,24.580135161650198,1.25302168084046,0.007563285314025059,05ba6337a16b4ffa41d2a9659e578f32d8d2dc34ce47cc26a2fcf93b00d256c5,0.01878032014126819,0.25527958328353834,0.2606536397749358
7e28542fda40db288ad2613b49f17b1248f6f2ce,False,True,article-s-objective-preregistration,article-s-objective-implementation,2.0,0.9,29,20260631,3,0.9963040192223488,26.985295058211925,True,0.01878032014126819,ok,26.885557926397528,1.5273429749987053,0.0077740139665762875,c68db1a5d2fb9bec280cbfba1fdcb6a8bfd5710c976b6d9921a570b4acb166c5,0.01878032014126819,0.25527958328353834,0.2606536397749358
7e28542fda40db288ad2613b49f17b1248f6f2ce,False,True,article-s-objective-preregistration,article-s-objective-implementation,2.0,0.9,29,20260631,4,0.696664096341745,33.506855912617574,False,0.8463555335307332,ok,23.343023495616777,1.1091456059487146,0.0076172730503083486,8314eee7e3fb0f83db487ea7ec9cc5a2f801d0e5d186ceca304a7ac2ebb656ef,0.01878032014126819,0.25527958328353834,0.2606536397749358
7e28542fda40db288ad2613b49f17b1248f6f2ce,False,True,article-s-objective-preregistration,article-s-objective-implementation,2.0,0.9,29,20260631,5,0.8462913350274728,29.79237965307211,False,0.39819112454706146,ok,25.213032750243713,1.3367787323927143,0.007582127659041316,42b9eb40d24a3c784fc56522f29412f1b2adf4e70ea1d979ffcd273982ee5c7c,0.01878032014126819,0.25527958328353834,0.2606536397749358
7e28542fda40db288ad2613b49f17b1248f6f2ce,False,True,article-s-objective-preregistration,article-s-objective-implementation,2.0,0.9,30,20260632,1,0.73379202571189,32.4747531061008,False,0.7644076528077732,ok,23.829714866219195,1.1511777695009882,0.007579669731165861,39ee29ec43c25fe518711c96104da7441a4e7ff86184e0d333d22d97434f3be1,0.25527958328353834,0.25527958328353834,0.2606536397749358
7e28542fda40db288ad2613b49f17b1248f6f2ce,False,True,article-s-objective-preregistration,article-s-objective-implementation,2.0,0.9,30,20260632,2,0.8189487658370131,30.3905534862775,False,0.4930126591644616,ok,24.888306270690695,1.2888962730315103,0.007574959261138492,c604673b79164884ea9c2ad9186a1a4b44c165a7bfd29053fed99b0f659fb233,0.25527958328353834,0.25527958328353834,0.2606536397749358
7e28542fda40db288ad2613b49f17b1248f6f2ce,False,True,article-s-objective-preregistration,article-s-objective-implementation,2.0,0.9,30,20260632,3,0.8739611687780802,29.217409007273258,False,0.34028742941077544,ok,25.534880924663742,1.3659135587074223,0.007619726931630488,a652008b32258649efbb8a9d866bd7d1057bf95de5a78742b503ebf9105552fc,0.25527958328353834,0.25527958328353834,0.2606536397749358
7e28542fda40db288ad2613b49f17b1248f6f2ce,False,True,article-s-objective-preregistration,article-s-objective-implementation,2.0,0.9,30,20260632,4,0.8989444451014067,28.722523260555338,True,0.25527958328353834,ok,25.819952734372166,1.408801586059513,0.007628741389201554,807a5fa8c72814e5fce91ac8191e3c0d53e5f2660e69c59815e36843a4c641cf,0.25527958328353834,0.25527958328353834,0.2606536397749358
7e28542fda40db288ad2613b49f17b1248f6f2ce,False,True,article-s-objective-preregistration,article-s-objective-implementation,2.0,0.9,30,20260632,5,0.8412623242910963,29.90008791237837,False,0.4162815439065738,ok,25.15381745367554,1.327632328090233,0.007577896657875005,7f5f7e71499b4cb229de8c0fe3215ee59d396e82a3463c6f9dcb8e94c2147068,0.25527958328353834,0.25527958328353834,0.2606536397749358
7e28542fda40db288ad2613b49f17b1248f6f2ce,False,True,article-s-objective-preregistration,article-s-objective-implementation,2.0,0.9,31,20260633,1,0.8965278570153261,28.769434620729765,True,0.2606536397749358,ok,25.792599568065388,1.406107834241256,0.007617892391954317,71a62d30e25c9a82b6c3685732115d4cd7eca9ff01e518db70a09db96e6c2083,0.2606536397749358,0.25527958328353834,0.2606536397749358
7e28542fda40db288ad2613b49f17b1248f6f2ce,False,True,article-s-objective-preregistration,article-s-objective-implementation,2.0,0.9,31,20260633,2,0.7538505293062681,31.950590089616444,False,0.6733686105627895,ok,24.08596925070496,1.1973756196847085,0.007608231232925533,2bfca5d82de989fa2c463a2821962d5a31f1519aeaec50202528cff465b336e4,0.2606536397749358,0.25527958328353834,0.2606536397749358
7e28542fda40db288ad2613b49f17b1248f6f2ce,False,True,article-s-objective-preregistration,article-s-objective-implementation,2.0,0.9,31,20260633,3,0.6737296370821981,34.188504591294695,False,0.9518283233040856,ok,23.03380879067604,1.0555306172727281,0.007656245043301091,4704e3380c56eac6f144261eb73f7b3224f4e3c889f4096438e8d03f312fa114,0.2606536397749358,0.25527958328353834,0.2606536397749358
7e28542fda40db288ad2613b49f17b1248f6f2ce,False,True,article-s-objective-preregistration,article-s-objective-implementation,2.0,0.9,31,20260633,4,0.9004827236259976,28.692766066273503,True,0.25527958328353834,ok,25.837340135721565,1.408801586059513,0.007628741389201554,807a5fa8c72814e5fce91ac8191e3c0d53e5f2660e69c59815e36843a4c641cf,0.2606536397749358,0.25527958328353834,0.2606536397749358
7e28542fda40db288ad2613b49f17b1248f6f2ce,False,True,article-s-objective-preregistration,article-s-objective-implementation,2.0,0.9,31,20260633,5,0.8549619368215429,29.609037897716654,False,0.38259089025281,ok,25.314600388454295,1.344527299723512,0.007584851532093317,6d5419958ece6fa3de2afd053ed6d2bab55d6aec6ba971fe1222f9b882f14f69,0.2606536397749358,0.25527958328353834,0.2606536397749358
7e28542fda40db288ad2613b49f17b1248f6f2ce,False,True,article-s-objective-preregistration,article-s-objective-implementation,2.0,0.9,32,20260634,1,0.9025626142148356,28.65265986003131,True,0.25527958328353834,ok,25.860819587478346,1.408801586059513,0.007628741389201554,807a5fa8c72814e5fce91ac8191e3c0d53e5f2660e69c59815e36843a4c641cf,0.25527958328353834,0.25527958328353834,0.2606536397749358
7e28542fda40db288ad2613b49f17b1248f6f2ce,False,True,article-s-objective-preregistration,article-s-objective-implementation,2.0,0.9,32,20260634,2,0.9481536677418891,27.808925061601464,True,0.13028659477290327,ok,26.36713429311677,1.4715467505003572,0.0076710757496356585,ceb38df55a6380877cbbd5577b9dbe60def38cc132bc79f9287d1854eadb1711,0.25527958328353834,0.25527958328353834,0.2606536397749358
7e28542fda40db288ad2613b49f17b1248f6f2ce,False,True,article-s-objective-preregistration,article-s-objective-implementation,2.0,0.9,32,20260634,3,0.9099258632913818,28.511847837073123,True,0.24746002684557855,ok,25.943667757181277,1.412727513227191,0.00764053363978956,984372d5d0174eb6f4d45dc9300e77c6360092d2e18f4797af962b801ba30975,0.25527958328353834,0.25527958328353834,0.2606536397749358
7e28542fda40db288ad2613b49f17b1248f6f2ce,False,True,article-s-objective-preregistration,article-s-objective-implementation,2.0,0.9,32,20260634,4,0.7526250211140937,31.981984018350566,False,0.6853162944877192,ok,24.0704413970817,1.1913341892384766,0.007607236658393468,7cd79f76650caa61fadbb434465d3fb7f60e952228527c59f9a463e1f53663da,0.25527958328353834,0.25527958328353834,0.2606536397749358
7e28542fda40db288ad2613b49f17b1248f6f2ce,False,True,article-s-objective-preregistration,article-s-objective-implementation,2.0,0.9,32,20260634,5,0.9658571388203859,27.4984910011473,True,0.09050326654905105,ok,26.55961384024626,1.4914537871594542,0.007695207933622328,5ae72ff5ada2f78147c930cc70279e5f0e2a9f52b792055528978ef7ce69207c,0.25527958328353834,0.25527958328353834,0.2606536397749358
7e28542fda40db288ad2613b49f17b1248f6f2ce,False,True,article-s-objective-preregistration,article-s-objective-implementation,2.0,0.9,33,20260635,1,0.7062245079856967,33.232976583290636,False,0.8259993151547649,ok,23.46994253643461,1.1195632311151935,0.00760740991064246,beacf3b09218c8cc045a5e34ab5d4c26d16de5bb457c9edd26d9f2fbd8887612,0.29089121373805815,0.25527958328353834,0.2606536397749358
7e28542fda40db288ad2613b49f17b1248f6f2ce,False,True,article-s-objective-preregistration,article-s-objective-implementation,2.0,0.9,33,20260635,2,0.9052541551715118,28.600976771786833,True,0.25527958328353834,ok,25.89115306462392,1.408801586059513,0.007628741389201554,807a5fa8c72814e5fce91ac8191e3c0d53e5f2660e69c59815e36843a4c641cf,0.29089121373805815,0.25527958328353834,0.2606536397749358
7e28542fda40db288ad2613b49f17b1248f6f2ce,False,True,article-s-objective-preregistration,article-s-objective-implementation,2.0,0.9,33,20260635,3,0.7995769872738449,30.833803451768254,False,0.5371741644485396,ok,24.65399967015874,1.2665727083599307,0.007546966535771027,6b1fdb9d1aeabccac98c4f0c11dbe5ffe61bfaecdaef3ac33638eba874320067,0.29089121373805815,0.25527958328353834,0.2606536397749358
7e28542fda40db288ad2613b49f17b1248f6f2ce,False,True,article-s-objective-preregistration,article-s-objective-implementation,2.0,0.9,33,20260635,4,0.7397308318169095,32.31723709259798,False,0.7431017573714531,ok,23.906056676531783,1.162058634757006,0.0076115864538914835,0af391969727ef10dac5dd89753592f827c552147f827e148cfc44a5541f1325,0.29089121373805815,0.25527958328353834,0.2606536397749358
7e28542fda40db288ad2613b49f17b1248f6f2ce,False,True,article-s-objective-preregistration,article-s-objective-implementation,2.0,0.9,33,20260635,5,0.8853749768729142,28.98856671774495,True,0.29089121373805815,ok,25.665751587302363,1.3908654983837887,0.007640078157254315,e2368c4e851516cb58224f25b22ce080dabe29427b1c7ed988fb02b0546bae47,0.29089121373805815,0.25527958328353834,0.2606536397749358
7e28542fda40db288ad2613b49f17b1248f6f2ce,False,True,article-s-objective-preregistration,article-s-objective-implementation,2.0,0.9,34,20260636,1,0.7014147359575894,33.370032720378916,False,0.8309592810084849,ok,23.406232689460698,1.1169657644612727,0.007601250340548038,3a513464732289a6f9b80632ea1fa71d7bfb4bdeb80306c61a55d157b639b9ea,0.09050326654905105,0.25527958328353834,0.2606536397749358
7e28542fda40db288ad2613b49f17b1248f6f2ce,False,True,article-s-objective-preregistration,article-s-objective-implementation,2.0,0.9,34,20260636,2,0.770922261040017,31.521452558435936,False,0.627738823300783,ok,24.300589477615063,1.2204459226607296,0.007573749373928518,1c5c0bd967327f7b04871a91f9ff2b02209283b9e86460d9c232455c18118f82,0.09050326654905105,0.25527958328353834,0.2606536397749358
7e28542fda40db288ad2613b49f17b1248f6f2ce,False,True,article-s-objective-preregistration,article-s-objective-implementation,2.0,0.9,34,20260636,3,0.8003750625620929,30.81520855170364,False,0.5371741644485396,ok,24.663724472433742,1.2665727083599307,0.007546966535771027,6b1fdb9d1aeabccac98c4f0c11dbe5ffe61bfaecdaef3ac33638eba874320067,0.09050326654905105,0.25527958328353834,0.2606536397749358
7e28542fda40db288ad2613b49f17b1248f6f2ce,False,True,article-s-objective-preregistration,article-s-objective-implementation,2.0,0.9,34,20260636,4,0.9641429490007104,27.528151822560936,True,0.09050326654905105,ok,26.541073478743183,1.4914537871594542,0.007695207933622328,5ae72ff5ada2f78147c930cc70279e5f0e2a9f52b792055528978ef7ce69207c,0.09050326654905105,0.25527958328353834,0.2606536397749358
7e28542fda40db288ad2613b49f17b1248f6f2ce,False,True,article-s-objective-preregistration,article-s-objective-implementation,2.0,0.9,34,20260636,5,0.7353090735695518,32.43432627500645,False,0.7587589520597164,ok,23.849254405127564,1.1540848696385897,0.007586975119158179,fa39fa89f22a27a905ce5069eb204105114751af61c135ded578b832cbce3c14,0.09050326654905105,0.25527958328353834,0.2606536397749358
7e28542fda40db288ad2613b49f17b1248f6f2ce,False,True,article-s-objective-preregistration,article-s-objective-implementation,2.0,0.9,35,20260637,1,0.8485022404505211,29.745347882041518,False,0.3850336849565273,ok,25.23899432089239,1.343339334589274,0.007575972206613546,e3d33c25c8d42bff0a5c18aa6995bdbde5a678f5dc8d8957c5d905e0c59e0d1b,,0.25527958328353834,0.2606536397749358
7e28542fda40db288ad2613b49f17b1248f6f2ce,False,True,article-s-objective-preregistration,article-s-objective-implementation,2.0,0.9,35,20260637,2,0.8536119815795402,29.637389051518383,False,0.38259089025281,ok,25.298830397110375,1.344527299723512,0.007584851532093317,6d5419958ece6fa3de2afd053ed6d2bab55d6aec6ba971fe1222f9b882f14f69,,0.25527958328353834,0.2606536397749358
7e28542fda40db288ad2613b49f17b1248f6f2ce,False,True,article-s-objective-preregistration,article-s-objective-implementation,2.0,0.9,35,20260637,3,0.7169126150966025,32.93358565939457,False,0.7894332669395547,ok,23.61050301958453,1.1384040635963784,0.0076027560740516975,1b98b6fa2fca3629d8e047e9a99530ed86eadeb05ae8fbc74d9f8c6c2b7846e4,,0.25527958328353834,0.2606536397749358
7e28542fda40db288ad2613b49f17b1248f6f2ce,False,True,article-s-objective-preregistration,article-s-objective-implementation,2.0,0.9,35,20260637,4,0.8365335899665216,30.00229869295151,False,0.4334567233471482,ok,25.097930632862607,1.3189880638845843,0.00758472754414985,f05a0b86ba3d471451faf9fd25fb4eb4aaebb5e50358646637e1afdcbe0d9668,,0.25527958328353834,0.2606536397749358
7e28542fda40db288ad2613b49f17b1248f6f2ce,False,True,article-s-objective-preregistration,article-s-objective-implementation,2.0,0.9,35,20260637,5,0.8078235205207277,30.64306172457392,False,0.5265952346333038,ok,24.754186001879265,1.271955421725947,0.007540131643852366,9d9a2592a0837ac5f99c2ed33b2b5b3a7618e8b3e8cef888f3969ea2fe938f0f,,0.25527958328353834,0.2606536397749358
7e28542fda40db288ad2613b49f17b1248f6f2ce,False,True,article-s-objective-preregistration,article-s-objective-implementation,2.0,0.9,36,20260638,1,0.9226802495677139,28.272175930110173,True,0.19582373301107453,ok,26.086178343016368,1.4386678390733918,0.007618969483706994,9ad233b5c0c0b32adaedcd6429a1af2976e8c44293391fa3b15d30aa395ef6ce,0.29089121373805815,0.25527958328353834,0.2606536397749358
7e28542fda40db288ad2613b49f17b1248f6f2ce,False,True,article-s-objective-preregistration,article-s-objective-implementation,2.0,0.9,36,20260638,2,0.6811379385796476,33.96439842133433,False,0.9062804388647445,ok,23.1344403258055,1.0788067528071061,0.007626334615015828,e496b556a50c647fd45bf0f895f38e6f4581fe50f41dd885d07cef6d455eeb77,0.29089121373805815,0.25527958328353834,0.2606536397749358
7e28542fda40db288ad2613b49f17b1248f6f2ce,False,True,article-s-objective-preregistration,article-s-objective-implementation,2.0,0.9,36,20260638,3,0.7783241901590701,31.340005896318537,False,0.6050351431418937,ok,24.392684708832608,1.23193548901275,0.00757165919446523,c40bed5a1c31074d515bbf50376b437c575c24c0ff1eb6e4e4a1b8d23bb8c7c6,0.29089121373805815,0.25527958328353834,0.2606536397749358
7e28542fda40db288ad2613b49f17b1248f6f2ce,False,True,article-s-objective-preregistration,article-s-objective-implementation,2.0,0.9,36,20260638,4,0.8854986446660807,28.98611288460378,True,0.29089121373805815,ok,25.667163673454667,1.3908654983837887,0.007640078157254315,e2368c4e851516cb58224f25b22ce080dabe29427b1c7ed988fb02b0546bae47,0.29089121373805815,0.25527958328353834,0.2606536397749358
7e28542fda40db288ad2613b49f17b1248f6f2ce,False,True,article-s-objective-preregistration,article-s-objective-implementation,2.0,0.9,36,20260638,5,0.7656281405974078,31.652920962565886,False,0.6350345870951328,ok,24.23436702104603,1.2167317347313538,0.007591765562744879,734f650d522db262ca3eea83be4de4668192f98f1cdc0449cb53ac9f69da7db0,0.29089121373805815,0.25527958328353834,0.2606536397749358
7e28542fda40db288ad2613b49f17b1248f6f2ce,False,True,article-s-objective-preregistration,article-s-objective-implementation,2.0,0.9,37,20260639,1,0.9375467388296117,27.999382932509384,True,0.14007096797660393,ok,26.250730157615664,1.4666408980821257,0.007686901492534481,29ac02f6b0d074f53603f096b36c589c393ed92f5d9582960131a5e638985dab,0.24297719100183066,0.25527958328353834,0.2606536397749358
7e28542fda40db288ad2613b49f17b1248f6f2ce,False,True,article-s-objective-preregistration,article-s-objective-implementation,2.0,0.9,37,20260639,2,0.9590842470256897,27.61617565933113,True,0.09860978691839115,ok,26.48623903795878,1.4874261371103215,0.007667311742250771,86ac56b04dd40f1312c4201c400b9e0c849c51a8e5c445b46934cacb03963f44,0.24297719100183066,0.25527958328353834,0.2606536397749358
7e28542fda40db288ad2613b49f17b1248f6f2ce,False,True,article-s-objective-preregistration,article-s-objective-implementation,2.0,0.9,37,20260639,3,0.6801818453152173,33.993106425946266,False,0.9062804388647445,ok,23.121493856796704,1.0788067528071061,0.007626334615015828,e496b556a50c647fd45bf0f895f38e6f4581fe50f41dd885d07cef6d455eeb77,0.24297719100183066,0.25527958328353834,0.2606536397749358
7e28542fda40db288ad2613b49f17b1248f6f2ce,False,True,article-s-objective-preregistration,article-s-objective-implementation,2.0,0.9,37,20260639,4,0.9113090680488387,28.485597882654325,True,0.24297719100183066,ok,25.959183659255686,1.4149699429136133,0.007653412230715251,0ee25a23dc588750d6ee93c8016e89fbf3e32debf55dfccbc0102a0c9ccedc0e,0.24297719100183066,0.25527958328353834,0.2606536397749358
7e28542fda40db288ad2613b49f17b1248f6f2ce,False,True,article-s-objective-preregistration,article-s-objective-implementation,2.0,0.9,37,20260639,5,0.9562328974589502,27.666117500334845,True,0.10562306470216155,ok,26.45525169878496,1.4839169518188196,0.007654232804964689,cf64feb106cd9eee40661138a0d491338636725e3f7226a3973341dcf36ccf2b,0.24297719100183066,0.25527958328353834,0.2606536397749358
7e28542fda40db288ad2613b49f17b1248f6f2ce,False,True,article-s-objective-preregistration,article-s-objective-implementation,2.0,0.9,38,20260640,1,0.672079718412742,34.23894056522267,False,0.9555091356718084,ok,23.011297533825463,1.053596399024416,0.007674200023479294,14f74f29ed26fee75636ae59a3b217d43b86960d3c01ecf6067b138259293174,0.2606536397749358,0.25527958328353834,0.2606536397749358
7e28542fda40db288ad2613b49f17b1248f6f2ce,False,True,article-s-objective-preregistration,article-s-objective-implementation,2.0,0.9,38,20260640,2,0.8155190086565243,30.467817899749235,False,0.5100193356191307,ok,24.847084649531002,1.2803162303933822,0.0075690337521043816,5b786e3da09efbae0c84fe291771d16442a52983957b7c172aebf2562530d43d,0.2606536397749358,0.25527958328353834,0.2606536397749358
7e28542fda40db288ad2613b49f17b1248f6f2ce,False,True,article-s-objective-preregistration,article-s-objective-implementation,2.0,0.9,38,20260640,3,0.7243900932713417,32.728256776379105,False,0.7734207120207184,ok,23.708024978849682,1.146625453282872,0.0075995707769087595,dc4dc1812a626d801c76cb4afe9f9756609b5222732d9bcc6f127c6667affb58,0.2606536397749358,0.25527958328353834,0.2606536397749358
7e28542fda40db288ad2613b49f17b1248f6f2ce,False,True,article-s-objective-preregistration,article-s-objective-implementation,2.0,0.9,38,20260640,4,0.8788074653616713,29.11966670017126,False,0.3164046667306051,ok,25.590580484954167,1.3779625608335468,0.00759824248241614,c96ae04fd215bbae353ef0414a4df0b35a0aa9326b1b18db1ee627f168530380,0.2606536397749358,0.25527958328353834,0.2606536397749358
7e28542fda40db288ad2613b49f17b1248f6f2ce,False,True,article-s-objective-preregistration,article-s-objective-implementation,2.0,0.9,38,20260640,5,0.8961819602140745,28.77616568404463,True,0.2606536397749358,ok,25.7886805701721,1.406107834241256,0.007617892391954317,71a62d30e25c9a82b6c3685732115d4cd7eca9ff01e518db70a09db96e6c2083,0.2606536397749358,0.25527958328353834,0.2606536397749358
7e28542fda40db288ad2613b49f17b1248f6f2ce,False,True,article-s-objective-preregistration,article-s-objective-implementation,2.0,0.9,39,20260641,1,0.7772728254676198,31.365612550383066,False,0.6050351431418937,ok,24.37963828955888,1.23193548901275,0.00757165919446523,c40bed5a1c31074d515bbf50376b437c575c24c0ff1eb6e4e4a1b8d23bb8c7c6,0.24297719100183066,0.25527958328353834,0.2606536397749358
7e28542fda40db288ad2613b49f17b1248f6f2ce,False,True,article-s-objective-preregistration,article-s-objective-implementation,2.0,0.9,39,20260641,2,0.8023739617819167,30.76876298073619,False,0.5371741644485396,ok,24.688054251982074,1.2665727083599307,0.007546966535771027,6b1fdb9d1aeabccac98c4f0c11dbe5ffe61bfaecdaef3ac33638eba874320067,0.24297719100183066,0.25527958328353834,0.2606536397749358
7e28542fda40db288ad2613b49f17b1248f6f2ce,False,True,article-s-objective-preregistration,article-s-objective-implementation,2.0,0.9,39,20260641,3,0.921603033316932,28.292214115054918,True,0.19582373301107453,ok,26.074190347686734,1.4386678390733918,0.007618969483706994,9ad233b5c0c0b32adaedcd6429a1af2976e8c44293391fa3b15d30aa395ef6ce,0.24297719100183066,0.25527958328353834,0.2606536397749358
7e28542fda40db288ad2613b49f17b1248f6f2ce,False,True,article-s-objective-preregistration,article-s-objective-implementation,2.0,0.9,39,20260641,4,0.9588387978874984,27.620465423448234,True,0.09860978691839115,ok,26.48357386371232,1.4874261371103215,0.007667311742250771,86ac56b04dd40f1312c4201c400b9e0c849c51a8e5c445b46934cacb03963f44,0.24297719100183066,0.25527958328353834,0.2606536397749358
7e28542fda40db288ad2613b49f17b1248f6f2ce,False,True,article-s-objective-preregistration,article-s-objective-implementation,2.0,0.9,39,20260641,5,0.9138848838893354,28.436883424947847,True,0.24297719100183066,ok,25.98803790698303,1.4149699429136133,0.007653412230715251,0ee25a23dc588750d6ee93c8016e89fbf3e32debf55dfccbc0102a0c9ccedc0e,0.24297719100183066,0.25527958328353834,0.2606536397749358
7e28542fda40db288ad2613b49f17b1248f6f2ce,False,True,article-s-objective-preregistration,article-s-objective-implementation,2.0,0.9,40,20260642,1,0.9105092365926201,28.50076906086369,True,0.24297719100183066,ok,25.950213479909564,1.4149699429136133,0.007653412230715251,0ee25a23dc588750d6ee93c8016e89fbf3e32debf55dfccbc0102a0c9ccedc0e,0.24297719100183066,0.25527958328353834,0.2606536397749358
7e28542fda40db288ad2613b49f17b1248f6f2ce,False,True,article-s-objective-preregistration,article-s-objective-implementation,2.0,0.9,40,20260642,2,0.8701059637995832,29.295778584198064,False,0.34028742941077544,ok,25.490431660262846,1.3659135587074223,0.007619726931630488,a652008b32258649efbb8a9d866bd7d1057bf95de5a78742b503ebf9105552fc,0.24297719100183066,0.25527958328353834,0.2606536397749358
7e28542fda40db288ad2613b49f17b1248f6f2ce,False,True,article-s-objective-preregistration,article-s-objective-implementation,2.0,0.9,40,20260642,3,0.9118021295787183,28.476256050565723,True,0.24297719100183066,ok,25.964710909334688,1.4149699429136133,0.007653412230715251,0ee25a23dc588750d6ee93c8016e89fbf3e32debf55dfccbc0102a0c9ccedc0e,0.24297719100183066,0.25527958328353834,0.2606536397749358
7e28542fda40db288ad2613b49f17b1248f6f2ce,False,True,article-s-objective-preregistration,article-s-objective-implementation,2.0,0.9,40,20260642,4,0.7457082064829041,32.160690955644775,False,0.725974766518444,ok,23.982491171784822,1.1707170806821707,0.007612263181119072,f54f07168927cf0a123e5323831fb5f25fd4514ab661df6a64e2f154f8bb5478,0.24297719100183066,0.25527958328353834,0.2606536397749358
7e28542fda40db288ad2613b49f17b1248f6f2ce,False,True,article-s-objective-preregistration,article-s-objective-implementation,2.0,0.9,40,20260642,5,0.804357563315208,30.722853019481068,False,0.5371741644485396,ok,24.712159192841074,1.2665727083599307,0.007546966535771027,6b1fdb9d1aeabccac98c4f0c11dbe5ffe61bfaecdaef3ac33638eba874320067,0.24297719100183066,0.25527958328353834,0.2606536397749358
7e28542fda40db288ad2613b49f17b1248f6f2ce,False,True,article-s-objective-preregistration,article-s-objective-implementation,2.0,0.9,41,20260643,1,0.8268858832066097,30.21369402280125,False,0.48599473845308633,ok,24.983277066978275,1.2924526306117932,0.007584532892918272,72480aacf032133f2f4e70954c02898982cf24e31e44d31376af1e7746df29ae,0.24746002684557855,0.25527958328353834,0.2606536397749358
7e28542fda40db288ad2613b49f17b1248f6f2ce,False,True,article-s-objective-preregistration,article-s-objective-implementation,2.0,0.9,41,20260643,2,0.9097208198265385,28.51574447667263,True,0.24746002684557855,ok,25.941366443282714,1.412727513227191,0.00764053363978956,984372d5d0174eb6f4d45dc9300e77c6360092d2e18f4797af962b801ba30975,0.24746002684557855,0.25527958328353834,0.2606536397749358
7e28542fda40db288ad2613b49f17b1248f6f2ce,False,True,article-s-objective-preregistration,article-s-objective-implementation,2.0,0.9,41,20260643,3,0.7809120857682017,31.277207556921283,False,0.5991731504553195,ok,24.42474939028036,1.2349440533997464,0.007580014198841578,e6ae7ab26ffeabc4b4ece09c15986e074e305e26bd6c43011b681771c7c2ce8d,0.24746002684557855,0.25527958328353834,0.2606536397749358
7e28542fda40db288ad2613b49f17b1248f6f2ce,False,True,article-s-objective-preregistration,article-s-objective-implementation,2.0,0.9,41,20260643,4,0.7146863057748701,32.99536923751321,False,0.7941608492963189,ok,23.581338548036108,1.1359716306256082,0.007596087999028001,e979472c70b1688b8f562c348a4236d083478f3d19e96790c095dd2a6832492e,0.24746002684557855,0.25527958328353834,0.2606536397749358
7e28542fda40db288ad2613b49f17b1248f6f2ce,False,True,article-s-objective-preregistration,article-s-objective-implementation,2.0,0.9,41,20260643,5,0.769543444204542,31.555555444953534,False,0.627738823300783,ok,24.28337082089693,1.2204459226607296,0.007573749373928518,1c5c0bd967327f7b04871a91f9ff2b02209283b9e86460d9c232455c18118f82,0.24746002684557855,0.25527958328353834,0.2606536397749358
7e28542fda40db288ad2613b49f17b1248f6f2ce,False,True,article-s-objective-preregistration,article-s-objective-implementation,2.0,0.9,42,20260644,1,0.9740150528572875,27.358476407250183,True,0.07640568726414262,ok,26.647567843902642,1.4985190051827566,0.00772074050641347,df8a30a943345515dfc1e0234cd305bd7e0784a54ddb7cf914f4c258fa1e7283,0.16572529742251474,0.25527958328353834,0.2606536397749358
7e28542fda40db288ad2613b49f17b1248f6f2ce,False,True,article-s-objective-preregistration,article-s-objective-implementation,2.0,0.9,42,20260644,2,0.9321239628055765,28.09808564028549,True,0.16572529742251474,ok,26.190898934273374,1.453752788657521,0.007640144544502903,7ce64717d35ee9375965db4d3fee9dd9bcc1482e85cd56acc1714d4ff79c28d5,0.16572529742251474,0.25527958328353834,0.2606536397749358
7e28542fda40db288ad2613b49f17b1248f6f2ce,False,True,article-s-objective-preregistration,article-s-objective-implementation,2.0,0.9,42,20260644,3,0.7023439349061846,33.34344036891929,False,0.8309592810084849,ok,23.418563112016496,1.1169657644612727,0.007601250340548038,3a513464732289a6f9b80632ea1fa71d7bfb4bdeb80306c61a55d157b639b9ea,0.16572529742251474,0.25527958328353834,0.2606536397749358
7e28542fda40db288ad2613b49f17b1248f6f2ce,False,True,article-s-objective-preregistration,article-s-objective-implementation,2.0,0.9,42,20260644,4,0.8638216137448925,29.42471570377153,False,0.35326470914705294,ok,25.417705403216605,1.3593219959828604,0.0075992833880236255,fc68a6085314cf0b2c6ac7ad1c0b2750b5b8f7399a86d3834326c4dc585f666c,0.16572529742251474,0.25527958328353834,0.2606536397749358
7e28542fda40db288ad2613b49f17b1248f6f2ce,False,True,article-s-objective-preregistration,article-s-objective-implementation,2.0,0.9,42,20260644,5,0.8110700120761924,30.568811530538373,False,0.5150570087230713,ok,24.79344633722861,1.2777849354579018,0.007557911908779413,6090eb7a50701fdedb3d7c066fa9585338cc1ddbd69db2a4fd86482a163cd2aa,0.16572529742251474,0.25527958328353834,0.2606536397749358
7e28542fda40db288ad2613b49f17b1248f6f2ce,False,True,article-s-objective-preregistration,article-s-objective-implementation,2.0,0.9,43,20260645,1,0.8807458909437673,29.08081071640659,True,0.3025653948847679,ok,25.612804543788577,1.3849800848591824,0.007618716136253312,d9bc91e31a9bc2b97d5f3fbd08a9b53831de0112cc96943b03b7658ddb0d5b19,0.3025653948847679,0.25527958328353834,0.2606536397749358
7e28542fda40db288ad2613b49f17b1248f6f2ce,False,True,article-s-objective-preregistration,article-s-objective-implementation,2.0,0.9,43,20260645,2,0.8433738474024066,29.854740808083754,False,0.39819112454706146,ok,25.17870761851523,1.3367787323927143,0.007582127659041316,42b9eb40d24a3c784fc56522f29412f1b2adf4e70ea1d979ffcd273982ee5c7c,0.3025653948847679,0.25527958328353834,0.2606536397749358
7e28542fda40db288ad2613b49f17b1248f6f2ce,False,True,article-s-objective-preregistration,article-s-objective-implementation,2.0,0.9,43,20260645,3,0.8380779361672613,29.968817585704027,False,0.42677964968394727,ok,25.11620479159996,1.3223604344753532,0.0075954349371238905,9634c987e6973c8cf41bcecde2a3afe5eed7a26352a04579af4e8905b06b76e5,0.3025653948847679,0.25527958328353834,0.2606536397749358
7e28542fda40db288ad2613b49f17b1248f6f2ce,False,True,article-s-objective-preregistration,article-s-objective-implementation,2.0,0.9,43,20260645,4,0.7326854756547675,32.504323693011635,False,0.7644076528077732,ok,23.81544586585076,1.1511777695009882,0.007579669731165861,39ee29ec43c25fe518711c96104da7441a4e7ff86184e0d333d22d97434f3be1,0.3025653948847679,0.25527958328353834,0.2606536397749358
7e28542fda40db288ad2613b49f17b1248f6f2ce,False,True,article-s-objective-preregistration,article-s-objective-implementation,2.0,0.9,43,20260645,5,0.7525916750767635,31.9828393692034,False,0.6853162944877192,ok,24.070018654579844,1.1913341892384766,0.007607236658393468,7cd79f76650caa61fadbb434465d3fb7f60e952228527c59f9a463e1f53663da,0.3025653948847679,0.25527958328353834,0.2606536397749358
7e28542fda40db288ad2613b49f17b1248f6f2ce,False,True,article-s-objective-preregistration,article-s-objective-implementation,2.0,0.9,44,20260646,1,0.7749478777384973,31.422432322843772,False,0.6106140911578177,ok,24.35074724196934,1.2291002638059068,0.00756207089961114,7b5feadbd258466f59d4c15f586c5ae8501bf753f15c9389df79ed378bab8ee1,0.09860978691839115,0.25527958328353834,0.2606536397749358
7e28542fda40db288ad2613b49f17b1248f6f2ce,False,True,article-s-objective-preregistration,article-s-objective-implementation,2.0,0.9,44,20260646,2,0.9585956816667766,27.62471614119534,True,0.09860978691839115,ok,26.48093360022035,1.4874261371103215,0.007667311742250771,86ac56b04dd40f1312c4201c400b9e0c849c51a8e5c445b46934cacb03963f44,0.09860978691839115,0.25527958328353834,0.2606536397749358
7e28542fda40db288ad2613b49f17b1248f6f2ce,False,True,article-s-objective-preregistration,article-s-objective-implementation,2.0,0.9,44,20260646,3,0.8432673367964219,29.857023926931106,False,0.39819112454706146,ok,25.17745305153024,1.3367787323927143,0.007582127659041316,42b9eb40d24a3c784fc56522f29412f1b2adf4e70ea1d979ffcd273982ee5c7c,0.09860978691839115,0.25527958328353834,0.2606536397749358
7e28542fda40db288ad2613b49f17b1248f6f2ce,False,True,article-s-objective-preregistration,article-s-objective-implementation,2.0,0.9,44,20260646,4,0.7714514560068043,31.508389233885072,False,0.627738823300783,ok,24.307192750909756,1.2204459226607296,0.007573749373928518,1c5c0bd967327f7b04871a91f9ff2b02209283b9e86460d9c232455c18118f82,0.09860978691839115,0.25527958328353834,0.2606536397749358
7e28542fda40db288ad2613b49f17b1248f6f2ce,False,True,article-s-objective-preregistration,article-s-objective-implementation,2.0,0.9,44,20260646,5,0.7421778467887556,32.252910890049314,False,0.7337448344433216,ok,23.93739595704641,1.1668130487318171,0.0076304637245954154,a87fdfe46bd4eb0bd395e57ee4018e855004ac9d4a290c677682ee473c679b92,0.09860978691839115,0.25527958328353834,0.2606536397749358
7e28542fda40db288ad2613b49f17b1248f6f2ce,False,True,article-s-objective-preregistration,article-s-objective-implementation,2.0,0.9,45,20260647,1,0.9386592551298998,27.979245770992257,True,0.14007096797660393,ok,26.26297799449599,1.4666408980821257,0.007686901492534481,29ac02f6b0d074f53603f096b36c589c393ed92f5d9582960131a5e638985dab,0.2606536397749358,0.25527958328353834,0.2606536397749358
7e28542fda40db288ad2613b49f17b1248f6f2ce,False,True,article-s-objective-preregistration,article-s-objective-implementation,2.0,0.9,45,20260647,2,0.8957044537069598,28.78546462207133,True,0.2606536397749358,ok,25.78326886401342,1.406107834241256,0.007617892391954317,71a62d30e25c9a82b6c3685732115d4cd7eca9ff01e518db70a09db96e6c2083,0.2606536397749358,0.25527958328353834,0.2606536397749358
7e28542fda40db288ad2613b49f17b1248f6f2ce,False,True,article-s-objective-preregistration,article-s-objective-implementation,2.0,0.9,45,20260647,3,0.9693782347093954,27.437827696415184,True,0.07640568726414262,ok,26.597632976611507,1.4985190051827566,0.00772074050641347,df8a30a943345515dfc1e0234cd305bd7e0784a54ddb7cf914f4c258fa1e7283,0.2606536397749358,0.25527958328353834,0.2606536397749358
7e28542fda40db288ad2613b49f17b1248f6f2ce,False,True,article-s-objective-preregistration,article-s-objective-implementation,2.0,0.9,45,20260647,4,0.7560617602207507,31.894147369355945,False,0.6621398681726742,ok,24.11394520081528,1.202978413689902,0.007588491799628283,fea4da66831c243c62e5d9d738f0c198f3d90d8e70add92fdd81df9b65b2f984,0.2606536397749358,0.25527958328353834,0.2606536397749358
7e28542fda40db288ad2613b49f17b1248f6f2ce,False,True,article-s-objective-preregistration,article-s-objective-implementation,2.0,0.9,45,20260647,5,0.7250672855084463,32.70982545890869,False,0.7734207120207184,ok,23.716824354945995,1.146625453282872,0.0075995707769087595,dc4dc1812a626d801c76cb4afe9f9756609b5222732d9bcc6f127c6667affb58,0.2606536397749358,0.25527958328353834,0.2606536397749358
7e28542fda40db288ad2613b49f17b1248f6f2ce,False,True,article-s-objective-preregistration,article-s-objective-implementation,2.0,0.9,46,20260648,1,0.7857622364019132,31.16039164498818,False,0.5756712689555797,ok,24.484659026125406,1.246939595930107,0.007563275743973641,d29991e2c3a77b6b7ced4ba3225ad47e600a931abcdc7b0b0b562e2820e31fac,0.15794300519419124,0.25527958328353834,0.2606536397749358
7e28542fda40db288ad2613b49f17b1248f6f2ce,False,True,article-s-objective-preregistration,article-s-objective-implementation,2.0,0.9,46,20260648,2,0.759776115293919,31.799918653851883,False,0.6568084574986496,ok,24.160818661486214,1.205705970684687,0.0075969383830813975,62b1bd361369efb9f40519ca58f328c1e94377cd85a6fed5be98d90ab686b4f4,0.15794300519419124,0.25527958328353834,0.2606536397749358
7e28542fda40db288ad2613b49f17b1248f6f2ce,False,True,article-s-objective-preregistration,article-s-objective-implementation,2.0,0.9,46,20260648,3,0.8474059013701833,29.768645614044644,False,0.3957173167654121,ok,25.226125969139055,1.3379919890126457,0.007593977887885739,b600692c57b39c2b20d6f2e02cea5bcb2b94864da5e19df0e2f241e83241a96b,0.15794300519419124,0.25527958328353834,0.2606536397749358
7e28542fda40db288ad2613b49f17b1248f6f2ce,False,True,article-s-objective-preregistration,article-s-objective-implementation,2.0,0.9,46,20260648,4,0.9348543334034382,28.048274824199382,True,0.15794300519419124,ok,26.22105126389335,1.457674614666058,0.0076514917302157315,22a5fa13458d83bb6094afb602d3b19eb3db6d208191ac4e054de5f23c81b677,0.15794300519419124,0.25527958328353834,0.2606536397749358
7e28542fda40db288ad2613b49f17b1248f6f2ce,False,True,article-s-objective-preregistration,article-s-objective-implementation,2.0,0.9,46,20260648,5,0.8065853979916615,30.671502932137404,False,0.5330595551870873,ok,24.73918639952046,1.268686370977435,0.007530255630338711,454492b2ab5748674aae874c3e7723f02b26d29aaa013ce7d8f04024d9805a08,0.15794300519419124,0.25527958328353834,0.2606536397749358
7e28542fda40db288ad2613b49f17b1248f6f2ce,False,True,article-s-objective-preregistration,article-s-objective-implementation,2.0,0.9,47,20260649,1,0.7786476825289519,31.332137993411152,False,0.6050351431418937,ok,24.39669663724692,1.23193548901275,0.00757165919446523,c40bed5a1c31074d515bbf50376b437c575c24c0ff1eb6e4e4a1b8d23bb8c7c6,,0.25527958328353834,0.2606536397749358
7e28542fda40db288ad2613b49f17b1248f6f2ce,False,True,article-s-objective-preregistration,article-s-objective-implementation,2.0,0.9,47,20260649,2,0.8600250572704147,29.503333159459107,False,0.35326470914705294,ok,25.373605790131943,1.3593219959828604,0.0075992833880236255,fc68a6085314cf0b2c6ac7ad1c0b2750b5b8f7399a86d3834326c4dc585f666c,,0.25527958328353834,0.2606536397749358
7e28542fda40db288ad2613b49f17b1248f6f2ce,False,True,article-s-objective-preregistration,article-s-objective-implementation,2.0,0.9,47,20260649,3,0.7889513078895016,31.08420024213207,False,0.5698837150840119,ok,24.52392043572926,1.249914721919684,0.007570855775842045,3a939a3603ace28c7b64a33ab2aecad048b73ee9d6e6e4174adde8a401f180cf,,0.25527958328353834,0.2606536397749358
7e28542fda40db288ad2613b49f17b1248f6f2ce,False,True,article-s-objective-preregistration,article-s-objective-implementation,2.0,0.9,47,20260649,4,0.8215001979277852,30.333406531641298,False,0.4930126591644616,ok,24.918899469567297,1.2888962730315103,0.007574959261138492,c604673b79164884ea9c2ad9186a1a4b44c165a7bfd29053fed99b0f659fb233,,0.25527958328353834,0.2606536397749358
7e28542fda40db288ad2613b49f17b1248f6f2ce,False,True,article-s-objective-preregistration,article-s-objective-implementation,2.0,0.9,47,20260649,5,0.7524080899817701,31.9875495317145,False,0.6853162944877192,ok,24.06769104635457,1.1913341892384766,0.007607236658393468,7cd79f76650caa61fadbb434465d3fb7f60e952228527c59f9a463e1f53663da,,0.25527958328353834,0.2606536397749358
7e28542fda40db288ad2613b49f17b1248f6f2ce,False,True,article-s-objective-preregistration,article-s-objective-implementation,2.0,0.9,48,20260650,1,0.6757261537131783,34.12773089978342,False,0.9270216071551481,ok,23.06100033586904,1.0681786704838645,0.007654969478211537,4ccd4c54b9b85fce27b5132ddbb4cf33863a7ccef32ffdc1edce21c7ab243865,,0.25527958328353834,0.2606536397749358
7e28542fda40db288ad2613b49f17b1248f6f2ce,False,True,article-s-objective-preregistration,article-s-objective-implementation,2.0,0.9,48,20260650,2,0.6751398950987083,34.14554741539663,False,0.9362671175089152,ok,23.05302130011885,1.0634001015573198,0.007641879697755538,778196802737c9b4358f270bb56d7563a683cde6a729d2f58855703bcedae559,,0.25527958328353834,0.2606536397749358
7e28542fda40db288ad2613b49f17b1248f6f2ce,False,True,article-s-objective-preregistration,article-s-objective-implementation,2.0,0.9,48,20260650,3,0.6866179550229142,33.80106040979685,False,0.8850790265859796,ok,23.2084149761807,1.0894535365221587,0.0076215047353138665,26e2f064c69bb0c4aa322d7b167f2e0ed8e78f2973a90bcc36c2e9661ab575fc,,0.25527958328353834,0.2606536397749358
7e28542fda40db288ad2613b49f17b1248f6f2ce,False,True,article-s-objective-preregistration,article-s-objective-implementation,2.0,0.9,48,20260650,4,0.7157042021484444,32.96708363594601,False,0.7941608492963189,ok,23.594680290825778,1.1359716306256082,0.007596087999028001,e979472c70b1688b8f562c348a4236d083478f3d19e96790c095dd2a6832492e,,0.25527958328353834,0.2606536397749358
7e28542fda40db288ad2613b49f17b1248f6f2ce,False,True,article-s-objective-preregistration,article-s-objective-implementation,2.0,0.9,48,20260650,5,0.8400357203781257,29.926513278975193,False,0.4162815439065738,ok,25.13934014070947,1.327632328090233,0.007577896657875005,7f5f7e71499b4cb229de8c0fe3215ee59d396e82a3463c6f9dcb8e94c2147068,,0.25527958328353834,0.2606536397749358
7e28542fda40db288ad2613b49f17b1248f6f2ce,False,True,article-s-objective-preregistration,article-s-objective-implementation,2.0,0.9,49,20260651,1,0.7196960362950131,32.85676313404404,False,0.7837716886850995,ok,23.646882193055607,1.1413241064386717,0.00758420903137802,3049e015122165288475b62d29d50c555581a40f8f944451c144fa810ce541fe,0.15424063424049742,0.25527958328353834,0.2606536397749358
7e28542fda40db288ad2613b49f17b1248f6f2ce,False,True,article-s-objective-preregistration,article-s-objective-implementation,2.0,0.9,49,20260651,2,0.9844690467019156,27.18176649551712,True,0.044311837906602355,ok,26.75960774951581,1.5145853844491535,0.007734869162299152,7ff86373618a8a719ebc63a9cd51338ccc10f7f8c69d3e661f1de16021dacc44,0.15424063424049742,0.25527958328353834,0.2606536397749358
7e28542fda40db288ad2613b49f17b1248f6f2ce,False,True,article-s-objective-preregistration,article-s-objective-implementation,2.0,0.9,49,20260651,3,0.8253667806217415,30.247335447255935,False,0.4930126591644616,ok,24.965145880487515,1.2888962730315103,0.007574959261138492,c604673b79164884ea9c2ad9186a1a4b44c165a7bfd29053fed99b0f659fb233,0.15424063424049742,0.25527958328353834,0.2606536397749358
7e28542fda40db288ad2613b49f17b1248f6f2ce,False,True,article-s-objective-preregistration,article-s-objective-implementation,2.0,0.9,49,20260651,4,0.9721548626455114,27.390237860383962,True,0.07640568726414262,ok,26.62755292498946,1.4985190051827566,0.00772074050641347,df8a30a943345515dfc1e0234cd305bd7e0784a54ddb7cf914f4c258fa1e7283,0.15424063424049742,0.25527958328353834,0.2606536397749358
7e28542fda40db288ad2613b49f17b1248f6f2ce,False,True,article-s-objective-preregistration,article-s-objective-implementation,2.0,0.9,49,20260651,5,0.9358525286757886,28.030122284348987,True,0.15424063424049742,ok,26.232060818899573,1.459524286875483,0.007664805605891889,15c2416d6765ddbcb3877fd921c03ead2ef0ed0eb1e621d5358487ab95ed8f15,0.15424063424049742,0.25527958328353834,0.2606536397749358
7e28542fda40db288ad2613b49f17b1248f6f2ce,False,True,article-s-objective-preregistration,article-s-objective-implementation,3.0,0.95,0,20260602,1,0.9333548852209436,27.962440731899996,True,0.15410844471410082,ok,26.098880659819958,1.4507447812843102,0.006971041756131946,9d716d43c644f33fcdcc917e2292a8694529ee7e530f34d937938e5f579fcb79,0.15410844471410082,0.11248195020762473,0.13978460265382875
7e28542fda40db288ad2613b49f17b1248f6f2ce,False,True,article-s-objective-preregistration,article-s-objective-implementation,3.0,0.95,0,20260602,2,0.802692669521896,30.592495888095343,False,0.59426029469722,ok,24.556372191752878,1.2299598760401789,0.006879957376335177,d914e8a7952556ea326f9d656cde6fc85083c78d05ccacb2706acf11ceb75c76,0.15410844471410082,0.11248195020762473,0.13978460265382875
7e28542fda40db288ad2613b49f17b1248f6f2ce,False,True,article-s-objective-preregistration,article-s-objective-implementation,3.0,0.95,0,20260602,3,0.8338267153315726,29.907195392993845,False,0.5154048071944861,ok,24.937418499319598,1.2662867782335223,0.006964687135226022,123ed455d56fa2e29c9f793576907c920192774d535e003501edab2a65419a64,0.15410844471410082,0.11248195020762473,0.13978460265382875
7e28542fda40db288ad2613b49f17b1248f6f2ce,False,True,article-s-objective-preregistration,article-s-objective-implementation,3.0,0.95,0,20260602,4,0.6884475204070778,33.51250173006773,False,0.9766240966465976,ok,23.071598718703036,1.0385848797041362,0.00694218794107293,e95393461eeba7e32a84cdaa854e96228177212ca9672fb8d4dd0d176189d068,0.15410844471410082,0.11248195020762473,0.13978460265382875
7e28542fda40db288ad2613b49f17b1248f6f2ce,False,True,article-s-objective-preregistration,article-s-objective-implementation,3.0,0.95,0,20260602,5,0.9673963383227839,27.370791133605884,True,0.09740752324287708,ok,26.478403119648053,1.480416903867853,0.006947522625305513,10b7215868dfcfd26971b24b010cb55fe96d7a8aee25909fd2bc1c850c8f2571,0.15410844471410082,0.11248195020762473,0.13978460265382875
7e28542fda40db288ad2613b49f17b1248f6f2ce,False,True,article-s-objective-preregistration,article-s-objective-implementation,3.0,0.95,1,20260603,1,0.8626307280388037,29.308091235660488,False,0.39538689528013393,ok,25.28206008004549,1.3313731710180345,0.006852409670733639,3bfa42de5cfc4d7f23430eb3f6d41bcf9a78a89d6011e894f0eab8d0d456b671,,0.11248195020762473,0.13978460265382875
7e28542fda40db288ad2613b49f17b1248f6f2ce,False,True,article-s-objective-preregistration,article-s-objective-implementation,3.0,0.95,1,20260603,2,0.6937979473106936,33.359162801465345,False,0.9614649524297945,ok,23.144518675659903,1.0464345080817443,0.00692545143196277,519a36403feb350cfa1b52b6ea6ab06076cb792a0c1c1c95768d951bad9a156f,,0.11248195020762473,0.13978460265382875
7e28542fda40db288ad2613b49f17b1248f6f2ce,False,True,article-s-objective-preregistration,article-s-objective-implementation,3.0,0.95,1,20260603,3,0.6827201570349696,33.67871256565247,False,1.0510890329716318,ok,22.993135931557855,0.9971144776325539,0.007096030905811457,a16dab1e9a8a260e860974b21db1e4cb819b5139fc7d3fbc437c46a1c8838c3a,,0.11248195020762473,0.13978460265382875
7e28542fda40db288ad2613b49f17b1248f6f2ce,False,True,article-s-objective-preregistration,article-s-objective-implementation,3.0,0.95,1,20260603,4,0.8936751520816874,28.696716949020924,False,0.30666778260464495,ok,25.64554288366141,1.3733107712488657,0.0069176744961039205,c1623fa126f9e4941324d890ddfd530e0f29a3f53bb313d0b4b1c04596952305,,0.11248195020762473,0.13978460265382875
7e28542fda40db288ad2613b49f17b1248f6f2ce,False,True,article-s-objective-preregistration,article-s-objective-implementation,3.0,0.95,1,20260603,5,0.8242667010564628,30.113290545211395,False,0.5582910288393562,ok,24.82138265565617,1.2473629735030192,0.006919878957961867,e8ec29ac9b3420ef1104f64003b804ce1a6ef194411a665656fb768e60824c79,,0.11248195020762473,0.13978460265382875
7e28542fda40db288ad2613b49f17b1248f6f2ce,False,True,article-s-objective-preregistration,article-s-objective-implementation,3.0,0.95,2,20260604,1,0.7174862011849357,32.70179906556968,False,0.8742097831714051,ok,23.46308958346867,1.0894988887582413,0.006929383629139529,8819d7dd0460be5015c78db093268e486f204e0201ed750f38cc764a089054bf,,0.11248195020762473,0.13978460265382875
7e28542fda40db288ad2613b49f17b1248f6f2ce,False,True,article-s-objective-preregistration,article-s-objective-implementation,3.0,0.95,2,20260604,2,0.6843738886384919,33.63049825232016,False,1.0083432972573392,ok,23.015834865790353,1.0213803829917334,0.007019118676967473,931cb15ae2ed11c5908f30bd42afde3a87bbd2481c91efb70af38a2251d64d16,,0.11248195020762473,0.13978460265382875
7e28542fda40db288ad2613b49f17b1248f6f2ce,False,True,article-s-objective-preregistration,article-s-objective-implementation,3.0,0.95,2,20260604,3,0.8733693723674769,29.092734024338515,False,0.3708283653034809,ok,25.40870285529047,1.343416986656712,0.006868152217505141,82ef62bd5cf98270cf3bf4afcf12ebb0f92064d039ce8d50aeadeb6d07759585,,0.11248195020762473,0.13978460265382875
7e28542fda40db288ad2613b49f17b1248f6f2ce,False,True,article-s-objective-preregistration,article-s-objective-implementation,3.0,0.95,2,20260604,4,0.892975824305166,28.71011901006165,False,0.3113987882049736,ok,25.63744218890922,1.3711005790778972,0.00693023961990713,4cd24575fd1abf333a432dc41d5cbf9d83ebc6f96a7482d88b9098f5459e6ca9,,0.11248195020762473,0.13978460265382875
7e28542fda40db288ad2613b49f17b1248f6f2ce,False,True,article-s-objective-preregistration,article-s-objective-implementation,3.0,0.95,2,20260604,5,0.8341006067715665,29.901345625920207,False,0.5132054223975488,ok,24.94073052986637,1.2677108016932714,0.006971337823530543,e95581335107918df4494bb75c7eef460c66d80dd64eda4003e882ca92c643dc,,0.11248195020762473,0.13978460265382875
7e28542fda40db288ad2613b49f17b1248f6f2ce,False,True,article-s-objective-preregistration,article-s-objective-implementation,3.0,0.95,3,20260605,1,0.9757154508614188,27.231196110440397,True,0.08318133318388768,ok,26.569898790394063,1.4872253270040843,0.006973760174874055,9c9f14833eda1e0dad4a9743ae7e6be0d3cd2d45f05749e805a3e3dd41572f83,0.10667212702382528,0.11248195020762473,0.13978460265382875
7e28542fda40db288ad2613b49f17b1248f6f2ce,False,True,article-s-objective-preregistration,article-s-objective-implementation,3.0,0.95,3,20260605,2,0.9603380161635924,27.490731514521745,True,0.10667212702382528,ok,26.400394565541763,1.47552491174107,0.006951861292097572,88dc2fbbf624e9dcdbfca0d2cd18554012ed4d2958ceff1862ec8d14363d04c7,0.10667212702382528,0.11248195020762473,0.13978460265382875
7e28542fda40db288ad2613b49f17b1248f6f2ce,False,True,article-s-objective-preregistration,article-s-objective-implementation,3.0,0.95,3,20260605,3,0.9065600194975205,28.452716968613416,False,0.2959802013516658,ok,25.79409564982361,1.3795955004657425,0.00694923104848888,f58a99a1f8ac157c49a552186ff3e1395819747c7a0462b098f28f2d74036af4,0.10667212702382528,0.11248195020762473,0.13978460265382875
7e28542fda40db288ad2613b49f17b1248f6f2ce,False,True,article-s-objective-preregistration,article-s-objective-implementation,3.0,0.95,3,20260605,4,0.9196257374885642,28.21082595512629,False,0.27399979284382575,ok,25.943401624144542,1.3908518732677226,0.0069811971014970275,7257dc3b8078faaee6377e7d7ba7c4e91f2dd42f254c1c43affef925213ae42a,0.10667212702382528,0.11248195020762473,0.13978460265382875
7e28542fda40db288ad2613b49f17b1248f6f2ce,False,True,article-s-objective-preregistration,article-s-objective-implementation,3.0,0.95,3,20260605,5,0.7850511007118641,30.99964067190643,False,0.6196307353794402,ok,24.336302031152414,1.2176012767437978,0.006902796745641204,e37b4c57fb16d3938d07318bc7d13e59c019e197f3760fb0e90d8b86cd29a1b4,0.10667212702382528,0.11248195020762473,0.13978460265382875
7e28542fda40db288ad2613b49f17b1248f6f2ce,False,True,article-s-objective-preregistration,article-s-objective-implementation,3.0,0.95,4,20260606,1,0.889780495655351,28.771566445546927,False,0.3113987882049736,ok,25.60037865269961,1.3711005790778972,0.00693023961990713,4cd24575fd1abf333a432dc41d5cbf9d83ebc6f96a7482d88b9098f5459e6ca9,0.11248195020762473,0.11248195020762473,0.13978460265382875
7e28542fda40db288ad2613b49f17b1248f6f2ce,False,True,article-s-objective-preregistration,article-s-objective-implementation,3.0,0.95,4,20260606,2,0.9551249735267304,27.58021652482083,True,0.11248195020762473,ok,26.34255357813099,1.4726120714619246,0.006940262910731132,a5140bd3e745b1aedc8ca7629b172de6bc9c5008da4954f32115e9e712b82330,0.11248195020762473,0.11248195020762473,0.13978460265382875
7e28542fda40db288ad2613b49f17b1248f6f2ce,False,True,article-s-objective-preregistration,article-s-objective-implementation,3.0,0.95,4,20260606,3,0.9820595947483725,27.126003926862104,True,0.06558849521157664,ok,26.639352423556957,1.4956817896873957,0.006975025245653743,1a2ca5d9438459e8cd175fd6723cb141760890cf9bb05f103a44e9f532577fec,0.11248195020762473,0.11248195020762473,0.13978460265382875
7e28542fda40db288ad2613b49f17b1248f6f2ce,False,True,article-s-objective-preregistration,article-s-objective-implementation,3.0,0.95,4,20260606,4,0.738527306080459,32.14566482886962,False,0.8383456808689057,ok,23.74045124823044,1.1068309846462847,0.006943202989345476,fcb4368d9927cf2f0188c6db93e2d1653926aabd5b987288c6403c51894b22cd,0.11248195020762473,0.11248195020762473,0.13978460265382875
7e28542fda40db288ad2613b49f17b1248f6f2ce,False,True,article-s-objective-preregistration,article-s-objective-implementation,3.0,0.95,4,20260606,5,0.8214111288011274,30.17558168754086,False,0.5657706754373493,ok,24.786558616193567,1.2439162395855445,0.00690877858494332,b5887b1d896a54df801e05c51adef740aa606b9a68bf8f07fc7c1aa4546a5142,0.11248195020762473,0.11248195020762473,0.13978460265382875
7e28542fda40db288ad2613b49f17b1248f6f2ce,False,True,article-s-objective-preregistration,article-s-objective-implementation,3.0,0.95,5,20260607,1,0.9050374349568451,28.481263883599503,False,0.29799163054181815,ok,25.776610009541926,1.3783098904934166,0.006942463906315144,a664497db9a00dc9834fe2b3e262142f467d71915c44cbfcf9f5fbde371b7bf7,,0.11248195020762473,0.13978460265382875
7e28542fda40db288ad2613b49f17b1248f6f2ce,False,True,article-s-objective-preregistration,article-s-objective-implementation,3.0,0.95,5,20260607,2,0.6972348854584217,33.26163077161377,False,0.9453941002149874,ok,23.19116932120644,1.0548459577597245,0.006918559728273266,4419476221a9786f33c1e3a2ab5d0c87d25f2278226575dcfa74ca8ea894315e,,0.11248195020762473,0.13978460265382875
7e28542fda40db288ad2613b49f17b1248f6f2ce,False,True,article-s-objective-preregistration,article-s-objective-implementation,3.0,0.95,5,20260607,3,0.8957140155788856,28.657738102549246,False,0.30666778260464495,ok,25.66913767324242,1.3733107712488657,0.0069176744961039205,c1623fa126f9e4941324d890ddfd530e0f29a3f53bb313d0b4b1c04596952305,,0.11248195020762473,0.13978460265382875
7e28542fda40db288ad2613b49f17b1248f6f2ce,False,True,article-s-objective-preregistration,article-s-objective-implementation,3.0,0.95,5,20260607,4,0.9266445895628699,28.08311466061812,False,0.22918329382578084,ok,26.02306625833549,1.4144397322365037,0.006960828591028534,55da22ef7cd83df39e6cfeaa62eb629e16458feb52625d1ba5cda63b1581e1b4,,0.11248195020762473,0.13978460265382875
7e28542fda40db288ad2613b49f17b1248f6f2ce,False,True,article-s-objective-preregistration,article-s-objective-implementation,3.0,0.95,5,20260607,5,0.6876971605706926,33.53415483551886,False,0.986206067577325,ok,23.061343062524283,1.03330693479628,0.0069634044577724374,e0f568f59846e9420939cd8864631699896e63afc0de76409bdd90b606c28fe8,,0.11248195020762473,0.13978460265382875
7e28542fda40db288ad2613b49f17b1248f6f2ce,False,True,article-s-objective-preregistration,article-s-objective-implementation,3.0,0.95,6,20260608,1,0.7818684615019541,31.0746227929315,False,0.6519819920890705,ok,24.296267514862908,1.2026168468380432,0.006857770363104532,2c5942fac027a10fe17af7f22dde96f6f62e842f40051c1e615f3f6f99581c55,,0.11248195020762473,0.13978460265382875
7e28542fda40db288ad2613b49f17b1248f6f2ce,False,True,article-s-objective-preregistration,article-s-objective-implementation,3.0,0.95,6,20260608,2,0.9175748620579983,28.248434071000165,False,0.2779207232783861,ok,25.920052996052437,1.3884516744229587,0.006967924557705452,fd13e5ea3303f37308cf4d775fea7e082b321d620d8b7380fe5494c3a855a191,,0.11248195020762473,0.13978460265382875
7e28542fda40db288ad2613b49f17b1248f6f2ce,False,True,article-s-objective-preregistration,article-s-objective-implementation,3.0,0.95,6,20260608,3,0.6737657282879941,33.94296799032059,False,1.057866418389383,ok,22.869608548254423,0.993567786764998,0.007084382408992784,fd76442f0346024eff75e8b5cdf617758e8b7c41b0d43af2403eef1fb4a0e953,,0.11248195020762473,0.13978460265382875
7e28542fda40db288ad2613b49f17b1248f6f2ce,False,True,article-s-objective-preregistration,article-s-objective-implementation,3.0,0.95,6,20260608,4,0.7579703693157974,31.653339295861773,False,0.7875079040923854,ok,23.99229327616259,1.1302399913380474,0.006992371360400096,af7a74fa9c651c37ba43a2ff93c1fea5200cfce534b3ec0f76556af8dd8cdf3d,,0.11248195020762473,0.13978460265382875
7e28542fda40db288ad2613b49f17b1248f6f2ce,False,True,article-s-objective-preregistration,article-s-objective-implementation,3.0,0.95,6,20260608,5,0.8400514877837464,29.774988545187956,False,0.4766219899264519,ok,25.01252342612915,1.2879851278565535,0.006925291698716141,75517c9643bce11673f9100232309e73ec8d7a505513ae1488544742431f419c,,0.11248195020762473,0.13978460265382875
7e28542fda40db288ad2613b49f17b1248f6f2ce,False,True,article-s-objective-preregistration,article-s-objective-implementation,3.0,0.95,7,20260609,1,0.9989370530361664,26.851336846170792,True,0.004249658834656491,ok,26.82279529919528,1.5235960021732473,0.007082175779870692,4d0a9ec78018f88daeb05f38b5560bc8ecaf3a16e0b6544d8d4d4a3782324985,0.15410844471410082,0.11248195020762473,0.13978460265382875
7e28542fda40db288ad2613b49f17b1248f6f2ce,False,True,article-s-objective-preregistration,article-s-objective-implementation,3.0,0.95,7,20260609,2,0.93316334845263,27.965866163925224,True,0.15410844471410082,ok,26.09672131190657,1.4507447812843102,0.006971041756131946,9d716d43c644f33fcdcc917e2292a8694529ee7e530f34d937938e5f579fcb79,0.15410844471410082,0.11248195020762473,0.13978460265382875
7e28542fda40db288ad2613b49f17b1248f6f2ce,False,True,article-s-objective-preregistration,article-s-objective-implementation,3.0,0.95,7,20260609,3,0.6831951227825679,33.66484641850888,False,1.0483575449653988,ok,22.999658882349465,0.9985670571125947,0.007100876248391508,d685252755708c48b6741d6594010f82ea0e108735609295241925f05433e661,0.15410844471410082,0.11248195020762473,0.13978460265382875
7e28542fda40db288ad2613b49f17b1248f6f2ce,False,True,article-s-objective-preregistration,article-s-objective-implementation,3.0,0.95,7,20260609,4,0.9612469845861281,27.47520732653906,True,0.10667212702382528,ok,26.410460193514368,1.47552491174107,0.006951861292097572,88dc2fbbf624e9dcdbfca0d2cd18554012ed4d2958ceff1862ec8d14363d04c7,0.15410844471410082,0.11248195020762473,0.13978460265382875
7e28542fda40db288ad2613b49f17b1248f6f2ce,False,True,article-s-objective-preregistration,article-s-objective-implementation,3.0,0.95,7,20260609,5,0.9502528230192913,27.66455252176991,True,0.11962926385552741,ok,26.28831913137731,1.468898727362852,0.006954584249548201,cf6ae933c8f153d85c018df08c1c5406f2fc47da1aefeff6bb83dcdc9a9ca51a,0.15410844471410082,0.11248195020762473,0.13978460265382875
7e28542fda40db288ad2613b49f17b1248f6f2ce,False,True,article-s-objective-preregistration,article-s-objective-implementation,3.0,0.95,8,20260610,1,0.7893362145372032,30.899434186890954,False,0.6100135528904227,ok,24.39004241242195,1.2225233552798338,0.0068937375569624315,48063c78d22fdfe9d8d08e0c1cf48c4af218f822651b1cd5dbe072c0a410bfba,0.10667212702382528,0.11248195020762473,0.13978460265382875
7e28542fda40db288ad2613b49f17b1248f6f2ce,False,True,article-s-objective-preregistration,article-s-objective-implementation,3.0,0.95,8,20260610,2,0.7705837672218474,31.34438944398346,False,0.6939178202782956,ok,24.153477699013482,1.181650178359626,0.006850338414861934,f97da56d9f0426d4e41b3b40b0a38583dd33d9becc94c55c6185cae08d122e3c,0.10667212702382528,0.11248195020762473,0.13978460265382875
7e28542fda40db288ad2613b49f17b1248f6f2ce,False,True,article-s-objective-preregistration,article-s-objective-implementation,3.0,0.95,8,20260610,3,0.8885372265874607,28.795569244629867,False,0.31591215385282806,ok,25.585935234630604,1.3687386935515158,0.0069211278815721755,85a73e9b4352ff5edfedb6c20a81b7206fb682ba8a4ca8719790123a4e6c910a,0.10667212702382528,0.11248195020762473,0.13978460265382875
7e28542fda40db288ad2613b49f17b1248f6f2ce,False,True,article-s-objective-preregistration,article-s-objective-implementation,3.0,0.95,8,20260610,4,0.672678828422378,33.975415503871815,False,1.057866418389383,ok,22.85454269630799,0.993567786764998,0.007084382408992784,fd76442f0346024eff75e8b5cdf617758e8b7c41b0d43af2403eef1fb4a0e953,0.10667212702382528,0.11248195020762473,0.13978460265382875
7e28542fda40db288ad2613b49f17b1248f6f2ce,False,True,article-s-objective-preregistration,article-s-objective-implementation,3.0,0.95,8,20260610,5,0.962123739623057,27.460255342716614,True,0.10667212702382528,ok,26.42016356133854,1.47552491174107,0.006951861292097572,88dc2fbbf624e9dcdbfca0d2cd18554012ed4d2958ceff1862ec8d14363d04c7,0.10667212702382528,0.11248195020762473,0.13978460265382875
7e28542fda40db288ad2613b49f17b1248f6f2ce,False,True,article-s-objective-preregistration,article-s-objective-implementation,3.0,0.95,9,20260611,1,0.6869119651360682,33.556852602203946,False,0.986206067577325,ok,23.050603564761296,1.03330693479628,0.0069634044577724374,e0f568f59846e9420939cd8864631699896e63afc0de76409bdd90b606c28fe8,0.10049943497659643,0.11248195020762473,0.13978460265382875
7e28542fda40db288ad2613b49f17b1248f6f2ce,False,True,article-s-objective-preregistration,article-s-objective-implementation,3.0,0.95,9,20260611,2,0.9636370512645941,27.4344984222968,True,0.10049943497659643,ok,26.43689916258525,1.4786370642137177,0.00693877560321754,4bbae9908e149fcb4a1b86815fbb3ff642601bfc0b4f457607c3cafd3f06a9dc,0.10049943497659643,0.11248195020762473,0.13978460265382875
7e28542fda40db288ad2613b49f17b1248f6f2ce,False,True,article-s-objective-preregistration,article-s-objective-implementation,3.0,0.95,9,20260611,3,0.7446180416616848,31.98927815863602,False,0.7995568580612089,ok,23.819793656654458,1.1241652418752732,0.00698671138989182,fd5949a87be535a761e1eeaebbf8f56e5ccc45b87b9e150cfcd638bf787999e8,0.10049943497659643,0.11248195020762473,0.13978460265382875
7e28542fda40db288ad2613b49f17b1248f6f2ce,False,True,article-s-objective-preregistration,article-s-objective-implementation,3.0,0.95,9,20260611,4,0.7862733105327742,30.970972267993716,False,0.6159664198605536,ok,24.35164889557416,1.219524805613455,0.006909371480980031,2bb6af280886fb02a885d2a51be173274e4c89ad93f1a6adb14bc12110d3ad7f,0.10049943497659643,0.11248195020762473,0.13978460265382875
7e28542fda40db288ad2613b49f17b1248f6f2ce,False,True,article-s-objective-preregistration,article-s-objective-implementation,3.0,0.95,9,20260611,5,0.7814235478872582,31.08514296666068,False,0.6519819920890705,ok,24.29066270359064,1.2026168468380432,0.006857770363104532,2c5942fac027a10fe17af7f22dde96f6f62e842f40051c1e615f3f6f99581c55,0.10049943497659643,0.11248195020762473,0.13978460265382875
7e28542fda40db288ad2613b49f17b1248f6f2ce,False,True,article-s-objective-preregistration,article-s-objective-implementation,3.0,0.95,10,20260612,1,0.7690703471566849,31.38103956604931,False,0.6939178202782956,ok,24.134226993199206,1.181650178359626,0.006850338414861934,f97da56d9f0426d4e41b3b40b0a38583dd33d9becc94c55c6185cae08d122e3c,0.06558849521157664,0.11248195020762473,0.13978460265382875
7e28542fda40db288ad2613b49f17b1248f6f2ce,False,True,article-s-objective-preregistration,article-s-objective-implementation,3.0,0.95,10,20260612,2,0.7890968217002555,30.905009823583843,False,0.6100135528904227,ok,24.387045026405186,1.2225233552798338,0.0068937375569624315,48063c78d22fdfe9d8d08e0c1cf48c4af218f822651b1cd5dbe072c0a410bfba,0.06558849521157664,0.11248195020762473,0.13978460265382875
7e28542fda40db288ad2613b49f17b1248f6f2ce,False,True,article-s-objective-preregistration,article-s-objective-implementation,3.0,0.95,10,20260612,3,0.7438275555347774,32.009461716235755,False,0.8127220796291615,ok,23.809519662371684,1.1183195264041073,0.006969174653644661,ae21d02276236de3b89a2d0f02594fa9bb79ed8ffd02b717bd1e001d0acdc9a9,0.06558849521157664,0.11248195020762473,0.13978460265382875
7e28542fda40db288ad2613b49f17b1248f6f2ce,False,True,article-s-objective-preregistration,article-s-objective-implementation,3.0,0.95,10,20260612,4,0.9822684874887804,27.12255862272867,True,0.06558849521157664,ok,26.641634635173467,1.4956817896873957,0.006975025245653743,1a2ca5d9438459e8cd175fd6723cb141760890cf9bb05f103a44e9f532577fec,0.06558849521157664,0.11248195020762473,0.13978460265382875
7e28542fda40db288ad2613b49f17b1248f6f2ce,False,True,article-s-objective-preregistration,article-s-objective-implementation,3.0,0.95,10,20260612,5,0.8414417658554685,29.74567110097012,False,0.46610496238023114,ok,25.029250017756276,1.2939116705714115,0.006906551715808451,ce7b9165a9fd5c51b2a1d7c6625c64d6095fad107e4cf3227929e78fe63a413d,0.06558849521157664,0.11248195020762473,0.13978460265382875
7e28542fda40db288ad2613b49f17b1248f6f2ce,False,True,article-s-objective-preregistration,article-s-objective-implementation,3.0,0.95,11,20260613,1,0.7427556584225101,32.0368841927984,False,0.8199687169554264,ok,23.795577012427678,1.1150607684751057,0.00695950090821551,ba810dff549492ced2c9c06307167020f70edf651da3bac5ce7ca16c5d38575f,0.06692048872626921,0.11248195020762473,0.13978460265382875
7e28542fda40db288ad2613b49f17b1248f6f2ce,False,True,article-s-objective-preregistration,article-s-objective-implementation,3.0,0.95,11,20260613,2,0.980411940131935,27.153219806408615,True,0.06692048872626921,ok,26.621340911229954,1.4946465000865088,0.00696736222318961,0f4f783754d17acf17f536cff7ac2c07fdb214f90fa5b22a6188c9dfd6cbc3bf,0.06692048872626921,0.11248195020762473,0.13978460265382875
7e28542fda40db288ad2613b49f17b1248f6f2ce,False,True,article-s-objective-preregistration,article-s-objective-implementation,3.0,0.95,11,20260613,3,0.7574008404171024,31.667479010629673,False,0.7875079040923854,ok,23.984975216541866,1.1302399913380474,0.006992371360400096,af7a74fa9c651c37ba43a2ff93c1fea5200cfce534b3ec0f76556af8dd8cdf3d,0.06692048872626921,0.11248195020762473,0.13978460265382875
7e28542fda40db288ad2613b49f17b1248f6f2ce,False,True,article-s-objective-preregistration,article-s-objective-implementation,3.0,0.95,11,20260613,4,0.984834973149787,27.08032383723585,True,0.05101779617127445,ok,26.669649999131703,1.503018242261784,0.007007144167149537,9dc09fad78025021674d5d499f24ebc7ef4c65a1b91607600f821c7c803d951d,0.06692048872626921,0.11248195020762473,0.13978460265382875
7e28542fda40db288ad2613b49f17b1248f6f2ce,False,True,article-s-objective-preregistration,article-s-objective-implementation,3.0,0.95,11,20260613,5,0.854426356595353,29.475493562337746,False,0.42081942896012964,ok,25.184638573318026,1.318173337991154,0.00683320386526276,b100d2d99fd8b9d9519902423b47ee0458eab9e54dccf0890d3202245ca761bc,0.06692048872626921,0.11248195020762473,0.13978460265382875
7e28542fda40db288ad2613b49f17b1248f6f2ce,False,True,article-s-objective-preregistration,article-s-objective-implementation,3.0,0.95,12,20260614,1,0.923508230221553,28.139992404518477,False,0.26617105106312905,ok,25.987514583944805,1.3944906135178992,0.006994204483384614,1c56224a204b137270dca15cee04f87cc562b95031996dc11b5c35eb13607cc5,,0.11248195020762473,0.13978460265382875
7e28542fda40db288ad2613b49f17b1248f6f2ce,False,True,article-s-objective-preregistration,article-s-objective-implementation,3.0,0.95,12,20260614,2,0.731905599463951,32.31798773361027,False,0.8542925203613579,ok,23.65371618563664,1.0994625089042815,0.006939561808534389,48397dda218fedfc1fe1492ba61f9c1ec0e59a0c0991a700648c03c7185999f2,,0.11248195020762473,0.13978460265382875
7e28542fda40db288ad2613b49f17b1248f6f2ce,False,True,article-s-objective-preregistration,article-s-objective-implementation,3.0,0.95,12,20260614,3,0.8950306680548094,28.67078666714611,False,0.30666778260464495,ok,25.661233344352706,1.3733107712488657,0.0069176744961039205,c1623fa126f9e4941324d890ddfd530e0f29a3f53bb313d0b4b1c04596952305,,0.11248195020762473,0.13978460265382875
7e28542fda40db288ad2613b49f17b1248f6f2ce,False,True,article-s-objective-preregistration,article-s-objective-implementation,3.0,0.95,12,20260614,4,0.6704239213381789,34.04299251741517,False,1.0789996261171508,ok,22.82323653761176,0.983849672337868,0.007056226457975878,13014e7420fa412cf9eed8978227b44eff47a73974aea7fef92edd7259b77216,,0.11248195020762473,0.13978460265382875
7e28542fda40db288ad2613b49f17b1248f6f2ce,False,True,article-s-objective-preregistration,article-s-objective-implementation,3.0,0.95,12,20260614,5,0.6998142314838284,33.18892569290281,False,0.928733443789618,ok,23.226082527552663,1.0632787675391724,0.006913490883698525,905d5a4ee8e3ad4dd56891578240b90eef61ab037838bb11eb5e49c2b6fa49b8,,0.11248195020762473,0.13978460265382875
7e28542fda40db288ad2613b49f17b1248f6f2ce,False,True,article-s-objective-preregistration,article-s-objective-implementation,3.0,0.95,13,20260615,1,0.9838693426522647,27.09619399367779,True,0.054512842491181344,ok,26.65911457293801,1.5010953345458076,0.006997900809235791,cd483c90932649334740dc67db6b487ce093b242b13ceddc4ece8cd7950e5a2e,0.054512842491181344,0.11248195020762473,0.13978460265382875
7e28542fda40db288ad2613b49f17b1248f6f2ce,False,True,article-s-objective-preregistration,article-s-objective-implementation,3.0,0.95,13,20260615,2,0.7773279050260761,31.182429192079955,False,0.6761679802127559,ok,24.238972357503467,1.190724704427608,0.006848333970759679,133260a10dbb381a9102acc86ce7699408f4bbbc47507aaf0b176a88b1bb1ca1,0.054512842491181344,0.11248195020762473,0.13978460265382875
7e28542fda40db288ad2613b49f17b1248f6f2ce,False,True,article-s-objective-preregistration,article-s-objective-implementation,3.0,0.95,13,20260615,3,0.8847058136777343,28.86987392177075,False,0.3174003202067077,ok,25.541345298733795,1.3676127354952612,0.006914242103292612,e1b93bd51cd7b8f733bd35619e4143b0345377f3ef2f09937f1c2e39584ec63f,0.054512842491181344,0.11248195020762473,0.13978460265382875
7e28542fda40db288ad2613b49f17b1248f6f2ce,False,True,article-s-objective-preregistration,article-s-objective-implementation,3.0,0.95,13,20260615,4,0.7448040088403896,31.984534707667123,False,0.7995568580612089,ok,23.82220967116505,1.1241652418752732,0.00698671138989182,fd5949a87be535a761e1eeaebbf8f56e5ccc45b87b9e150cfcd638bf787999e8,0.054512842491181344,0.11248195020762473,0.13978460265382875
7e28542fda40db288ad2613b49f17b1248f6f2ce,False,True,article-s-objective-preregistration,article-s-objective-implementation,3.0,0.95,13,20260615,5,0.8132670501067341,30.355120865902816,False,0.5825165504317049,ok,24.686819602246153,1.235775524667713,0.006881156203724981,05b4cc6aefce595508619bc91e75118f26e6313837fb164a847462697f2ed6c3,0.054512842491181344,0.11248195020762473,0.13978460265382875
7e28542fda40db288ad2613b49f17b1248f6f2ce,False,True,article-s-objective-preregistration,article-s-objective-implementation,3.0,0.95,14,20260616,1,0.6790400418245366,33.78666080147341,False,1.057866418389383,ok,22.942495563743936,0.993567786764998,0.007084382408992784,fd76442f0346024eff75e8b5cdf617758e8b7c41b0d43af2403eef1fb4a0e953,0.150066902451643,0.11248195020762473,0.13978460265382875
7e28542fda40db288ad2613b49f17b1248f6f2ce,False,True,article-s-objective-preregistration,article-s-objective-implementation,3.0,0.95,14,20260616,2,0.9260805558209197,28.09332090916386,False,0.22918329382578084,ok,26.016678242413935,1.4144397322365037,0.006960828591028534,55da22ef7cd83df39e6cfeaa62eb629e16458feb52625d1ba5cda63b1581e1b4,0.150066902451643,0.11248195020762473,0.13978460265382875
7e28542fda40db288ad2613b49f17b1248f6f2ce,False,True,article-s-objective-preregistration,article-s-objective-implementation,3.0,0.95,14,20260616,3,0.9353688759260319,27.9264898826963,True,0.150066902451643,ok,26.12156945013734,1.4529577047583657,0.006980265780967443,be519d22670f37de0cfb65db8e7e2ec9daae5418285b3c2895718a0409ee208c,0.150066902451643,0.11248195020762473,0.13978460265382875
7e28542fda40db288ad2613b49f17b1248f6f2ce,False,True,article-s-objective-preregistration,article-s-objective-implementation,3.0,0.95,14,20260616,4,0.6760345926974016,33.875496524719345,False,1.057866418389383,ok,22.901007495510886,0.993567786764998,0.007084382408992784,fd76442f0346024eff75e8b5cdf617758e8b7c41b0d43af2403eef1fb4a0e953,0.150066902451643,0.11248195020762473,0.13978460265382875
7e28542fda40db288ad2613b49f17b1248f6f2ce,False,True,article-s-objective-preregistration,article-s-objective-implementation,3.0,0.95,14,20260616,5,0.9552377255952491,27.57827288109115,True,0.11248195020762473,ok,26.343806662778647,1.4726120714619246,0.006940262910731132,a5140bd3e745b1aedc8ca7629b172de6bc9c5008da4954f32115e9e712b82330,0.150066902451643,0.11248195020762473,0.13978460265382875
7e28542fda40db288ad2613b49f17b1248f6f2ce,False,True,article-s-objective-preregistration,article-s-objective-implementation,3.0,0.95,15,20260617,1,0.7280856097246682,32.418510825928486,False,0.8542925203613579,ok,23.6034512210619,1.0994625089042815,0.006939561808534389,48397dda218fedfc1fe1492ba61f9c1ec0e59a0c0991a700648c03c7185999f2,,0.11248195020762473,0.13978460265382875
7e28542fda40db288ad2613b49f17b1248f6f2ce,False,True,article-s-objective-preregistration,article-s-objective-implementation,3.0,0.95,15,20260617,2,0.7769209519624646,31.192139669803073,False,0.6761679802127559,ok,24.23382684600956,1.190724704427608,0.006848333970759679,133260a10dbb381a9102acc86ce7699408f4bbbc47507aaf0b176a88b1bb1ca1,,0.11248195020762473,0.13978460265382875
7e28542fda40db288ad2613b49f17b1248f6f2ce,False,True,article-s-objective-preregistration,article-s-objective-implementation,3.0,0.95,15,20260617,3,0.888266081690241,28.800811065691605,False,0.31591215385282806,ok,25.582783594822818,1.3687386935515158,0.0069211278815721755,85a73e9b4352ff5edfedb6c20a81b7206fb682ba8a4ca8719790123a4e6c910a,,0.11248195020762473,0.13978460265382875
7e28542fda40db288ad2613b49f17b1248f6f2ce,False,True,article-s-objective-preregistration,article-s-objective-implementation,3.0,0.95,15,20260617,4,0.6862226491969845,33.57681207890759,False,0.9977406530525132,ok,23.04116893637727,1.0272878444987108,0.006997102670729394,d463d8caa71884ef9cef65df24f0682eea34431d8757b61ebc387455a75489c5,,0.11248195020762473,0.13978460265382875
7e28542fda40db288ad2613b49f17b1248f6f2ce,False,True,article-s-objective-preregistration,article-s-objective-implementation,3.0,0.95,15,20260617,5,0.7463375658867182,31.94548885719401,False,0.7995568580612089,ok,23.842118394739458,1.1241652418752732,0.00698671138989182,fd5949a87be535a761e1eeaebbf8f56e5ccc45b87b9e150cfcd638bf787999e8,,0.11248195020762473,0.13978460265382875
7e28542fda40db288ad2613b49f17b1248f6f2ce,False,True,article-s-objective-preregistration,article-s-objective-implementation,3.0,0.95,16,20260618,1,0.7250030315868001,32.50023129416483,False,0.865258842214154,ok,23.562766215541693,1.0938201274235815,0.006920986184367983,9cdf9c361ddaa1a546b766259fd9a6d1a48aa115126b0e64196a38162ddaa21b,,0.11248195020762473,0.13978460265382875
7e28542fda40db288ad2613b49f17b1248f6f2ce,False,True,article-s-objective-preregistration,article-s-objective-implementation,3.0,0.95,16,20260618,2,0.916417823835948,28.269710074430105,False,0.2779207232783861,ok,25.906866186882414,1.3884516744229587,0.006967924557705452,fd13e5ea3303f37308cf4d775fea7e082b321d620d8b7380fe5494c3a855a191,,0.11248195020762473,0.13978460265382875
7e28542fda40db288ad2613b49f17b1248f6f2ce,False,True,article-s-objective-preregistration,article-s-objective-implementation,3.0,0.95,16,20260618,3,0.6871044713417495,33.55128405973844,False,0.986206067577325,ok,23.053237296703447,1.03330693479628,0.0069634044577724374,e0f568f59846e9420939cd8864631699896e63afc0de76409bdd90b606c28fe8,,0.11248195020762473,0.13978460265382875
7e28542fda40db288ad2613b49f17b1248f6f2ce,False,True,article-s-objective-preregistration,article-s-objective-implementation,3.0,0.95,16,20260618,4,0.6775984436433343,33.829195397663085,False,1.057866418389383,ok,22.922610151162754,0.993567786764998,0.007084382408992784,fd76442f0346024eff75e8b5cdf617758e8b7c41b0d43af2403eef1fb4a0e953,,0.11248195020762473,0.13978460265382875
7e28542fda40db288ad2613b49f17b1248f6f2ce,False,True,article-s-objective-preregistration,article-s-objective-implementation,3.0,0.95,16,20260618,5,0.910618932008679,28.37698535846428,False,0.2888208015308885,ok,25.840620100750666,1.3834234688146059,0.00696653427891647,6e53eea8ed015b90c44183e4adae92ae85a509f40eaa981fa476abea917e3169,,0.11248195020762473,0.13978460265382875
7e28542fda40db288ad2613b49f17b1248f6f2ce,False,True,article-s-objective-preregistration,article-s-objective-implementation,3.0,0.95,17,20260619,1,0.8494865921820429,29.577511353373573,False,0.43189480263979735,ok,25.125699324803,1.3125902005379577,0.0068609495724851755,38f5ccd004d5bb64ba9fe3e8c74e4b2f9416d4b6d75a78715ef767121b5df3d6,0.06357737702656545,0.11248195020762473,0.13978460265382875
7e28542fda40db288ad2613b49f17b1248f6f2ce,False,True,article-s-objective-preregistration,article-s-objective-implementation,3.0,0.95,17,20260619,2,0.98310661101879,27.108746991181526,True,0.06357737702656545,ok,26.650788383466292,1.4969687333162005,0.006982693422369568,702b5d7d284d15ecbaa9847e80f8d7c48a183fb4c3625dbac6a22799618aaf6d,0.06357737702656545,0.11248195020762473,0.13978460265382875
7e28542fda40db288ad2613b49f17b1248f6f2ce,False,True,article-s-objective-preregistration,article-s-objective-implementation,3.0,0.95,17,20260619,3,0.8189226050855687,30.230144309370502,False,0.5763745767141266,ok,24.756148529942372,1.238718026667564,0.006890846791387961,aea215b2e4f67ab182c266316e8d394d1743bebdc7baad9030ab2a2121eca7af,0.06357737702656545,0.11248195020762473,0.13978460265382875
7e28542fda40db288ad2613b49f17b1248f6f2ce,False,True,article-s-objective-preregistration,article-s-objective-implementation,3.0,0.95,17,20260619,4,0.904562014607161,28.490193086635745,False,0.29799163054181815,ok,25.77114645499424,1.3783098904934166,0.006942463906315144,a664497db9a00dc9834fe2b3e262142f467d71915c44cbfcf9f5fbde371b7bf7,0.06357737702656545,0.11248195020762473,0.13978460265382875
7e28542fda40db288ad2613b49f17b1248f6f2ce,False,True,article-s-objective-preregistration,article-s-objective-implementation,3.0,0.95,17,20260619,5,0.9187962478036951,28.226020808033606,False,0.27447804819769145,ok,25.933962008850298,1.3903482888685845,0.0069763293011764205,39681627028a946901bd2e8871b41e4bfff3e8613ef90feff208cf72b914a9a8,0.06357737702656545,0.11248195020762473,0.13978460265382875
7e28542fda40db288ad2613b49f17b1248f6f2ce,False,True,article-s-objective-preregistration,article-s-objective-implementation,3.0,0.95,18,20260620,1,0.9959397392402256,26.899575524343778,True,0.004249658834656491,ok,26.790356233387698,1.5235960021732473,0.007082175779870692,4d0a9ec78018f88daeb05f38b5560bc8ecaf3a16e0b6544d8d4d4a3782324985,0.1324993164479456,0.11248195020762473,0.13978460265382875
7e28542fda40db288ad2613b49f17b1248f6f2ce,False,True,article-s-objective-preregistration,article-s-objective-implementation,3.0,0.95,18,20260620,2,0.8315403422298966,29.95614591086974,False,0.5154048071944861,ok,24.90974382261334,1.2662867782335223,0.006964687135226022,123ed455d56fa2e29c9f793576907c920192774d535e003501edab2a65419a64,0.1324993164479456,0.11248195020762473,0.13978460265382875
7e28542fda40db288ad2613b49f17b1248f6f2ce,False,True,article-s-objective-preregistration,article-s-objective-implementation,3.0,0.95,18,20260620,3,0.7570596519511532,31.675957681305263,False,0.7875079040923854,ok,23.980589497428422,1.1302399913380474,0.006992371360400096,af7a74fa9c651c37ba43a2ff93c1fea5200cfce534b3ec0f76556af8dd8cdf3d,0.1324993164479456,0.11248195020762473,0.13978460265382875
7e28542fda40db288ad2613b49f17b1248f6f2ce,False,True,article-s-objective-preregistration,article-s-objective-implementation,3.0,0.95,18,20260620,4,0.9247042209744609,28.118267162058864,False,0.2573832652484837,ok,26.001080331243408,1.399493464508351,0.00697959718650587,f26bde2c0558af97b75156575efa6730d5d16f382544fdb68b4563f75bf36c33,0.1324993164479456,0.11248195020762473,0.13978460265382875
7e28542fda40db288ad2613b49f17b1248f6f2ce,False,True,article-s-objective-preregistration,article-s-objective-implementation,3.0,0.95,18,20260620,5,0.942442963234837,27.801178603708745,True,0.1324993164479456,ok,26.201025144700218,1.4621087872438563,0.006959760916155577,aa913ce450bc0efa3ecb94df34faceee8860229fe69afcaf873921374f6638b3,0.1324993164479456,0.11248195020762473,0.13978460265382875
7e28542fda40db288ad2613b49f17b1248f6f2ce,False,True,article-s-objective-preregistration,article-s-objective-implementation,3.0,0.95,19,20260621,1,0.8250106208528465,30.097118435587255,False,0.5582910288393562,ok,24.830442366425494,1.2473629735030192,0.006919878957961867,e8ec29ac9b3420ef1104f64003b804ce1a6ef194411a665656fb768e60824c79,,0.11248195020762473,0.13978460265382875
7e28542fda40db288ad2613b49f17b1248f6f2ce,False,True,article-s-objective-preregistration,article-s-objective-implementation,3.0,0.95,19,20260621,2,0.8639671263943632,29.281060791300668,False,0.39538689528013393,ok,25.2978739496387,1.3313731710180345,0.006852409670733639,3bfa42de5cfc4d7f23430eb3f6d41bcf9a78a89d6011e894f0eab8d0d456b671,,0.11248195020762473,0.13978460265382875
7e28542fda40db288ad2613b49f17b1248f6f2ce,False,True,article-s-objective-preregistration,article-s-objective-implementation,3.0,0.95,19,20260621,3,0.7312916610046845,32.3340882114098,False,0.8542925203613579,ok,23.64564907519386,1.0994625089042815,0.006939561808534389,48397dda218fedfc1fe1492ba61f9c1ec0e59a0c0991a700648c03c7185999f2,,0.11248195020762473,0.13978460265382875
7e28542fda40db288ad2613b49f17b1248f6f2ce,False,True,article-s-objective-preregistration,article-s-objective-implementation,3.0,0.95,19,20260621,4,0.773792692435108,31.267051410474707,False,0.6825541972361302,ok,24.194215895418164,1.187685897968836,0.0068390869578411895,d559dd3560ff110c37d5c342f3a554f005e9a32d2608189578d400055c7af673,,0.11248195020762473,0.13978460265382875
7e28542fda40db288ad2613b49f17b1248f6f2ce,False,True,article-s-objective-preregistration,article-s-objective-implementation,3.0,0.95,19,20260621,5,0.9073689635912853,28.437580890747547,False,0.29503160250274624,ok,25.80337829988094,1.3803942441918495,0.006955331833487843,404d71b480c4c9a99fd7e0296fc6a206754068dd549e88b312321b402d57befb,,0.11248195020762473,0.13978460265382875
7e28542fda40db288ad2613b49f17b1248f6f2ce,False,True,article-s-objective-preregistration,article-s-objective-implementation,3.0,0.95,20,20260622,1,0.9764392898919323,27.2191393508217,True,0.08061953858300093,ok,26.577837099185892,1.4882091907839312,0.0069648174719469935,1f37702f984192d4d6b2510bf2caacb82f292e3ed6c87761d1ab4180bc06aea7,0.08061953858300093,0.11248195020762473,0.13978460265382875
7e28542fda40db288ad2613b49f17b1248f6f2ce,False,True,article-s-objective-preregistration,article-s-objective-implementation,3.0,0.95,20,20260622,2,0.8998834050831047,28.578462646617435,False,0.3032908742465825,ok,25.717284278478413,1.3756457962182007,0.006932392252205766,1624010473b45e1170601fdb833e4359284559d4dfd98e41043aa5c6f99fd719,0.08061953858300093,0.11248195020762473,0.13978460265382875
7e28542fda40db288ad2613b49f17b1248f6f2ce,False,True,article-s-objective-preregistration,article-s-objective-implementation,3.0,0.95,20,20260622,3,0.7107154893285988,32.88620050346795,False,0.883180478603862,ok,23.372732082980637,1.0850081082788567,0.006940267052929716,29a3651261af13690d16a2d59097417071488e840c53ef533130d1c2a870a492,0.08061953858300093,0.11248195020762473,0.13978460265382875
7e28542fda40db288ad2613b49f17b1248f6f2ce,False,True,article-s-objective-preregistration,article-s-objective-implementation,3.0,0.95,20,20260622,4,0.8024105434400164,30.598896300290487,False,0.5974793248522211,ok,24.552877008980797,1.228190565592324,0.006873236118020376,b268bdb56952c4575172774bb94280561501cb8f95b9931b58ad31c3c80531b0,0.08061953858300093,0.11248195020762473,0.13978460265382875
7e28542fda40db288ad2613b49f17b1248f6f2ce,False,True,article-s-objective-preregistration,article-s-objective-implementation,3.0,0.95,20,20260622,5,0.9946609409934883,26.92022670741958,True,0.004249658834656491,ok,26.776498028559995,1.5235960021732473,0.007082175779870692,4d0a9ec78018f88daeb05f38b5560bc8ecaf3a16e0b6544d8d4d4a3782324985,0.08061953858300093,0.11248195020762473,0.13978460265382875
7e28542fda40db288ad2613b49f17b1248f6f2ce,False,True,article-s-objective-preregistration,article-s-objective-implementation,3.0,0.95,21,20260623,1,0.868743511340596,29.184988287818754,False,0.3813534771524407,ok,25.354269203593834,1.3382417382198106,0.006849171536193577,b2da65a148ae73c9ef83e80ac4df30b164a2a8f0209c6c175d56fac9caf7f458,,0.11248195020762473,0.13978460265382875
7e28542fda40db288ad2613b49f17b1248f6f2ce,False,True,article-s-objective-preregistration,article-s-objective-implementation,3.0,0.95,21,20260623,2,0.7633681982761705,31.520147898306014,False,0.7221765054358436,ok,24.061478510528286,1.1668304460775207,0.006884738293712722,ea84acf0d46146a31e32f55a8b448a3cdab381c6cb82dc242bf8abe4ab7ebd60,,0.11248195020762473,0.13978460265382875
7e28542fda40db288ad2613b49f17b1248f6f2ce,False,True,article-s-objective-preregistration,article-s-objective-implementation,3.0,0.95,21,20260623,3,0.7935314001259803,30.80215379965565,False,0.6087820073646454,ok,24.44247623153653,1.2233574912639618,0.006898191022017386,b6182a4006d24576899b5aa012ee4f80fc08558c7d1cc2148fa8acd76a253585,,0.11248195020762473,0.13978460265382875
7e28542fda40db288ad2613b49f17b1248f6f2ce,False,True,article-s-objective-preregistration,article-s-objective-implementation,3.0,0.95,21,20260623,4,0.7998438411778105,30.65728812408923,False,0.5974793248522211,ok,24.521043093266403,1.228190565592324,0.006873236118020376,b268bdb56952c4575172774bb94280561501cb8f95b9931b58ad31c3c80531b0,,0.11248195020762473,0.13978460265382875
7e28542fda40db288ad2613b49f17b1248f6f2ce,False,True,article-s-objective-preregistration,article-s-objective-implementation,3.0,0.95,21,20260623,5,0.7561377642571622,31.698896896912434,False,0.7875079040923854,ok,23.968733029049663,1.1302399913380474,0.006992371360400096,af7a74fa9c651c37ba43a2ff93c1fea5200cfce534b3ec0f76556af8dd8cdf3d,,0.11248195020762473,0.13978460265382875
7e28542fda40db288ad2613b49f17b1248f6f2ce,False,True,article-s-objective-preregistration,article-s-objective-implementation,3.0,0.95,22,20260624,1,0.934281899441331,27.94587777704561,True,0.15410844471410082,ok,26.109327771093454,1.4507447812843102,0.006971041756131946,9d716d43c644f33fcdcc917e2292a8694529ee7e530f34d937938e5f579fcb79,0.15410844471410082,0.11248195020762473,0.13978460265382875
7e28542fda40db288ad2613b49f17b1248f6f2ce,False,True,article-s-objective-preregistration,article-s-objective-implementation,3.0,0.95,22,20260624,2,0.9736129504702754,27.266297420475503,True,0.09076034921945357,ok,26.546820279949213,1.483641739209504,0.00696007735902926,7bac5faab9ecae885c7957c0e60cc68571ca3a6f651765fdf2234fcc7ca38f3a,0.15410844471410082,0.11248195020762473,0.13978460265382875
7e28542fda40db288ad2613b49f17b1248f6f2ce,False,True,article-s-objective-preregistration,article-s-objective-implementation,3.0,0.95,22,20260624,3,0.7150894648708759,32.76676310509836,False,0.8742097831714051,ok,23.43116709437555,1.0894988887582413,0.006929383629139529,8819d7dd0460be5015c78db093268e486f204e0201ed750f38cc764a089054bf,0.15410844471410082,0.11248195020762473,0.13978460265382875
7e28542fda40db288ad2613b49f17b1248f6f2ce,False,True,article-s-objective-preregistration,article-s-objective-implementation,3.0,0.95,22,20260624,4,0.744899881318335,31.98209001882253,False,0.7995568580612089,ok,23.823455059333206,1.1241652418752732,0.00698671138989182,fd5949a87be535a761e1eeaebbf8f56e5ccc45b87b9e150cfcd638bf787999e8,0.15410844471410082,0.11248195020762473,0.13978460265382875
7e28542fda40db288ad2613b49f17b1248f6f2ce,False,True,article-s-objective-preregistration,article-s-objective-implementation,3.0,0.95,22,20260624,5,0.9000514680123219,28.575279318309967,False,0.3032908742465825,ok,25.71922209930703,1.3756457962182007,0.006932392252205766,1624010473b45e1170601fdb833e4359284559d4dfd98e41043aa5c6f99fd719,0.15410844471410082,0.11248195020762473,0.13978460265382875
7e28542fda40db288ad2613b49f17b1248f6f2ce,False,True,article-s-objective-preregistration,article-s-objective-implementation,3.0,0.95,23,20260625,1,0.792921123018682,30.816255059313033,False,0.6087820073646454,ok,24.43485956886063,1.2233574912639618,0.006898191022017386,b6182a4006d24576899b5aa012ee4f80fc08558c7d1cc2148fa8acd76a253585,0.06558849521157664,0.11248195020762473,0.13978460265382875
7e28542fda40db288ad2613b49f17b1248f6f2ce,False,True,article-s-objective-preregistration,article-s-objective-implementation,3.0,0.95,23,20260625,2,0.9078089103706775,28.429358037728075,False,0.29503160250274624,ok,25.808424542767785,1.3803942441918495,0.006955331833487843,404d71b480c4c9a99fd7e0296fc6a206754068dd549e88b312321b402d57befb,0.06558849521157664,0.11248195020762473,0.13978460265382875
7e28542fda40db288ad2613b49f17b1248f6f2ce,False,True,article-s-objective-preregistration,article-s-objective-implementation,3.0,0.95,23,20260625,3,0.8311611156098655,29.964285506351622,False,0.5154048071944861,ok,24.90514896991174,1.2662867782335223,0.006964687135226022,123ed455d56fa2e29c9f793576907c920192774d535e003501edab2a65419a64,0.06558849521157664,0.11248195020762473,0.13978460265382875
7e28542fda40db288ad2613b49f17b1248f6f2ce,False,True,article-s-objective-preregistration,article-s-objective-implementation,3.0,0.95,23,20260625,4,0.8640640394027687,29.279103159025986,False,0.39538689528013393,ok,25.29902014567836,1.3313731710180345,0.006852409670733639,3bfa42de5cfc4d7f23430eb3f6d41bcf9a78a89d6011e894f0eab8d0d456b671,0.06558849521157664,0.11248195020762473,0.13978460265382875
7e28542fda40db288ad2613b49f17b1248f6f2ce,False,True,article-s-objective-preregistration,article-s-objective-implementation,3.0,0.95,23,20260625,5,0.9818345313556947,27.129717238302444,True,0.06558849521157664,ok,26.63689321048119,1.4956817896873957,0.006975025245653743,1a2ca5d9438459e8cd175fd6723cb141760890cf9bb05f103a44e9f532577fec,0.06558849521157664,0.11248195020762473,0.13978460265382875
7e28542fda40db288ad2613b49f17b1248f6f2ce,False,True,article-s-objective-preregistration,article-s-objective-implementation,3.0,0.95,24,20260626,1,0.9693972884080206,27.337041608637712,True,0.09076034921945357,ok,26.500454008510633,1.483641739209504,0.00696007735902926,7bac5faab9ecae885c7957c0e60cc68571ca3a6f651765fdf2234fcc7ca38f3a,0.09076034921945357,0.11248195020762473,0.13978460265382875
7e28542fda40db288ad2613b49f17b1248f6f2ce,False,True,article-s-objective-preregistration,article-s-objective-implementation,3.0,0.95,24,20260626,2,0.6956661546473076,33.30605446981094,False,0.9453941002149874,ok,23.16989483948715,1.0548459577597245,0.006918559728273266,4419476221a9786f33c1e3a2ab5d0c87d25f2278226575dcfa74ca8ea894315e,0.09076034921945357,0.11248195020762473,0.13978460265382875
7e28542fda40db288ad2613b49f17b1248f6f2ce,False,True,article-s-objective-preregistration,article-s-objective-implementation,3.0,0.95,24,20260626,3,0.6723747257569479,33.98450855970584,False,1.0612385256806038,ok,22.85032462281686,0.9918475033949059,0.007079025310370746,a48d77fd15e54f7b0409b31daa478d866dda883effa638bc7f74818de198d068,0.09076034921945357,0.11248195020762473,0.13978460265382875
7e28542fda40db288ad2613b49f17b1248f6f2ce,False,True,article-s-objective-preregistration,article-s-objective-implementation,3.0,0.95,24,20260626,4,0.6825027037700687,33.68506590511279,False,1.0510890329716318,ok,22.990148556912438,0.9971144776325539,0.007096030905811457,a16dab1e9a8a260e860974b21db1e4cb819b5139fc7d3fbc437c46a1c8838c3a,0.09076034921945357,0.11248195020762473,0.13978460265382875
7e28542fda40db288ad2613b49f17b1248f6f2ce,False,True,article-s-objective-preregistration,article-s-objective-implementation,3.0,0.95,24,20260626,5,0.7787952904255702,31.147481345946698,False,0.6691215485877315,ok,24.257511780841586,1.1940237599916623,0.006858284652746516,5f86dbb4ebd7fe21660d80332ffb7442893c17bc413204edca8cce89ef86901c,0.09076034921945357,0.11248195020762473,0.13978460265382875
7e28542fda40db288ad2613b49f17b1248f6f2ce,False,True,article-s-objective-preregistration,article-s-objective-implementation,3.0,0.95,25,20260627,1,0.9343660899133217,27.94437483520215,True,0.15410844471410082,ok,26.11027624984006,1.4507447812843102,0.006971041756131946,9d716d43c644f33fcdcc917e2292a8694529ee7e530f34d937938e5f579fcb79,0.15410844471410082,0.11248195020762473,0.13978460265382875
7e28542fda40db288ad2613b49f17b1248f6f2ce,False,True,article-s-objective-preregistration,article-s-objective-implementation,3.0,0.95,25,20260627,2,0.7350172957892271,32.23670706469921,False,0.8448736303545699,ok,23.69453725184469,1.1037838625012872,0.006934108487168356,ba44890e0dce27fa88195a3cb7447936f1a19f1506d92d90c14f7995b55ccc03,0.15410844471410082,0.11248195020762473,0.13978460265382875
7e28542fda40db288ad2613b49f17b1248f6f2ce,False,True,article-s-objective-preregistration,article-s-objective-implementation,3.0,0.95,25,20260627,3,0.9494275519982184,27.67890569020501,True,0.11962926385552741,ok,26.2791156714409,1.468898727362852,0.006954584249548201,cf6ae933c8f153d85c018df08c1c5406f2fc47da1aefeff6bb83dcdc9a9ca51a,0.15410844471410082,0.11248195020762473,0.13978460265382875
7e28542fda40db288ad2613b49f17b1248f6f2ce,False,True,article-s-objective-preregistration,article-s-objective-implementation,3.0,0.95,25,20260627,4,0.775231345278391,31.23254148319932,False,0.6761679802127559,ok,24.212445150483763,1.190724704427608,0.006848333970759679,133260a10dbb381a9102acc86ce7699408f4bbbc47507aaf0b176a88b1bb1ca1,0.15410844471410082,0.11248195020762473,0.13978460265382875
7e28542fda40db288ad2613b49f17b1248f6f2ce,False,True,article-s-objective-preregistration,article-s-objective-implementation,3.0,0.95,25,20260627,5,0.9681487808412431,27.358086895648444,True,0.09076034921945357,ok,26.48669847417083,1.483641739209504,0.00696007735902926,7bac5faab9ecae885c7957c0e60cc68571ca3a6f651765fdf2234fcc7ca38f3a,0.15410844471410082,0.11248195020762473,0.13978460265382875
7e28542fda40db288ad2613b49f17b1248f6f2ce,False,True,article-s-objective-preregistration,article-s-objective-implementation,3.0,0.95,26,20260628,1,0.7061003791164151,33.01347154297598,False,0.8977393742742267,ok,23.31082477244432,1.0784528321780418,0.0069315813381654046,3dc407b7690a1955603a28453dd180c62d2ad60c24a1adbd5e1baab749f03ca4,0.134052528739627,0.11248195020762473,0.13978460265382875
7e28542fda40db288ad2613b49f17b1248f6f2ce,False,True,article-s-objective-preregistration,article-s-objective-implementation,3.0,0.95,26,20260628,2,0.8849031605668767,28.866034264759094,False,0.3174003202067077,ok,25.54364495391708,1.3676127354952612,0.006914242103292612,e1b93bd51cd7b8f733bd35619e4143b0345377f3ef2f09937f1c2e39584ec63f,0.134052528739627,0.11248195020762473,0.13978460265382875
7e28542fda40db288ad2613b49f17b1248f6f2ce,False,True,article-s-objective-preregistration,article-s-objective-implementation,3.0,0.95,26,20260628,3,0.9387634962393465,27.866170558145534,True,0.134052528739627,ok,26.159743699966644,1.4610305357878708,0.006953262265939841,49e546bf6a51f78de10bb23acfa4d77e1aeb2e2b54aeae432b2a5bdae4cb27fd,0.134052528739627,0.11248195020762473,0.13978460265382875
7e28542fda40db288ad2613b49f17b1248f6f2ce,False,True,article-s-objective-preregistration,article-s-objective-implementation,3.0,0.95,26,20260628,4,0.964188013976184,27.425136826655073,True,0.09740752324287708,ok,26.44298820991766,1.480416903867853,0.006947522625305513,10b7215868dfcfd26971b24b010cb55fe96d7a8aee25909fd2bc1c850c8f2571,0.134052528739627,0.11248195020762473,0.13978460265382875
7e28542fda40db288ad2613b49f17b1248f6f2ce,False,True,article-s-objective-preregistration,article-s-objective-implementation,3.0,0.95,26,20260628,5,0.7350620040806434,32.23554315689649,False,0.8448736303545699,ok,23.695122955536405,1.1037838625012872,0.006934108487168356,ba44890e0dce27fa88195a3cb7447936f1a19f1506d92d90c14f7995b55ccc03,0.134052528739627,0.11248195020762473,0.13978460265382875
7e28542fda40db288ad2613b49f17b1248f6f2ce,False,True,article-s-objective-preregistration,article-s-objective-implementation,3.0,0.95,27,20260629,1,0.7313919570764065,32.331456513972576,False,0.8542925203613579,ok,23.646967254885134,1.0994625089042815,0.006939561808534389,48397dda218fedfc1fe1492ba61f9c1ec0e59a0c0991a700648c03c7185999f2,0.09740752324287708,0.11248195020762473,0.13978460265382875
7e28542fda40db288ad2613b49f17b1248f6f2ce,False,True,article-s-objective-preregistration,article-s-objective-implementation,3.0,0.95,27,20260629,2,0.719021458537535,32.66036321372856,False,0.8742097831714051,ok,23.48350199430076,1.0894988887582413,0.006929383629139529,8819d7dd0460be5015c78db093268e486f204e0201ed750f38cc764a089054bf,0.09740752324287708,0.11248195020762473,0.13978460265382875
7e28542fda40db288ad2613b49f17b1248f6f2ce,False,True,article-s-objective-preregistration,article-s-objective-implementation,3.0,0.95,27,20260629,3,0.9880195079032275,27.02816053297733,True,0.031644407802145766,ok,26.704349869321696,1.5116778158389277,0.007038552968271272,c36ab593d84e25766669ad33fb7f10be540af951f60ef3d2c953ee00ca45e10b,0.09740752324287708,0.11248195020762473,0.13978460265382875
7e28542fda40db288ad2613b49f17b1248f6f2ce,False,True,article-s-objective-preregistration,article-s-objective-implementation,3.0,0.95,27,20260629,4,0.967841719745766,27.36326942269252,True,0.09740752324287708,ok,26.483313735925464,1.480416903867853,0.006947522625305513,10b7215868dfcfd26971b24b010cb55fe96d7a8aee25909fd2bc1c850c8f2571,0.09740752324287708,0.11248195020762473,0.13978460265382875
7e28542fda40db288ad2613b49f17b1248f6f2ce,False,True,article-s-objective-preregistration,article-s-objective-implementation,3.0,0.95,27,20260629,5,0.721598278447592,32.59112551970016,False,0.865258842214154,ok,23.517700067685013,1.0938201274235815,0.006920986184367983,9cdf9c361ddaa1a546b766259fd9a6d1a48aa115126b0e64196a38162ddaa21b,0.09740752324287708,0.11248195020762473,0.13978460265382875
7e28542fda40db288ad2613b49f17b1248f6f2ce,False,True,article-s-objective-preregistration,article-s-objective-implementation,3.0,0.95,28,20260630,1,0.8025571734036316,30.595569360172345,False,0.5974793248522211,ok,24.554693664374675,1.228190565592324,0.006873236118020376,b268bdb56952c4575172774bb94280561501cb8f95b9931b58ad31c3c80531b0,,0.11248195020762473,0.13978460265382875
7e28542fda40db288ad2613b49f17b1248f6f2ce,False,True,article-s-objective-preregistration,article-s-objective-implementation,3.0,0.95,28,20260630,2,0.8433560161715852,29.705428944337132,False,0.45582177567107385,ok,25.052252213164262,1.2996555405074268,0.006887907281169614,b18746eba5341ea90b126053e4effbf0c75a5318e6565793d01f4ba1ee8adb74,,0.11248195020762473,0.13978460265382875
7e28542fda40db288ad2613b49f17b1248f6f2ce,False,True,article-s-objective-preregistration,article-s-objective-implementation,3.0,0.95,28,20260630,3,0.6706363553479855,34.036611043044594,False,1.0789996261171508,ok,22.82618877830442,0.983849672337868,0.007056226457975878,13014e7420fa412cf9eed8978227b44eff47a73974aea7fef92edd7259b77216,,0.11248195020762473,0.13978460265382875
7e28542fda40db288ad2613b49f17b1248f6f2ce,False,True,article-s-objective-preregistration,article-s-objective-implementation,3.0,0.95,28,20260630,4,0.9073872215890372,28.437239513167576,False,0.29503160250274624,ok,25.80358775151511,1.3803942441918495,0.006955331833487843,404d71b480c4c9a99fd7e0296fc6a206754068dd549e88b312321b402d57befb,,0.11248195020762473,0.13978460265382875
7e28542fda40db288ad2613b49f17b1248f6f2ce,False,True,article-s-objective-preregistration,article-s-objective-implementation,3.0,0.95,28,20260630,5,0.8377174861231798,29.824378827782603,False,0.5055433495456918,ok,24.98440365679543,1.271387236099511,0.006976515866786492,585d9b152bcccd54ee813dd90757a6af20d3500d7143a69978c4f77e078537f9,,0.11248195020762473,0.13978460265382875
7e28542fda40db288ad2613b49f17b1248f6f2ce,False,True,article-s-objective-preregistration,article-s-objective-implementation,3.0,0.95,29,20260631,1,0.7699682768277631,31.359281010387804,False,0.6939178202782956,ok,24.14565156212589,1.181650178359626,0.006850338414861934,f97da56d9f0426d4e41b3b40b0a38583dd33d9becc94c55c6185cae08d122e3c,0.004249658834656491,0.11248195020762473,0.13978460265382875
7e28542fda40db288ad2613b49f17b1248f6f2ce,False,True,article-s-objective-preregistration,article-s-objective-implementation,3.0,0.95,29,20260631,2,0.7935320011511727,30.802139920560673,False,0.6087820073646454,ok,24.442483730900936,1.2233574912639618,0.006898191022017386,b6182a4006d24576899b5aa012ee4f80fc08558c7d1cc2148fa8acd76a253585,0.004249658834656491,0.11248195020762473,0.13978460265382875
7e28542fda40db288ad2613b49f17b1248f6f2ce,False,True,article-s-objective-preregistration,article-s-objective-implementation,3.0,0.95,29,20260631,3,0.9963040192223488,26.893700509582967,True,0.004249658834656491,ok,26.79430190945964,1.5235960021732473,0.007082175779870692,4d0a9ec78018f88daeb05f38b5560bc8ecaf3a16e0b6544d8d4d4a3782324985,0.004249658834656491,0.11248195020762473,0.13978460265382875
7e28542fda40db288ad2613b49f17b1248f6f2ce,False,True,article-s-objective-preregistration,article-s-objective-implementation,3.0,0.95,29,20260631,4,0.696664096341745,33.27777648189703,False,0.9453941002149874,ok,23.183432081023366,1.0548459577597245,0.006918559728273266,4419476221a9786f33c1e3a2ab5d0c87d25f2278226575dcfa74ca8ea894315e,0.004249658834656491,0.11248195020762473,0.13978460265382875
7e28542fda40db288ad2613b49f17b1248f6f2ce,False,True,article-s-objective-preregistration,article-s-objective-implementation,3.0,0.95,29,20260631,5,0.8462913350274728,29.643999977504034,False,0.44601843146311476,ok,25.08746031651626,1.3050761021632233,0.006869670669803263,67f1eda8a40858e0dc6966ab44e43a260d8c96a0d293f4ddddeffc66d8614982,0.004249658834656491,0.11248195020762473,0.13978460265382875
7e28542fda40db288ad2613b49f17b1248f6f2ce,False,True,article-s-objective-preregistration,article-s-objective-implementation,3.0,0.95,30,20260632,1,0.73379202571189,32.26864809448837,False,0.8448736303545699,ok,23.67847665223874,1.1037838625012872,0.006934108487168356,ba44890e0dce27fa88195a3cb7447936f1a19f1506d92d90c14f7995b55ccc03,,0.11248195020762473,0.13978460265382875
7e28542fda40db288ad2613b49f17b1248f6f2ce,False,True,article-s-objective-preregistration,article-s-objective-implementation,3.0,0.95,30,20260632,2,0.8189487658370131,30.229569361549178,False,0.5763745767141266,ok,24.756468520425084,1.238718026667564,0.006890846791387961,aea215b2e4f67ab182c266316e8d394d1743bebdc7baad9030ab2a2121eca7af,,0.11248195020762473,0.13978460265382875
7e28542fda40db288ad2613b49f17b1248f6f2ce,False,True,article-s-objective-preregistration,article-s-objective-implementation,3.0,0.95,30,20260632,3,0.8739611687780802,29.080987324357505,False,0.3708283653034809,ok,25.41565367121602,1.343416986656712,0.006868152217505141,82ef62bd5cf98270cf3bf4afcf12ebb0f92064d039ce8d50aeadeb6d07759585,,0.11248195020762473,0.13978460265382875
7e28542fda40db288ad2613b49f17b1248f6f2ce,False,True,article-s-objective-preregistration,article-s-objective-implementation,3.0,0.95,30,20260632,4,0.8989444451014067,28.596265054854417,False,0.3032908742465825,ok,25.70645362170885,1.3756457962182007,0.006932392252205766,1624010473b45e1170601fdb833e4359284559d4dfd98e41043aa5c6f99fd719,,0.11248195020762473,0.13978460265382875
7e28542fda40db288ad2613b49f17b1248f6f2ce,False,True,article-s-objective-preregistration,article-s-objective-implementation,3.0,0.95,30,20260632,5,0.8412623242910963,29.749450782727628,False,0.46610496238023114,ok,25.027092111861016,1.2939116705714115,0.006906551715808451,ce7b9165a9fd5c51b2a1d7c6625c64d6095fad107e4cf3227929e78fe63a413d,,0.11248195020762473,0.13978460265382875
7e28542fda40db288ad2613b49f17b1248f6f2ce,False,True,article-s-objective-preregistration,article-s-objective-implementation,3.0,0.95,31,20260633,1,0.8965278570153261,28.64221824632891,False,0.30628623801408295,ok,25.678546544546528,1.3739074113261038,0.006924606341471851,68c943f53f6b901f4666f37cf6673da1e43d822293743f572253e1abff334325,,0.11248195020762473,0.13978460265382875
7e28542fda40db288ad2613b49f17b1248f6f2ce,False,True,article-s-objective-preregistration,article-s-objective-implementation,3.0,0.95,31,20260633,2,0.7538505293062681,31.75599932111095,False,0.7875079040923854,ok,23.93927689686898,1.1302399913380474,0.006992371360400096,af7a74fa9c651c37ba43a2ff93c1fea5200cfce534b3ec0f76556af8dd8cdf3d,,0.11248195020762473,0.13978460265382875
7e28542fda40db288ad2613b49f17b1248f6f2ce,False,True,article-s-objective-preregistration,article-s-objective-implementation,3.0,0.95,31,20260633,3,0.6737296370821981,33.94404412424405,False,1.057866418389383,ok,22.869108528929065,0.993567786764998,0.007084382408992784,fd76442f0346024eff75e8b5cdf617758e8b7c41b0d43af2403eef1fb4a0e953,,0.11248195020762473,0.13978460265382875
7e28542fda40db288ad2613b49f17b1248f6f2ce,False,True,article-s-objective-preregistration,article-s-objective-implementation,3.0,0.95,31,20260633,4,0.9004827236259976,28.567115076343104,False,0.29799163054181815,ok,25.724193590082734,1.3783098904934166,0.006942463906315144,a664497db9a00dc9834fe2b3e262142f467d71915c44cbfcf9f5fbde371b7bf7,,0.11248195020762473,0.13978460265382875
7e28542fda40db288ad2613b49f17b1248f6f2ce,False,True,article-s-objective-preregistration,article-s-objective-implementation,3.0,0.95,31,20260633,5,0.8549619368215429,29.464488384973766,False,0.42081942896012964,ok,25.191016057073025,1.318173337991154,0.00683320386526276,b100d2d99fd8b9d9519902423b47ee0458eab9e54dccf0890d3202245ca761bc,,0.11248195020762473,0.13978460265382875
7e28542fda40db288ad2613b49f17b1248f6f2ce,False,True,article-s-objective-preregistration,article-s-objective-implementation,3.0,0.95,32,20260634,1,0.9025626142148356,28.527826553071552,False,0.29799163054181815,ok,25.748149711607663,1.3783098904934166,0.006942463906315144,a664497db9a00dc9834fe2b3e262142f467d71915c44cbfcf9f5fbde371b7bf7,0.12444310409397812,0.11248195020762473,0.13978460265382875
7e28542fda40db288ad2613b49f17b1248f6f2ce,False,True,article-s-objective-preregistration,article-s-objective-implementation,3.0,0.95,32,20260634,2,0.9481536677418891,27.70110001649672,True,0.12444310409397812,ok,26.264899581126272,1.4663965396995697,0.006944386912478784,c526ebb90fd8f0aa304aea3b05363ddf6bbff8d79dd4b75318e354d6eb4ef8e7,0.12444310409397812,0.11248195020762473,0.13978460265382875
7e28542fda40db288ad2613b49f17b1248f6f2ce,False,True,article-s-objective-preregistration,article-s-objective-implementation,3.0,0.95,32,20260634,3,0.9099258632913818,28.389878894770142,False,0.2888208015308885,ok,25.8326850620615,1.3834234688146059,0.00696653427891647,6e53eea8ed015b90c44183e4adae92ae85a509f40eaa981fa476abea917e3169,0.12444310409397812,0.11248195020762473,0.13978460265382875
7e28542fda40db288ad2613b49f17b1248f6f2ce,False,True,article-s-objective-preregistration,article-s-objective-implementation,3.0,0.95,32,20260634,4,0.7526250211140937,31.786706648204394,False,0.7875079040923854,ok,23.923470762252332,1.1302399913380474,0.006992371360400096,af7a74fa9c651c37ba43a2ff93c1fea5200cfce534b3ec0f76556af8dd8cdf3d,0.12444310409397812,0.11248195020762473,0.13978460265382875
7e28542fda40db288ad2613b49f17b1248f6f2ce,False,True,article-s-objective-preregistration,article-s-objective-implementation,3.0,0.95,32,20260634,5,0.9658571388203859,27.39682785460464,True,0.09740752324287708,ok,26.46142176440309,1.480416903867853,0.006947522625305513,10b7215868dfcfd26971b24b010cb55fe96d7a8aee25909fd2bc1c850c8f2571,0.12444310409397812,0.11248195020762473,0.13978460265382875
7e28542fda40db288ad2613b49f17b1248f6f2ce,False,True,article-s-objective-preregistration,article-s-objective-implementation,3.0,0.95,33,20260635,1,0.7062245079856967,33.01003147642082,False,0.8977393742742267,ok,23.312493238027656,1.0784528321780418,0.0069315813381654046,3dc407b7690a1955603a28453dd180c62d2ad60c24a1adbd5e1baab749f03ca4,,0.11248195020762473,0.13978460265382875
7e28542fda40db288ad2613b49f17b1248f6f2ce,False,True,article-s-objective-preregistration,article-s-objective-implementation,3.0,0.95,33,20260635,2,0.9052541551715118,28.47719596840783,False,0.2959802013516658,ok,25.779099978034612,1.3795955004657425,0.00694923104848888,f58a99a1f8ac157c49a552186ff3e1395819747c7a0462b098f28f2d74036af4,,0.11248195020762473,0.13978460265382875
7e28542fda40db288ad2613b49f17b1248f6f2ce,False,True,article-s-objective-preregistration,article-s-objective-implementation,3.0,0.95,33,20260635,3,0.7995769872738449,30.66337586309926,False,0.5974793248522211,ok,24.51772969226244,1.228190565592324,0.006873236118020376,b268bdb56952c4575172774bb94280561501cb8f95b9931b58ad31c3c80531b0,,0.11248195020762473,0.13978460265382875
7e28542fda40db288ad2613b49f17b1248f6f2ce,False,True,article-s-objective-preregistration,article-s-objective-implementation,3.0,0.95,33,20260635,4,0.7397308318169095,32.11460342243466,False,0.8383456808689057,ok,23.75616230314776,1.1068309846462847,0.006943202989345476,fcb4368d9927cf2f0188c6db93e2d1653926aabd5b987288c6403c51894b22cd,,0.11248195020762473,0.13978460265382875
7e28542fda40db288ad2613b49f17b1248f6f2ce,False,True,article-s-objective-preregistration,article-s-objective-implementation,3.0,0.95,33,20260635,5,0.8853749768729142,28.856859901024066,False,0.3174003202067077,ok,25.54914166749411,1.3676127354952612,0.006914242103292612,e1b93bd51cd7b8f733bd35619e4143b0345377f3ef2f09937f1c2e39584ec63f,,0.11248195020762473,0.13978460265382875
7e28542fda40db288ad2613b49f17b1248f6f2ce,False,True,article-s-objective-preregistration,article-s-objective-implementation,3.0,0.95,34,20260636,1,0.7014147359575894,33.14402118043859,False,0.928733443789618,ok,23.247704864850085,1.0632787675391724,0.006913490883698525,905d5a4ee8e3ad4dd56891578240b90eef61ab037838bb11eb5e49c2b6fa49b8,0.09740752324287708,0.11248195020762473,0.13978460265382875
7e28542fda40db288ad2613b49f17b1248f6f2ce,False,True,article-s-objective-preregistration,article-s-objective-implementation,3.0,0.95,34,20260636,2,0.770922261040017,31.336207647197902,False,0.6903958383956921,ok,24.15778005179728,1.1835139956218332,0.006856821623838716,8b9de01ac5c9b52c8f44640a20ee55116ddc19b991e91252679e75b6dfaf4f4e,0.09740752324287708,0.11248195020762473,0.13978460265382875
7e28542fda40db288ad2613b49f17b1248f6f2ce,False,True,article-s-objective-preregistration,article-s-objective-implementation,3.0,0.95,34,20260636,3,0.8003750625620929,30.645178853598605,False,0.5974793248522211,ok,24.52763694217551,1.228190565592324,0.006873236118020376,b268bdb56952c4575172774bb94280561501cb8f95b9931b58ad31c3c80531b0,0.09740752324287708,0.11248195020762473,0.13978460265382875
7e28542fda40db288ad2613b49f17b1248f6f2ce,False,True,article-s-objective-preregistration,article-s-objective-implementation,3.0,0.95,34,20260636,4,0.9641429490007104,27.425902222502415,True,0.09740752324287708,ok,26.442490247808617,1.480416903867853,0.006947522625305513,10b7215868dfcfd26971b24b010cb55fe96d7a8aee25909fd2bc1c850c8f2571,0.09740752324287708,0.11248195020762473,0.13978460265382875
7e28542fda40db288ad2613b49f17b1248f6f2ce,False,True,article-s-objective-preregistration,article-s-objective-implementation,3.0,0.95,34,20260636,5,0.7353090735695518,32.229113097609435,False,0.8448736303545699,ok,23.6983592937715,1.1037838625012872,0.006934108487168356,ba44890e0dce27fa88195a3cb7447936f1a19f1506d92d90c14f7995b55ccc03,0.09740752324287708,0.11248195020762473,0.13978460265382875
7e28542fda40db288ad2613b49f17b1248f6f2ce,False,True,article-s-objective-preregistration,article-s-objective-implementation,3.0,0.95,35,20260637,1,0.8485022404505211,29.597952246128575,False,0.43189480263979735,ok,25.11392879358763,1.3125902005379577,0.0068609495724851755,38f5ccd004d5bb64ba9fe3e8c74e4b2f9416d4b6d75a78715ef767121b5df3d6,,0.11248195020762473,0.13978460265382875
7e28542fda40db288ad2613b49f17b1248f6f2ce,False,True,article-s-objective-preregistration,article-s-objective-implementation,3.0,0.95,35,20260637,2,0.8536119815795402,29.49224829486867,False,0.42081942896012964,ok,25.17493650821866,1.318173337991154,0.00683320386526276,b100d2d99fd8b9d9519902423b47ee0458eab9e54dccf0890d3202245ca761bc,,0.11248195020762473,0.13978460265382875
7e28542fda40db288ad2613b49f17b1248f6f2ce,False,True,article-s-objective-preregistration,article-s-objective-implementation,3.0,0.95,35,20260637,3,0.7169126150966025,32.717315391586645,False,0.8742097831714051,ok,23.455456136322706,1.0894988887582413,0.006929383629139529,8819d7dd0460be5015c78db093268e486f204e0201ed750f38cc764a089054bf,,0.11248195020762473,0.13978460265382875
7e28542fda40db288ad2613b49f17b1248f6f2ce,False,True,article-s-objective-preregistration,article-s-objective-implementation,3.0,0.95,35,20260637,4,0.8365335899665216,29.849514357591637,False,0.5066173978701034,ok,24.970121404313364,1.2713194254064142,0.006985416394703847,18801314d6c0c6aeca271e1d3930c0c208f2fa38ebbdf2620f11957285fb3251,,0.11248195020762473,0.13978460265382875
7e28542fda40db288ad2613b49f17b1248f6f2ce,False,True,article-s-objective-preregistration,article-s-objective-implementation,3.0,0.95,35,20260637,5,0.8078235205207277,30.476708467242336,False,0.5866945757933576,ok,24.619801927891576,1.2338956614902705,0.006894341396094905,009fabbf8ae35d9f063c8e4c9d9a8b9d3cfedea1f03b40287ca44aac20311f77,,0.11248195020762473,0.13978460265382875
7e28542fda40db288ad2613b49f17b1248f6f2ce,False,True,article-s-objective-preregistration,article-s-objective-implementation,3.0,0.95,36,20260638,1,0.9226802495677139,28.155058813034795,False,0.26617105106312905,ok,25.97811669220461,1.3944906135178992,0.006994204483384614,1c56224a204b137270dca15cee04f87cc562b95031996dc11b5c35eb13607cc5,,0.11248195020762473,0.13978460265382875
7e28542fda40db288ad2613b49f17b1248f6f2ce,False,True,article-s-objective-preregistration,article-s-objective-implementation,3.0,0.95,36,20260638,2,0.6811379385796476,33.72501232960579,False,1.0552122051654433,ok,22.971385376760885,0.9950696160854007,0.007089724753028825,d5d19d26514058d3cef04db68128aa73169b5f39259916288c1326e70376bbe7,,0.11248195020762473,0.13978460265382875
7e28542fda40db288ad2613b49f17b1248f6f2ce,False,True,article-s-objective-preregistration,article-s-objective-implementation,3.0,0.95,36,20260638,3,0.7783241901590701,31.158690006296855,False,0.6761679802127559,ok,24.251562165568508,1.190724704427608,0.006848333970759679,133260a10dbb381a9102acc86ce7699408f4bbbc47507aaf0b176a88b1bb1ca1,,0.11248195020762473,0.13978460265382875
7e28542fda40db288ad2613b49f17b1248f6f2ce,False,True,article-s-objective-preregistration,article-s-objective-implementation,3.0,0.95,36,20260638,4,0.8854986446660807,28.854456484416904,False,0.31591215385282806,ok,25.550582109527575,1.3687386935515158,0.0069211278815721755,85a73e9b4352ff5edfedb6c20a81b7206fb682ba8a4ca8719790123a4e6c910a,,0.11248195020762473,0.13978460265382875
7e28542fda40db288ad2613b49f17b1248f6f2ce,False,True,article-s-objective-preregistration,article-s-objective-implementation,3.0,0.95,36,20260638,5,0.7656281405974078,31.464820809819972,False,0.7127686184742749,ok,24.090352250853087,1.171982706198464,0.0068654631948672495,fb4337e69126fcd64e788a2c559a5dc24fcc3aabd8e646905384b6fc0bfe7399,,0.11248195020762473,0.13978460265382875
7e28542fda40db288ad2613b49f17b1248f6f2ce,False,True,article-s-objective-preregistration,article-s-objective-implementation,3.0,0.95,37,20260639,1,0.9375467388296117,27.887751473081735,True,0.13978460265382875,ok,26.14607044687848,1.4581236102485022,0.006956005499636042,ff7274a8abdfdd7c0649ed515f6956e0e3b1045365153112fc17a48cc772bf41,0.13978460265382875,0.11248195020762473,0.13978460265382875
7e28542fda40db288ad2613b49f17b1248f6f2ce,False,True,article-s-objective-preregistration,article-s-objective-implementation,3.0,0.95,37,20260639,2,0.9590842470256897,27.512182786688523,True,0.11248195020762473,ok,26.386501112004304,1.4726120714619246,0.006940262910731132,a5140bd3e745b1aedc8ca7629b172de6bc9c5008da4954f32115e9e712b82330,0.13978460265382875,0.11248195020762473,0.13978460265382875
7e28542fda40db288ad2613b49f17b1248f6f2ce,False,True,article-s-objective-preregistration,article-s-objective-implementation,3.0,0.95,37,20260639,3,0.6801818453152173,33.75307125423542,False,1.0552122051654433,ok,22.958226290761864,0.9950696160854007,0.007089724753028825,d5d19d26514058d3cef04db68128aa73169b5f39259916288c1326e70376bbe7,0.13978460265382875,0.11248195020762473,0.13978460265382875
7e28542fda40db288ad2613b49f17b1248f6f2ce,False,True,article-s-objective-preregistration,article-s-objective-implementation,3.0,0.95,37,20260639,4,0.9113090680488387,28.364161785484534,False,0.2888208015308885,ok,25.848517842716394,1.3834234688146059,0.00696653427891647,6e53eea8ed015b90c44183e4adae92ae85a509f40eaa981fa476abea917e3169,0.13978460265382875,0.11248195020762473,0.13978460265382875
7e28542fda40db288ad2613b49f17b1248f6f2ce,False,True,article-s-objective-preregistration,article-s-objective-implementation,3.0,0.95,37,20260639,5,0.9562328974589502,27.56113365362151,True,0.11248195020762473,ok,26.35486269085588,1.4726120714619246,0.006940262910731132,a5140bd3e745b1aedc8ca7629b172de6bc9c5008da4954f32115e9e712b82330,0.13978460265382875,0.11248195020762473,0.13978460265382875
7e28542fda40db288ad2613b49f17b1248f6f2ce,False,True,article-s-objective-preregistration,article-s-objective-implementation,3.0,0.95,38,20260640,1,0.672079718412742,33.99333576570855,False,1.0612385256806038,ok,22.846231529327195,0.9918475033949059,0.007079025310370746,a48d77fd15e54f7b0409b31daa478d866dda883effa638bc7f74818de198d068,,0.11248195020762473,0.13978460265382875
7e28542fda40db288ad2613b49f17b1248f6f2ce,False,True,article-s-objective-preregistration,article-s-objective-implementation,3.0,0.95,38,20260640,2,0.8155190086565243,30.30519388519321,False,0.5763745767141266,ok,24.714461674396528,1.238718026667564,0.006890846791387961,aea215b2e4f67ab182c266316e8d394d1743bebdc7baad9030ab2a2121eca7af,,0.11248195020762473,0.13978460265382875
7e28542fda40db288ad2613b49f17b1248f6f2ce,False,True,article-s-objective-preregistration,article-s-objective-implementation,3.0,0.95,38,20260640,3,0.7243900932713417,32.516545233057236,False,0.865258842214154,ok,23.554663234236134,1.0938201274235815,0.006920986184367983,9cdf9c361ddaa1a546b766259fd9a6d1a48aa115126b0e64196a38162ddaa21b,,0.11248195020762473,0.13978460265382875
7e28542fda40db288ad2613b49f17b1248f6f2ce,False,True,article-s-objective-preregistration,article-s-objective-implementation,3.0,0.95,38,20260640,4,0.8788074653616713,28.985261966568295,False,0.32504348731295574,ok,25.472464601683935,1.364178717300524,0.0069374563434663195,b7ed544a2c2ebbf1ff579c9395739542db4675d5c43f38f120872120808c1433,,0.11248195020762473,0.13978460265382875
7e28542fda40db288ad2613b49f17b1248f6f2ce,False,True,article-s-objective-preregistration,article-s-objective-implementation,3.0,0.95,38,20260640,5,0.8961819602140745,28.64881173586046,False,0.30628623801408295,ok,25.67454825924741,1.3739074113261038,0.006924606341471851,68c943f53f6b901f4666f37cf6673da1e43d822293743f572253e1abff334325,,0.11248195020762473,0.13978460265382875
7e28542fda40db288ad2613b49f17b1248f6f2ce,False,True,article-s-objective-preregistration,article-s-objective-implementation,3.0,0.95,39,20260641,1,0.7772728254676198,31.183743002311193,False,0.6761679802127559,ok,24.238276032062537,1.190724704427608,0.006848333970759679,133260a10dbb381a9102acc86ce7699408f4bbbc47507aaf0b176a88b1bb1ca1,0.11248195020762473,0.11248195020762473,0.13978460265382875
7e28542fda40db288ad2613b49f17b1248f6f2ce,False,True,article-s-objective-preregistration,article-s-objective-implementation,3.0,0.95,39,20260641,2,0.8023739617819167,30.599726463484824,False,0.5974793248522211,ok,24.552423751949277,1.228190565592324,0.006873236118020376,b268bdb56952c4575172774bb94280561501cb8f95b9931b58ad31c3c80531b0,0.11248195020762473,0.11248195020762473,0.13978460265382875
7e28542fda40db288ad2613b49f17b1248f6f2ce,False,True,article-s-objective-preregistration,article-s-objective-implementation,3.0,0.95,39,20260641,3,0.921603033316932,28.17469249832252,False,0.26617105106312905,ok,25.965882069225845,1.3944906135178992,0.006994204483384614,1c56224a204b137270dca15cee04f87cc562b95031996dc11b5c35eb13607cc5,0.11248195020762473,0.11248195020762473,0.13978460265382875
7e28542fda40db288ad2613b49f17b1248f6f2ce,False,True,article-s-objective-preregistration,article-s-objective-implementation,3.0,0.95,39,20260641,4,0.9588387978874984,27.51638748472552,True,0.11248195020762473,ok,26.383779898060823,1.4726120714619246,0.006940262910731132,a5140bd3e745b1aedc8ca7629b172de6bc9c5008da4954f32115e9e712b82330,0.11248195020762473,0.11248195020762473,0.13978460265382875
7e28542fda40db288ad2613b49f17b1248f6f2ce,False,True,article-s-objective-preregistration,article-s-objective-implementation,3.0,0.95,39,20260641,5,0.9138848838893354,28.31643523549044,False,0.2850357449272648,ok,25.87796212734607,1.3850749961922673,0.006955628753142928,9a149a8a205279dc7ba46a970b6e0ccbabddf6ab04c69f2dee5a7412085027c5,0.11248195020762473,0.11248195020762473,0.13978460265382875
7e28542fda40db288ad2613b49f17b1248f6f2ce,False,True,article-s-objective-preregistration,article-s-objective-implementation,3.0,0.95,40,20260642,1,0.9105092365926201,28.379025048792737,False,0.2888208015308885,ok,25.839364432419117,1.3834234688146059,0.00696653427891647,6e53eea8ed015b90c44183e4adae92ae85a509f40eaa981fa476abea917e3169,,0.11248195020762473,0.13978460265382875
7e28542fda40db288ad2613b49f17b1248f6f2ce,False,True,article-s-objective-preregistration,article-s-objective-implementation,3.0,0.95,40,20260642,2,0.8701059637995832,29.157736346271136,False,0.37888489590149477,ok,25.370320285786384,1.3396982311397092,0.0068558950527681795,b20510893a0c9021a894a0e251259192fb5561c3af721331fe171903270040cb,,0.11248195020762473,0.13978460265382875
7e28542fda40db288ad2613b49f17b1248f6f2ce,False,True,article-s-objective-preregistration,article-s-objective-implementation,3.0,0.95,40,20260642,3,0.9118021295787183,28.355009496599102,False,0.2888208015308885,ok,25.854158043223844,1.3834234688146059,0.00696653427891647,6e53eea8ed015b90c44183e4adae92ae85a509f40eaa981fa476abea917e3169,,0.11248195020762473,0.13978460265382875
7e28542fda40db288ad2613b49f17b1248f6f2ce,False,True,article-s-objective-preregistration,article-s-objective-implementation,3.0,0.95,40,20260642,4,0.7457082064829041,31.961497768346447,False,0.7995568580612089,ok,23.83395117734097,1.1241652418752732,0.00698671138989182,fd5949a87be535a761e1eeaebbf8f56e5ccc45b87b9e150cfcd638bf787999e8,,0.11248195020762473,0.13978460265382875
7e28542fda40db288ad2613b49f17b1248f6f2ce,False,True,article-s-objective-preregistration,article-s-objective-implementation,3.0,0.95,40,20260642,5,0.804357563315208,30.554797309613022,False,0.59426029469722,ok,24.576982311550402,1.2299598760401789,0.006879957376335177,d914e8a7952556ea326f9d656cde6fc85083c78d05ccacb2706acf11ceb75c76,,0.11248195020762473,0.13978460265382875
7e28542fda40db288ad2613b49f17b1248f6f2ce,False,True,article-s-objective-preregistration,article-s-objective-implementation,3.0,0.95,41,20260643,1,0.8268858832066097,30.05645356980967,False,0.5502875140491679,ok,24.853257156130525,1.25099686303523,0.0069315003503942485,1f5b33d5a8526363c79816a61300f5e2ebcfcb93fafaaf1864be6ecbc1099fdf,,0.11248195020762473,0.13978460265382875
7e28542fda40db288ad2613b49f17b1248f6f2ce,False,True,article-s-objective-preregistration,article-s-objective-implementation,3.0,0.95,41,20260643,2,0.9097208198265385,28.393696406637968,False,0.2888208015308885,ok,25.83033677295253,1.3834234688146059,0.00696653427891647,6e53eea8ed015b90c44183e4adae92ae85a509f40eaa981fa476abea917e3169,,0.11248195020762473,0.13978460265382875
7e28542fda40db288ad2613b49f17b1248f6f2ce,False,True,article-s-objective-preregistration,article-s-objective-implementation,3.0,0.95,41,20260643,3,0.7809120857682017,31.0972483156878,False,0.6594782396540565,ok,24.284217043855456,1.1991494866654213,0.006847422105041634,a498635b4b0fecfc5f6ae2f541bf6094fc19acece715871556ad6c36eb5aed1c,,0.11248195020762473,0.13978460265382875
7e28542fda40db288ad2613b49f17b1248f6f2ce,False,True,article-s-objective-preregistration,article-s-objective-implementation,3.0,0.95,41,20260643,4,0.7146863057748701,32.777724198575186,False,0.8742097831714051,ok,23.425790619187264,1.0894988887582413,0.006929383629139529,8819d7dd0460be5015c78db093268e486f204e0201ed750f38cc764a089054bf,,0.11248195020762473,0.13978460265382875
7e28542fda40db288ad2613b49f17b1248f6f2ce,False,True,article-s-objective-preregistration,article-s-objective-implementation,3.0,0.95,41,20260643,5,0.769543444204542,31.36957056217112,False,0.6939178202782956,ok,24.140247373630576,1.181650178359626,0.006850338414861934,f97da56d9f0426d4e41b3b40b0a38583dd33d9becc94c55c6185cae08d122e3c,,0.11248195020762473,0.13978460265382875
7e28542fda40db288ad2613b49f17b1248f6f2ce,False,True,article-s-objective-preregistration,article-s-objective-implementation,3.0,0.95,42,20260644,1,0.9740150528572875,27.259575012732977,True,0.09076034921945357,ok,26.551236396894303,1.483641739209504,0.00696007735902926,7bac5faab9ecae885c7957c0e60cc68571ca3a6f651765fdf2234fcc7ca38f3a,0.09076034921945357,0.11248195020762473,0.13978460265382875
7e28542fda40db288ad2613b49f17b1248f6f2ce,False,True,article-s-objective-preregistration,article-s-objective-implementation,3.0,0.95,42,20260644,2,0.9321239628055765,27.984473897951943,False,0.16357912089546675,ok,26.084998706788184,1.445537905588722,0.006987794624609744,ed0e24985ec66764942b4bb15096f40004e01fedde592b785d1a5d7e2a28c4d5,0.09076034921945357,0.11248195020762473,0.13978460265382875
7e28542fda40db288ad2613b49f17b1248f6f2ce,False,True,article-s-objective-preregistration,article-s-objective-implementation,3.0,0.95,42,20260644,3,0.7023439349061846,33.1180243194333,False,0.928733443789618,ok,23.260243516829505,1.0632787675391724,0.006913490883698525,905d5a4ee8e3ad4dd56891578240b90eef61ab037838bb11eb5e49c2b6fa49b8,0.09076034921945357,0.11248195020762473,0.13978460265382875
7e28542fda40db288ad2613b49f17b1248f6f2ce,False,True,article-s-objective-preregistration,article-s-objective-implementation,3.0,0.95,42,20260644,4,0.8638216137448925,29.284000781182705,False,0.39538689528013393,ok,25.296152811707938,1.3313731710180345,0.006852409670733639,3bfa42de5cfc4d7f23430eb3f6d41bcf9a78a89d6011e894f0eab8d0d456b671,0.09076034921945357,0.11248195020762473,0.13978460265382875
7e28542fda40db288ad2613b49f17b1248f6f2ce,False,True,article-s-objective-preregistration,article-s-objective-implementation,3.0,0.95,42,20260644,5,0.8110700120761924,30.40403999356248,False,0.5866945757933576,ok,24.65980508474376,1.2338956614902705,0.006894341396094905,009fabbf8ae35d9f063c8e4c9d9a8b9d3cfedea1f03b40287ca44aac20311f77,0.09076034921945357,0.11248195020762473,0.13978460265382875
7e28542fda40db288ad2613b49f17b1248f6f2ce,False,True,article-s-objective-preregistration,article-s-objective-implementation,3.0,0.95,43,20260645,1,0.8807458909437673,28.94720648794577,False,0.3194511843848829,ok,25.495133168559,1.3669386163646922,0.006923743075413213,fa2f836a933b4c1c9467d37b202042443b8c974e5e152a72a6b687d7ee8b2710,,0.11248195020762473,0.13978460265382875
7e28542fda40db288ad2613b49f17b1248f6f2ce,False,True,article-s-objective-preregistration,article-s-objective-implementation,3.0,0.95,43,20260645,2,0.8433738474024066,29.70505476488533,False,0.45582177567107385,ok,25.05246632436053,1.2996555405074268,0.006887907281169614,b18746eba5341ea90b126053e4effbf0c75a5318e6565793d01f4ba1ee8adb74,,0.11248195020762473,0.13978460265382875
7e28542fda40db288ad2613b49f17b1248f6f2ce,False,True,article-s-objective-preregistration,article-s-objective-implementation,3.0,0.95,43,20260645,3,0.8380779361672613,29.816737139874736,False,0.5055433495456918,ok,24.98874952542795,1.271387236099511,0.006976515866786492,585d9b152bcccd54ee813dd90757a6af20d3500d7143a69978c4f77e078537f9,,0.11248195020762473,0.13978460265382875
7e28542fda40db288ad2613b49f17b1248f6f2ce,False,True,article-s-objective-preregistration,article-s-objective-implementation,3.0,0.95,43,20260645,4,0.7326854756547675,32.29756594621231,False,0.8507599438277573,ok,23.663957467791786,1.100989890683251,0.006925705160778062,e3dd925a6f31ee0461b405b37f841673039b74a8e42073e16a1a2ab2aa1a5ccf,,0.11248195020762473,0.13978460265382875
7e28542fda40db288ad2613b49f17b1248f6f2ce,False,True,article-s-objective-preregistration,article-s-objective-implementation,3.0,0.95,43,20260645,5,0.7525916750767635,31.78754328662336,False,0.7875079040923854,ok,23.923040448655005,1.1302399913380474,0.006992371360400096,af7a74fa9c651c37ba43a2ff93c1fea5200cfce534b3ec0f76556af8dd8cdf3d,,0.11248195020762473,0.13978460265382875
7e28542fda40db288ad2613b49f17b1248f6f2ce,False,True,article-s-objective-preregistration,article-s-objective-implementation,3.0,0.95,44,20260646,1,0.7749478777384973,31.2393332670719,False,0.6761679802127559,ok,24.208855017283003,1.190724704427608,0.006848333970759679,133260a10dbb381a9102acc86ce7699408f4bbbc47507aaf0b176a88b1bb1ca1,0.11248195020762473,0.11248195020762473,0.13978460265382875
7e28542fda40db288ad2613b49f17b1248f6f2ce,False,True,article-s-objective-preregistration,article-s-objective-implementation,3.0,0.95,44,20260646,2,0.9585956816667766,27.520553900693514,True,0.11248195020762473,ok,26.381084126282566,1.4726120714619246,0.006940262910731132,a5140bd3e745b1aedc8ca7629b172de6bc9c5008da4954f32115e9e712b82330,0.11248195020762473,0.11248195020762473,0.13978460265382875
7e28542fda40db288ad2613b49f17b1248f6f2ce,False,True,article-s-objective-preregistration,article-s-objective-implementation,3.0,0.95,44,20260646,3,0.8432673367964219,29.707290021628243,False,0.45582177567107385,ok,25.051187339977364,1.2996555405074268,0.006887907281169614,b18746eba5341ea90b126053e4effbf0c75a5318e6565793d01f4ba1ee8adb74,0.11248195020762473,0.11248195020762473,0.13978460265382875
7e28542fda40db288ad2613b49f17b1248f6f2ce,False,True,article-s-objective-preregistration,article-s-objective-implementation,3.0,0.95,44,20260646,4,0.7714514560068043,31.32342764716722,False,0.6903958383956921,ok,24.164503865530943,1.1835139956218332,0.006856821623838716,8b9de01ac5c9b52c8f44640a20ee55116ddc19b991e91252679e75b6dfaf4f4e,0.11248195020762473,0.11248195020762473,0.13978460265382875
7e28542fda40db288ad2613b49f17b1248f6f2ce,False,True,article-s-objective-preregistration,article-s-objective-implementation,3.0,0.95,44,20260646,5,0.7421778467887556,32.05169209578327,False,0.8271851168178487,ok,23.788055825584603,1.1117837712100191,0.006949779184097782,ca65806447dcecbf6a4b8d7cae461c5ab3ff7a111a55f3767ca9f65b57311c74,0.11248195020762473,0.11248195020762473,0.13978460265382875
7e28542fda40db288ad2613b49f17b1248f6f2ce,False,True,article-s-objective-preregistration,article-s-objective-implementation,3.0,0.95,45,20260647,1,0.9386592551298998,27.868017686847676,True,0.134052528739627,ok,26.158572723883314,1.4610305357878708,0.006953262265939841,49e546bf6a51f78de10bb23acfa4d77e1aeb2e2b54aeae432b2a5bdae4cb27fd,0.134052528739627,0.11248195020762473,0.13978460265382875
7e28542fda40db288ad2613b49f17b1248f6f2ce,False,True,article-s-objective-preregistration,article-s-objective-implementation,3.0,0.95,45,20260647,2,0.8957044537069598,28.657920578637775,False,0.30666778260464495,ok,25.66902709626619,1.3733107712488657,0.0069176744961039205,c1623fa126f9e4941324d890ddfd530e0f29a3f53bb313d0b4b1c04596952305,0.134052528739627,0.11248195020762473,0.13978460265382875
7e28542fda40db288ad2613b49f17b1248f6f2ce,False,True,article-s-objective-preregistration,article-s-objective-implementation,3.0,0.95,45,20260647,3,0.9693782347093954,27.337362461487093,True,0.09076034921945357,ok,26.500244164527253,1.483641739209504,0.00696007735902926,7bac5faab9ecae885c7957c0e60cc68571ca3a6f651765fdf2234fcc7ca38f3a,0.134052528739627,0.11248195020762473,0.13978460265382875
7e28542fda40db288ad2613b49f17b1248f6f2ce,False,True,article-s-objective-preregistration,article-s-objective-implementation,3.0,0.95,45,20260647,4,0.7560617602207507,31.700790048521245,False,0.7875079040923854,ok,23.967755124473427,1.1302399913380474,0.006992371360400096,af7a74fa9c651c37ba43a2ff93c1fea5200cfce534b3ec0f76556af8dd8cdf3d,0.134052528739627,0.11248195020762473,0.13978460265382875
7e28542fda40db288ad2613b49f17b1248f6f2ce,False,True,article-s-objective-preregistration,article-s-objective-implementation,3.0,0.95,45,20260647,5,0.7250672855084463,32.49852236147569,False,0.8619122655034789,ok,23.563615391670723,1.0955919838902344,0.006926934630503645,c2c0028208e2a062f0c6907770c9ce2da94b48a5f9bb4f95e39162a13eed6ccd,0.134052528739627,0.11248195020762473,0.13978460265382875
7e28542fda40db288ad2613b49f17b1248f6f2ce,False,True,article-s-objective-preregistration,article-s-objective-implementation,3.0,0.95,46,20260648,1,0.7857622364019132,30.98295162110291,False,0.6159664198605536,ok,24.345233356130105,1.219524805613455,0.006909371480980031,2bb6af280886fb02a885d2a51be173274e4c89ad93f1a6adb14bc12110d3ad7f,0.15410844471410082,0.11248195020762473,0.13978460265382875
7e28542fda40db288ad2613b49f17b1248f6f2ce,False,True,article-s-objective-preregistration,article-s-objective-implementation,3.0,0.95,46,20260648,2,0.759776115293919,31.608617689962184,False,0.7583268937262742,ok,24.015472758290116,1.146969301905366,0.006937245599675013,b5bf1e0495d9b78116a56e575728d6a9fc2743122d5646187d6304f5b942073d,0.15410844471410082,0.11248195020762473,0.13978460265382875
7e28542fda40db288ad2613b49f17b1248f6f2ce,False,True,article-s-objective-preregistration,article-s-objective-implementation,3.0,0.95,46,20260648,3,0.8474059013701833,29.620762652124046,False,0.4410443474604556,ok,25.10080907449544,1.3075938469707273,0.006878565049268204,2505911d78f4a04a8d324a72957ae098c88849b7e863681dedd72393411af67d,0.15410844471410082,0.11248195020762473,0.13978460265382875
7e28542fda40db288ad2613b49f17b1248f6f2ce,False,True,article-s-objective-preregistration,article-s-objective-implementation,3.0,0.95,46,20260648,4,0.9348543334034382,27.93566309043598,True,0.15410844471410082,ok,26.11577569659256,1.4507447812843102,0.006971041756131946,9d716d43c644f33fcdcc917e2292a8694529ee7e530f34d937938e5f579fcb79,0.15410844471410082,0.11248195020762473,0.13978460265382875
7e28542fda40db288ad2613b49f17b1248f6f2ce,False,True,article-s-objective-preregistration,article-s-objective-implementation,3.0,0.95,46,20260648,5,0.8065853979916615,30.50454316321736,False,0.5889434301985318,ok,24.60451908785749,1.23257320872559,0.006888681080366332,99467ef46c00bb2c0cde15e24687f2c801d99667df08983fd59ad5ea3b05d6e1,0.15410844471410082,0.11248195020762473,0.13978460265382875
7e28542fda40db288ad2613b49f17b1248f6f2ce,False,True,article-s-objective-preregistration,article-s-objective-implementation,3.0,0.95,47,20260649,1,0.7786476825289519,31.150992165706505,False,0.6691215485877315,ok,24.255647858304908,1.1940237599916623,0.006858284652746516,5f86dbb4ebd7fe21660d80332ffb7442893c17bc413204edca8cce89ef86901c,,0.11248195020762473,0.13978460265382875
7e28542fda40db288ad2613b49f17b1248f6f2ce,False,True,article-s-objective-preregistration,article-s-objective-implementation,3.0,0.95,47,20260649,2,0.8600250572704147,29.360984683217218,False,0.4039219180178763,ok,25.251182533699655,1.3269460363036454,0.006834913450709301,129d04e79efa25f92e382487f5e0ca9e2a98198039936d5e808b58e49740544e,,0.11248195020762473,0.13978460265382875
7e28542fda40db288ad2613b49f17b1248f6f2ce,False,True,article-s-objective-preregistration,article-s-objective-implementation,3.0,0.95,47,20260649,3,0.7889513078895016,30.908400244755452,False,0.6100135528904227,ok,24.385222797872007,1.2225233552798338,0.0068937375569624315,48063c78d22fdfe9d8d08e0c1cf48c4af218f822651b1cd5dbe072c0a410bfba,,0.11248195020762473,0.13978460265382875
7e28542fda40db288ad2613b49f17b1248f6f2ce,False,True,article-s-objective-preregistration,article-s-objective-implementation,3.0,0.95,47,20260649,4,0.8215001979277852,30.17363360155077,False,0.5657706754373493,ok,24.787645975874426,1.2439162395855445,0.00690877858494332,b5887b1d896a54df801e05c51adef740aa606b9a68bf8f07fc7c1aa4546a5142,,0.11248195020762473,0.13978460265382875
7e28542fda40db288ad2613b49f17b1248f6f2ce,False,True,article-s-objective-preregistration,article-s-objective-implementation,3.0,0.95,47,20260649,5,0.7524080899817701,31.792150400144635,False,0.7875079040923854,ok,23.920671158985993,1.1302399913380474,0.006992371360400096,af7a74fa9c651c37ba43a2ff93c1fea5200cfce534b3ec0f76556af8dd8cdf3d,,0.11248195020762473,0.13978460265382875
7e28542fda40db288ad2613b49f17b1248f6f2ce,False,True,article-s-objective-preregistration,article-s-objective-implementation,3.0,0.95,48,20260650,1,0.6757261537131783,33.88464818599824,False,1.057866418389383,ok,22.896742988648814,0.993567786764998,0.007084382408992784,fd76442f0346024eff75e8b5cdf617758e8b7c41b0d43af2403eef1fb4a0e953,,0.11248195020762473,0.13978460265382875
7e28542fda40db288ad2613b49f17b1248f6f2ce,False,True,article-s-objective-preregistration,article-s-objective-implementation,3.0,0.95,48,20260650,2,0.6751398950987083,33.902060925433666,False,1.057866418389383,ok,22.888633856827305,0.993567786764998,0.007084382408992784,fd76442f0346024eff75e8b5cdf617758e8b7c41b0d43af2403eef1fb4a0e953,,0.11248195020762473,0.13978460265382875
7e28542fda40db288ad2613b49f17b1248f6f2ce,False,True,article-s-objective-preregistration,article-s-objective-implementation,3.0,0.95,48,20260650,3,0.6866179550229142,33.56536199302475,False,0.986206067577325,ok,23.046580211254504,1.03330693479628,0.0069634044577724374,e0f568f59846e9420939cd8864631699896e63afc0de76409bdd90b606c28fe8,,0.11248195020762473,0.13978460265382875
7e28542fda40db288ad2613b49f17b1248f6f2ce,False,True,article-s-objective-preregistration,article-s-objective-implementation,3.0,0.95,48,20260650,4,0.7157042021484444,32.75006816520332,False,0.8742097831714051,ok,23.43936140648401,1.0894988887582413,0.006929383629139529,8819d7dd0460be5015c78db093268e486f204e0201ed750f38cc764a089054bf,,0.11248195020762473,0.13978460265382875
7e28542fda40db288ad2613b49f17b1248f6f2ce,False,True,article-s-objective-preregistration,article-s-objective-implementation,3.0,0.95,48,20260650,5,0.8400357203781257,29.77532147775621,False,0.4766219899264519,ok,25.012333627057217,1.2879851278565535,0.006925291698716141,75517c9643bce11673f9100232309e73ec8d7a505513ae1488544742431f419c,,0.11248195020762473,0.13978460265382875
7e28542fda40db288ad2613b49f17b1248f6f2ce,False,True,article-s-objective-preregistration,article-s-objective-implementation,3.0,0.95,49,20260651,1,0.7196960362950131,32.64220031462867,False,0.8742097831714051,ok,23.49246218238608,1.0894988887582413,0.006929383629139529,8819d7dd0460be5015c78db093268e486f204e0201ed750f38cc764a089054bf,0.150066902451643,0.11248195020762473,0.13978460265382875
7e28542fda40db288ad2613b49f17b1248f6f2ce,False,True,article-s-objective-preregistration,article-s-objective-implementation,3.0,0.95,49,20260651,2,0.9844690467019156,27.08633493795522,True,0.05101779617127445,ok,26.665658335017564,1.503018242261784,0.007007144167149537,9dc09fad78025021674d5d499f24ebc7ef4c65a1b91607600f821c7c803d951d,0.150066902451643,0.11248195020762473,0.13978460265382875
7e28542fda40db288ad2613b49f17b1248f6f2ce,False,True,article-s-objective-preregistration,article-s-objective-implementation,3.0,0.95,49,20260651,3,0.8253667806217415,30.089383974257437,False,0.5582910288393562,ok,24.834777981724283,1.2473629735030192,0.006919878957961867,e8ec29ac9b3420ef1104f64003b804ce1a6ef194411a665656fb768e60824c79,0.150066902451643,0.11248195020762473,0.13978460265382875
7e28542fda40db288ad2613b49f17b1248f6f2ce,False,True,article-s-objective-preregistration,article-s-objective-implementation,3.0,0.95,49,20260651,4,0.9721548626455114,27.29071094006537,True,0.09076034921945357,ok,26.530797345437605,1.483641739209504,0.00696007735902926,7bac5faab9ecae885c7957c0e60cc68571ca3a6f651765fdf2234fcc7ca38f3a,0.150066902451643,0.11248195020762473,0.13978460265382875
7e28542fda40db288ad2613b49f17b1248f6f2ce,False,True,article-s-objective-preregistration,article-s-objective-implementation,3.0,0.95,49,20260651,5,0.9358525286757886,27.91787465493227,True,0.150066902451643,ok,26.127013591072075,1.4529577047583657,0.006980265780967443,be519d22670f37de0cfb65db8e7e2ec9daae5418285b3c2895718a0409ee208c,0.150066902451643,0.11248195020762473,0.13978460265382875
7e28542fda40db288ad2613b49f17b1248f6f2ce,False,True,article-s-objective-preregistration,article-s-objective-implementation,3.0,0.9,0,20260602,1,0.9333548852209436,27.962440731899996,True,0.15410844471410082,ok,26.098880659819958,1.4507447812843102,0.006971041756131946,9d716d43c644f33fcdcc917e2292a8694529ee7e530f34d937938e5f579fcb79,0.15410844471410082,0.2779207232783861,0.29698591594674195
7e28542fda40db288ad2613b49f17b1248f6f2ce,False,True,article-s-objective-preregistration,article-s-objective-implementation,3.0,0.9,0,20260602,2,0.802692669521896,30.592495888095343,False,0.59426029469722,ok,24.556372191752878,1.2299598760401789,0.006879957376335177,d914e8a7952556ea326f9d656cde6fc85083c78d05ccacb2706acf11ceb75c76,0.15410844471410082,0.2779207232783861,0.29698591594674195
7e28542fda40db288ad2613b49f17b1248f6f2ce,False,True,article-s-objective-preregistration,article-s-objective-implementation,3.0,0.9,0,20260602,3,0.8338267153315726,29.907195392993845,False,0.5154048071944861,ok,24.937418499319598,1.2662867782335223,0.006964687135226022,123ed455d56fa2e29c9f793576907c920192774d535e003501edab2a65419a64,0.15410844471410082,0.2779207232783861,0.29698591594674195
7e28542fda40db288ad2613b49f17b1248f6f2ce,False,True,article-s-objective-preregistration,article-s-objective-implementation,3.0,0.9,0,20260602,4,0.6884475204070778,33.51250173006773,False,0.9766240966465976,ok,23.071598718703036,1.0385848797041362,0.00694218794107293,e95393461eeba7e32a84cdaa854e96228177212ca9672fb8d4dd0d176189d068,0.15410844471410082,0.2779207232783861,0.29698591594674195
7e28542fda40db288ad2613b49f17b1248f6f2ce,False,True,article-s-objective-preregistration,article-s-objective-implementation,3.0,0.9,0,20260602,5,0.9673963383227839,27.370791133605884,True,0.09740752324287708,ok,26.478403119648053,1.480416903867853,0.006947522625305513,10b7215868dfcfd26971b24b010cb55fe96d7a8aee25909fd2bc1c850c8f2571,0.15410844471410082,0.2779207232783861,0.29698591594674195
7e28542fda40db288ad2613b49f17b1248f6f2ce,False,True,article-s-objective-preregistration,article-s-objective-implementation,3.0,0.9,1,20260603,1,0.8626307280388037,29.308091235660488,False,0.39538689528013393,ok,25.28206008004549,1.3313731710180345,0.006852409670733639,3bfa42de5cfc4d7f23430eb3f6d41bcf9a78a89d6011e894f0eab8d0d456b671,0.30666778260464495,0.2779207232783861,0.29698591594674195
7e28542fda40db288ad2613b49f17b1248f6f2ce,False,True,article-s-objective-preregistration,article-s-objective-implementation,3.0,0.9,1,20260603,2,0.6937979473106936,33.359162801465345,False,0.9614649524297945,ok,23.144518675659903,1.0464345080817443,0.00692545143196277,519a36403feb350cfa1b52b6ea6ab06076cb792a0c1c1c95768d951bad9a156f,0.30666778260464495,0.2779207232783861,0.29698591594674195
7e28542fda40db288ad2613b49f17b1248f6f2ce,False,True,article-s-objective-preregistration,article-s-objective-implementation,3.0,0.9,1,20260603,3,0.6827201570349696,33.67871256565247,False,1.0510890329716318,ok,22.993135931557855,0.9971144776325539,0.007096030905811457,a16dab1e9a8a260e860974b21db1e4cb819b5139fc7d3fbc437c46a1c8838c3a,0.30666778260464495,0.2779207232783861,0.29698591594674195
7e28542fda40db288ad2613b49f17b1248f6f2ce,False,True,article-s-objective-preregistration,article-s-objective-implementation,3.0,0.9,1,20260603,4,0.8936751520816874,28.696716949020924,True,0.30666778260464495,ok,25.64554288366141,1.3733107712488657,0.0069176744961039205,c1623fa126f9e4941324d890ddfd530e0f29a3f53bb313d0b4b1c04596952305,0.30666778260464495,0.2779207232783861,0.29698591594674195
7e28542fda40db288ad2613b49f17b1248f6f2ce,False,True,article-s-objective-preregistration,article-s-objective-implementation,3.0,0.9,1,20260603,5,0.8242667010564628,30.113290545211395,False,0.5582910288393562,ok,24.82138265565617,1.2473629735030192,0.006919878957961867,e8ec29ac9b3420ef1104f64003b804ce1a6ef194411a665656fb768e60824c79,0.30666778260464495,0.2779207232783861,0.29698591594674195
7e28542fda40db288ad2613b49f17b1248f6f2ce,False,True,article-s-objective-preregistration,article-s-objective-implementation,3.0,0.9,2,20260604,1,0.7174862011849357,32.70179906556968,False,0.8742097831714051,ok,23.46308958346867,1.0894988887582413,0.006929383629139529,8819d7dd0460be5015c78db093268e486f204e0201ed750f38cc764a089054bf,,0.2779207232783861,0.29698591594674195
7e28542fda40db288ad2613b49f17b1248f6f2ce,False,True,article-s-objective-preregistration,article-s-objective-implementation,3.0,0.9,2,20260604,2,0.6843738886384919,33.63049825232016,False,1.0083432972573392,ok,23.015834865790353,1.0213803829917334,0.007019118676967473,931cb15ae2ed11c5908f30bd42afde3a87bbd2481c91efb70af38a2251d64d16,,0.2779207232783861,0.29698591594674195
7e28542fda40db288ad2613b49f17b1248f6f2ce,False,True,article-s-objective-preregistration,article-s-objective-implementation,3.0,0.9,2,20260604,3,0.8733693723674769,29.092734024338515,False,0.3708283653034809,ok,25.40870285529047,1.343416986656712,0.006868152217505141,82ef62bd5cf98270cf3bf4afcf12ebb0f92064d039ce8d50aeadeb6d07759585,,0.2779207232783861,0.29698591594674195
7e28542fda40db288ad2613b49f17b1248f6f2ce,False,True,article-s-objective-preregistration,article-s-objective-implementation,3.0,0.9,2,20260604,4,0.892975824305166,28.71011901006165,False,0.3113987882049736,ok,25.63744218890922,1.3711005790778972,0.00693023961990713,4cd24575fd1abf333a432dc41d5cbf9d83ebc6f96a7482d88b9098f5459e6ca9,,0.2779207232783861,0.29698591594674195
7e28542fda40db288ad2613b49f17b1248f6f2ce,False,True,article-s-objective-preregistration,article-s-objective-implementation,3.0,0.9,2,20260604,5,0.8341006067715665,29.901345625920207,False,0.5132054223975488,ok,24.94073052986637,1.2677108016932714,0.006971337823530543,e95581335107918df4494bb75c7eef460c66d80dd64eda4003e882ca92c643dc,,0.2779207232783861,0.29698591594674195
7e28542fda40db288ad2613b49f17b1248f6f2ce,False,True,article-s-objective-preregistration,article-s-objective-implementation,3.0,0.9,3,20260605,1,0.9757154508614188,27.231196110440397,True,0.08318133318388768,ok,26.569898790394063,1.4872253270040843,0.006973760174874055,9c9f14833eda1e0dad4a9743ae7e6be0d3cd2d45f05749e805a3e3dd41572f83,0.2959802013516658,0.2779207232783861,0.29698591594674195
7e28542fda40db288ad2613b49f17b1248f6f2ce,False,True,article-s-objective-preregistration,article-s-objective-implementation,3.0,0.9,3,20260605,2,0.9603380161635924,27.490731514521745,True,0.10667212702382528,ok,26.400394565541763,1.47552491174107,0.006951861292097572,88dc2fbbf624e9dcdbfca0d2cd18554012ed4d2958ceff1862ec8d14363d04c7,0.2959802013516658,0.2779207232783861,0.29698591594674195
7e28542fda40db288ad2613b49f17b1248f6f2ce,False,True,article-s-objective-preregistration,article-s-objective-implementation,3.0,0.9,3,20260605,3,0.9065600194975205,28.452716968613416,True,0.2959802013516658,ok,25.79409564982361,1.3795955004657425,0.00694923104848888,f58a99a1f8ac157c49a552186ff3e1395819747c7a0462b098f28f2d74036af4,0.2959802013516658,0.2779207232783861,0.29698591594674195
7e28542fda40db288ad2613b49f17b1248f6f2ce,False,True,article-s-objective-preregistration,article-s-objective-implementation,3.0,0.9,3,20260605,4,0.9196257374885642,28.21082595512629,True,0.27399979284382575,ok,25.943401624144542,1.3908518732677226,0.0069811971014970275,7257dc3b8078faaee6377e7d7ba7c4e91f2dd42f254c1c43affef925213ae42a,0.2959802013516658,0.2779207232783861,0.29698591594674195
7e28542fda40db288ad2613b49f17b1248f6f2ce,False,True,article-s-objective-preregistration,article-s-objective-implementation,3.0,0.9,3,20260605,5,0.7850511007118641,30.99964067190643,False,0.6196307353794402,ok,24.336302031152414,1.2176012767437978,0.006902796745641204,e37b4c57fb16d3938d07318bc7d13e59c019e197f3760fb0e90d8b86cd29a1b4,0.2959802013516658,0.2779207232783861,0.29698591594674195
7e28542fda40db288ad2613b49f17b1248f6f2ce,False,True,article-s-objective-preregistration,article-s-objective-implementation,3.0,0.9,4,20260606,1,0.889780495655351,28.771566445546927,False,0.3113987882049736,ok,25.60037865269961,1.3711005790778972,0.00693023961990713,4cd24575fd1abf333a432dc41d5cbf9d83ebc6f96a7482d88b9098f5459e6ca9,0.11248195020762473,0.2779207232783861,0.29698591594674195
7e28542fda40db288ad2613b49f17b1248f6f2ce,False,True,article-s-objective-preregistration,article-s-objective-implementation,3.0,0.9,4,20260606,2,0.9551249735267304,27.58021652482083,True,0.11248195020762473,ok,26.34255357813099,1.4726120714619246,0.006940262910731132,a5140bd3e745b1aedc8ca7629b172de6bc9c5008da4954f32115e9e712b82330,0.11248195020762473,0.2779207232783861,0.29698591594674195
7e28542fda40db288ad2613b49f17b1248f6f2ce,False,True,article-s-objective-preregistration,article-s-objective-implementation,3.0,0.9,4,20260606,3,0.9820595947483725,27.126003926862104,True,0.06558849521157664,ok,26.639352423556957,1.4956817896873957,0.006975025245653743,1a2ca5d9438459e8cd175fd6723cb141760890cf9bb05f103a44e9f532577fec,0.11248195020762473,0.2779207232783861,0.29698591594674195
7e28542fda40db288ad2613b49f17b1248f6f2ce,False,True,article-s-objective-preregistration,article-s-objective-implementation,3.0,0.9,4,20260606,4,0.738527306080459,32.14566482886962,False,0.8383456808689057,ok,23.74045124823044,1.1068309846462847,0.006943202989345476,fcb4368d9927cf2f0188c6db93e2d1653926aabd5b987288c6403c51894b22cd,0.11248195020762473,0.2779207232783861,0.29698591594674195
7e28542fda40db288ad2613b49f17b1248f6f2ce,False,True,article-s-objective-preregistration,article-s-objective-implementation,3.0,0.9,4,20260606,5,0.8214111288011274,30.17558168754086,False,0.5657706754373493,ok,24.786558616193567,1.2439162395855445,0.00690877858494332,b5887b1d896a54df801e05c51adef740aa606b9a68bf8f07fc7c1aa4546a5142,0.11248195020762473,0.2779207232783861,0.29698591594674195
7e28542fda40db288ad2613b49f17b1248f6f2ce,False,True,article-s-objective-preregistration,article-s-objective-implementation,3.0,0.9,5,20260607,1,0.9050374349568451,28.481263883599503,True,0.29799163054181815,ok,25.776610009541926,1.3783098904934166,0.006942463906315144,a664497db9a00dc9834fe2b3e262142f467d71915c44cbfcf9f5fbde371b7bf7,0.30666778260464495,0.2779207232783861,0.29698591594674195
7e28542fda40db288ad2613b49f17b1248f6f2ce,False,True,article-s-objective-preregistration,article-s-objective-implementation,3.0,0.9,5,20260607,2,0.6972348854584217,33.26163077161377,False,0.9453941002149874,ok,23.19116932120644,1.0548459577597245,0.006918559728273266,4419476221a9786f33c1e3a2ab5d0c87d25f2278226575dcfa74ca8ea894315e,0.30666778260464495,0.2779207232783861,0.29698591594674195
7e28542fda40db288ad2613b49f17b1248f6f2ce,False,True,article-s-objective-preregistration,article-s-objective-implementation,3.0,0.9,5,20260607,3,0.8957140155788856,28.657738102549246,True,0.30666778260464495,ok,25.66913767324242,1.3733107712488657,0.0069176744961039205,c1623fa126f9e4941324d890ddfd530e0f29a3f53bb313d0b4b1c04596952305,0.30666778260464495,0.2779207232783861,0.29698591594674195
7e28542fda40db288ad2613b49f17b1248f6f2ce,False,True,article-s-objective-preregistration,article-s-objective-implementation,3.0,0.9,5,20260607,4,0.9266445895628699,28.08311466061812,True,0.22918329382578084,ok,26.02306625833549,1.4144397322365037,0.006960828591028534,55da22ef7cd83df39e6cfeaa62eb629e16458feb52625d1ba5cda63b1581e1b4,0.30666778260464495,0.2779207232783861,0.29698591594674195
7e28542fda40db288ad2613b49f17b1248f6f2ce,False,True,article-s-objective-preregistration,article-s-objective-implementation,3.0,0.9,5,20260607,5,0.6876971605706926,33.53415483551886,False,0.986206067577325,ok,23.061343062524283,1.03330693479628,0.0069634044577724374,e0f568f59846e9420939cd8864631699896e63afc0de76409bdd90b606c28fe8,0.30666778260464495,0.2779207232783861,0.29698591594674195
7e28542fda40db288ad2613b49f17b1248f6f2ce,False,True,article-s-objective-preregistration,article-s-objective-implementation,3.0,0.9,6,20260608,1,0.7818684615019541,31.0746227929315,False,0.6519819920890705,ok,24.296267514862908,1.2026168468380432,0.006857770363104532,2c5942fac027a10fe17af7f22dde96f6f62e842f40051c1e615f3f6f99581c55,0.2779207232783861,0.2779207232783861,0.29698591594674195
7e28542fda40db288ad2613b49f17b1248f6f2ce,False,True,article-s-objective-preregistration,article-s-objective-implementation,3.0,0.9,6,20260608,2,0.9175748620579983,28.248434071000165,True,0.2779207232783861,ok,25.920052996052437,1.3884516744229587,0.006967924557705452,fd13e5ea3303f37308cf4d775fea7e082b321d620d8b7380fe5494c3a855a191,0.2779207232783861,0.2779207232783861,0.29698591594674195
7e28542fda40db288ad2613b49f17b1248f6f2ce,False,True,article-s-objective-preregistration,article-s-objective-implementation,3.0,0.9,6,20260608,3,0.6737657282879941,33.94296799032059,False,1.057866418389383,ok,22.869608548254423,0.993567786764998,0.007084382408992784,fd76442f0346024eff75e8b5cdf617758e8b7c41b0d43af2403eef1fb4a0e953,0.2779207232783861,0.2779207232783861,0.29698591594674195
7e28542fda40db288ad2613b49f17b1248f6f2ce,False,True,article-s-objective-preregistration,article-s-objective-implementation,3.0,0.9,6,20260608,4,0.7579703693157974,31.653339295861773,False,0.7875079040923854,ok,23.99229327616259,1.1302399913380474,0.006992371360400096,af7a74fa9c651c37ba43a2ff93c1fea5200cfce534b3ec0f76556af8dd8cdf3d,0.2779207232783861,0.2779207232783861,0.29698591594674195
7e28542fda40db288ad2613b49f17b1248f6f2ce,False,True,article-s-objective-preregistration,article-s-objective-implementation,3.0,0.9,6,20260608,5,0.8400514877837464,29.774988545187956,False,0.4766219899264519,ok,25.01252342612915,1.2879851278565535,0.006925291698716141,75517c9643bce11673f9100232309e73ec8d7a505513ae1488544742431f419c,0.2779207232783861,0.2779207232783861,0.29698591594674195
7e28542fda40db288ad2613b49f17b1248f6f2ce,False,True,article-s-objective-preregistration,article-s-objective-implementation,3.0,0.9,7,20260609,1,0.9989370530361664,26.851336846170792,True,0.004249658834656491,ok,26.82279529919528,1.5235960021732473,0.007082175779870692,4d0a9ec78018f88daeb05f38b5560bc8ecaf3a16e0b6544d8d4d4a3782324985,0.15410844471410082,0.2779207232783861,0.29698591594674195
7e28542fda40db288ad2613b49f17b1248f6f2ce,False,True,article-s-objective-preregistration,article-s-objective-implementation,3.0,0.9,7,20260609,2,0.93316334845263,27.965866163925224,True,0.15410844471410082,ok,26.09672131190657,1.4507447812843102,0.006971041756131946,9d716d43c644f33fcdcc917e2292a8694529ee7e530f34d937938e5f579fcb79,0.15410844471410082,0.2779207232783861,0.29698591594674195
7e28542fda40db288ad2613b49f17b1248f6f2ce,False,True,article-s-objective-preregistration,article-s-objective-implementation,3.0,0.9,7,20260609,3,0.6831951227825679,33.66484641850888,False,1.0483575449653988,ok,22.999658882349465,0.9985670571125947,0.007100876248391508,d685252755708c48b6741d6594010f82ea0e108735609295241925f05433e661,0.15410844471410082,0.2779207232783861,0.29698591594674195
7e28542fda40db288ad2613b49f17b1248f6f2ce,False,True,article-s-objective-preregistration,article-s-objective-implementation,3.0,0.9,7,20260609,4,0.9612469845861281,27.47520732653906,True,0.10667212702382528,ok,26.410460193514368,1.47552491174107,0.006951861292097572,88dc2fbbf624e9dcdbfca0d2cd18554012ed4d2958ceff1862ec8d14363d04c7,0.15410844471410082,0.2779207232783861,0.29698591594674195
7e28542fda40db288ad2613b49f17b1248f6f2ce,False,True,article-s-objective-preregistration,article-s-objective-implementation,3.0,0.9,7,20260609,5,0.9502528230192913,27.66455252176991,True,0.11962926385552741,ok,26.28831913137731,1.468898727362852,0.006954584249548201,cf6ae933c8f153d85c018df08c1c5406f2fc47da1aefeff6bb83dcdc9a9ca51a,0.15410844471410082,0.2779207232783861,0.29698591594674195
7e28542fda40db288ad2613b49f17b1248f6f2ce,False,True,article-s-objective-preregistration,article-s-objective-implementation,3.0,0.9,8,20260610,1,0.7893362145372032,30.899434186890954,False,0.6100135528904227,ok,24.39004241242195,1.2225233552798338,0.0068937375569624315,48063c78d22fdfe9d8d08e0c1cf48c4af218f822651b1cd5dbe072c0a410bfba,0.10667212702382528,0.2779207232783861,0.29698591594674195
7e28542fda40db288ad2613b49f17b1248f6f2ce,False,True,article-s-objective-preregistration,article-s-objective-implementation,3.0,0.9,8,20260610,2,0.7705837672218474,31.34438944398346,False,0.6939178202782956,ok,24.153477699013482,1.181650178359626,0.006850338414861934,f97da56d9f0426d4e41b3b40b0a38583dd33d9becc94c55c6185cae08d122e3c,0.10667212702382528,0.2779207232783861,0.29698591594674195
7e28542fda40db288ad2613b49f17b1248f6f2ce,False,True,article-s-objective-preregistration,article-s-objective-implementation,3.0,0.9,8,20260610,3,0.8885372265874607,28.795569244629867,False,0.31591215385282806,ok,25.585935234630604,1.3687386935515158,0.0069211278815721755,85a73e9b4352ff5edfedb6c20a81b7206fb682ba8a4ca8719790123a4e6c910a,0.10667212702382528,0.2779207232783861,0.29698591594674195
7e28542fda40db288ad2613b49f17b1248f6f2ce,False,True,article-s-objective-preregistration,article-s-objective-implementation,3.0,0.9,8,20260610,4,0.672678828422378,33.975415503871815,False,1.057866418389383,ok,22.85454269630799,0.993567786764998,0.007084382408992784,fd76442f0346024eff75e8b5cdf617758e8b7c41b0d43af2403eef1fb4a0e953,0.10667212702382528,0.2779207232783861,0.29698591594674195
7e28542fda40db288ad2613b49f17b1248f6f2ce,False,True,article-s-objective-preregistration,article-s-objective-implementation,3.0,0.9,8,20260610,5,0.962123739623057,27.460255342716614,True,0.10667212702382528,ok,26.42016356133854,1.47552491174107,0.006951861292097572,88dc2fbbf624e9dcdbfca0d2cd18554012ed4d2958ceff1862ec8d14363d04c7,0.10667212702382528,0.2779207232783861,0.29698591594674195
7e28542fda40db288ad2613b49f17b1248f6f2ce,False,True,article-s-objective-preregistration,article-s-objective-implementation,3.0,0.9,9,20260611,1,0.6869119651360682,33.556852602203946,False,0.986206067577325,ok,23.050603564761296,1.03330693479628,0.0069634044577724374,e0f568f59846e9420939cd8864631699896e63afc0de76409bdd90b606c28fe8,0.10049943497659643,0.2779207232783861,0.29698591594674195
7e28542fda40db288ad2613b49f17b1248f6f2ce,False,True,article-s-objective-preregistration,article-s-objective-implementation,3.0,0.9,9,20260611,2,0.9636370512645941,27.4344984222968,True,0.10049943497659643,ok,26.43689916258525,1.4786370642137177,0.00693877560321754,4bbae9908e149fcb4a1b86815fbb3ff642601bfc0b4f457607c3cafd3f06a9dc,0.10049943497659643,0.2779207232783861,0.29698591594674195
7e28542fda40db288ad2613b49f17b1248f6f2ce,False,True,article-s-objective-preregistration,article-s-objective-implementation,3.0,0.9,9,20260611,3,0.7446180416616848,31.98927815863602,False,0.7995568580612089,ok,23.819793656654458,1.1241652418752732,0.00698671138989182,fd5949a87be535a761e1eeaebbf8f56e5ccc45b87b9e150cfcd638bf787999e8,0.10049943497659643,0.2779207232783861,0.29698591594674195
7e28542fda40db288ad2613b49f17b1248f6f2ce,False,True,article-s-objective-preregistration,article-s-objective-implementation,3.0,0.9,9,20260611,4,0.7862733105327742,30.970972267993716,False,0.6159664198605536,ok,24.35164889557416,1.219524805613455,0.006909371480980031,2bb6af280886fb02a885d2a51be173274e4c89ad93f1a6adb14bc12110d3ad7f,0.10049943497659643,0.2779207232783861,0.29698591594674195
7e28542fda40db288ad2613b49f17b1248f6f2ce,False,True,article-s-objective-preregistration,article-s-objective-implementation,3.0,0.9,9,20260611,5,0.7814235478872582,31.08514296666068,False,0.6519819920890705,ok,24.29066270359064,1.2026168468380432,0.006857770363104532,2c5942fac027a10fe17af7f22dde96f6f62e842f40051c1e615f3f6f99581c55,0.10049943497659643,0.2779207232783861,0.29698591594674195
7e28542fda40db288ad2613b49f17b1248f6f2ce,False,True,article-s-objective-preregistration,article-s-objective-implementation,3.0,0.9,10,20260612,1,0.7690703471566849,31.38103956604931,False,0.6939178202782956,ok,24.134226993199206,1.181650178359626,0.006850338414861934,f97da56d9f0426d4e41b3b40b0a38583dd33d9becc94c55c6185cae08d122e3c,0.06558849521157664,0.2779207232783861,0.29698591594674195
7e28542fda40db288ad2613b49f17b1248f6f2ce,False,True,article-s-objective-preregistration,article-s-objective-implementation,3.0,0.9,10,20260612,2,0.7890968217002555,30.905009823583843,False,0.6100135528904227,ok,24.387045026405186,1.2225233552798338,0.0068937375569624315,48063c78d22fdfe9d8d08e0c1cf48c4af218f822651b1cd5dbe072c0a410bfba,0.06558849521157664,0.2779207232783861,0.29698591594674195
7e28542fda40db288ad2613b49f17b1248f6f2ce,False,True,article-s-objective-preregistration,article-s-objective-implementation,3.0,0.9,10,20260612,3,0.7438275555347774,32.009461716235755,False,0.8127220796291615,ok,23.809519662371684,1.1183195264041073,0.006969174653644661,ae21d02276236de3b89a2d0f02594fa9bb79ed8ffd02b717bd1e001d0acdc9a9,0.06558849521157664,0.2779207232783861,0.29698591594674195
7e28542fda40db288ad2613b49f17b1248f6f2ce,False,True,article-s-objective-preregistration,article-s-objective-implementation,3.0,0.9,10,20260612,4,0.9822684874887804,27.12255862272867,True,0.06558849521157664,ok,26.641634635173467,1.4956817896873957,0.006975025245653743,1a2ca5d9438459e8cd175fd6723cb141760890cf9bb05f103a44e9f532577fec,0.06558849521157664,0.2779207232783861,0.29698591594674195
7e28542fda40db288ad2613b49f17b1248f6f2ce,False,True,article-s-objective-preregistration,article-s-objective-implementation,3.0,0.9,10,20260612,5,0.8414417658554685,29.74567110097012,False,0.46610496238023114,ok,25.029250017756276,1.2939116705714115,0.006906551715808451,ce7b9165a9fd5c51b2a1d7c6625c64d6095fad107e4cf3227929e78fe63a413d,0.06558849521157664,0.2779207232783861,0.29698591594674195
7e28542fda40db288ad2613b49f17b1248f6f2ce,False,True,article-s-objective-preregistration,article-s-objective-implementation,3.0,0.9,11,20260613,1,0.7427556584225101,32.0368841927984,False,0.8199687169554264,ok,23.795577012427678,1.1150607684751057,0.00695950090821551,ba810dff549492ced2c9c06307167020f70edf651da3bac5ce7ca16c5d38575f,0.06692048872626921,0.2779207232783861,0.29698591594674195
7e28542fda40db288ad2613b49f17b1248f6f2ce,False,True,article-s-objective-preregistration,article-s-objective-implementation,3.0,0.9,11,20260613,2,0.980411940131935,27.153219806408615,True,0.06692048872626921,ok,26.621340911229954,1.4946465000865088,0.00696736222318961,0f4f783754d17acf17f536cff7ac2c07fdb214f90fa5b22a6188c9dfd6cbc3bf,0.06692048872626921,0.2779207232783861,0.29698591594674195
7e28542fda40db288ad2613b49f17b1248f6f2ce,False,True,article-s-objective-preregistration,article-s-objective-implementation,3.0,0.9,11,20260613,3,0.7574008404171024,31.667479010629673,False,0.7875079040923854,ok,23.984975216541866,1.1302399913380474,0.006992371360400096,af7a74fa9c651c37ba43a2ff93c1fea5200cfce534b3ec0f76556af8dd8cdf3d,0.06692048872626921,0.2779207232783861,0.29698591594674195
7e28542fda40db288ad2613b49f17b1248f6f2ce,False,True,article-s-objective-preregistration,article-s-objective-implementation,3.0,0.9,11,20260613,4,0.984834973149787,27.08032383723585,True,0.05101779617127445,ok,26.669649999131703,1.503018242261784,0.007007144167149537,9dc09fad78025021674d5d499f24ebc7ef4c65a1b91607600f821c7c803d951d,0.06692048872626921,0.2779207232783861,0.29698591594674195
7e28542fda40db288ad2613b49f17b1248f6f2ce,False,True,article-s-objective-preregistration,article-s-objective-implementation,3.0,0.9,11,20260613,5,0.854426356595353,29.475493562337746,False,0.42081942896012964,ok,25.184638573318026,1.318173337991154,0.00683320386526276,b100d2d99fd8b9d9519902423b47ee0458eab9e54dccf0890d3202245ca761bc,0.06692048872626921,0.2779207232783861,0.29698591594674195
7e28542fda40db288ad2613b49f17b1248f6f2ce,False,True,article-s-objective-preregistration,article-s-objective-implementation,3.0,0.9,12,20260614,1,0.923508230221553,28.139992404518477,True,0.26617105106312905,ok,25.987514583944805,1.3944906135178992,0.006994204483384614,1c56224a204b137270dca15cee04f87cc562b95031996dc11b5c35eb13607cc5,0.30666778260464495,0.2779207232783861,0.29698591594674195
7e28542fda40db288ad2613b49f17b1248f6f2ce,False,True,article-s-objective-preregistration,article-s-objective-implementation,3.0,0.9,12,20260614,2,0.731905599463951,32.31798773361027,False,0.8542925203613579,ok,23.65371618563664,1.0994625089042815,0.006939561808534389,48397dda218fedfc1fe1492ba61f9c1ec0e59a0c0991a700648c03c7185999f2,0.30666778260464495,0.2779207232783861,0.29698591594674195
7e28542fda40db288ad2613b49f17b1248f6f2ce,False,True,article-s-objective-preregistration,article-s-objective-implementation,3.0,0.9,12,20260614,3,0.8950306680548094,28.67078666714611,True,0.30666778260464495,ok,25.661233344352706,1.3733107712488657,0.0069176744961039205,c1623fa126f9e4941324d890ddfd530e0f29a3f53bb313d0b4b1c04596952305,0.30666778260464495,0.2779207232783861,0.29698591594674195
7e28542fda40db288ad2613b49f17b1248f6f2ce,False,True,article-s-objective-preregistration,article-s-objective-implementation,3.0,0.9,12,20260614,4,0.6704239213381789,34.04299251741517,False,1.0789996261171508,ok,22.82323653761176,0.983849672337868,0.007056226457975878,13014e7420fa412cf9eed8978227b44eff47a73974aea7fef92edd7259b77216,0.30666778260464495,0.2779207232783861,0.29698591594674195
7e28542fda40db288ad2613b49f17b1248f6f2ce,False,True,article-s-objective-preregistration,article-s-objective-implementation,3.0,0.9,12,20260614,5,0.6998142314838284,33.18892569290281,False,0.928733443789618,ok,23.226082527552663,1.0632787675391724,0.006913490883698525,905d5a4ee8e3ad4dd56891578240b90eef61ab037838bb11eb5e49c2b6fa49b8,0.30666778260464495,0.2779207232783861,0.29698591594674195
7e28542fda40db288ad2613b49f17b1248f6f2ce,False,True,article-s-objective-preregistration,article-s-objective-implementation,3.0,0.9,13,20260615,1,0.9838693426522647,27.09619399367779,True,0.054512842491181344,ok,26.65911457293801,1.5010953345458076,0.006997900809235791,cd483c90932649334740dc67db6b487ce093b242b13ceddc4ece8cd7950e5a2e,0.054512842491181344,0.2779207232783861,0.29698591594674195
7e28542fda40db288ad2613b49f17b1248f6f2ce,False,True,article-s-objective-preregistration,article-s-objective-implementation,3.0,0.9,13,20260615,2,0.7773279050260761,31.182429192079955,False,0.6761679802127559,ok,24.238972357503467,1.190724704427608,0.006848333970759679,133260a10dbb381a9102acc86ce7699408f4bbbc47507aaf0b176a88b1bb1ca1,0.054512842491181344,0.2779207232783861,0.29698591594674195
7e28542fda40db288ad2613b49f17b1248f6f2ce,False,True,article-s-objective-preregistration,article-s-objective-implementation,3.0,0.9,13,20260615,3,0.8847058136777343,28.86987392177075,False,0.3174003202067077,ok,25.541345298733795,1.3676127354952612,0.006914242103292612,e1b93bd51cd7b8f733bd35619e4143b0345377f3ef2f09937f1c2e39584ec63f,0.054512842491181344,0.2779207232783861,0.29698591594674195
7e28542fda40db288ad2613b49f17b1248f6f2ce,False,True,article-s-objective-preregistration,article-s-objective-implementation,3.0,0.9,13,20260615,4,0.7448040088403896,31.984534707667123,False,0.7995568580612089,ok,23.82220967116505,1.1241652418752732,0.00698671138989182,fd5949a87be535a761e1eeaebbf8f56e5ccc45b87b9e150cfcd638bf787999e8,0.054512842491181344,0.2779207232783861,0.29698591594674195
7e28542fda40db288ad2613b49f17b1248f6f2ce,False,True,article-s-objective-preregistration,article-s-objective-implementation,3.0,0.9,13,20260615,5,0.8132670501067341,30.355120865902816,False,0.5825165504317049,ok,24.686819602246153,1.235775524667713,0.006881156203724981,05b4cc6aefce595508619bc91e75118f26e6313837fb164a847462697f2ed6c3,0.054512842491181344,0.2779207232783861,0.29698591594674195
7e28542fda40db288ad2613b49f17b1248f6f2ce,False,True,article-s-objective-preregistration,article-s-objective-implementation,3.0,0.9,14,20260616,1,0.6790400418245366,33.78666080147341,False,1.057866418389383,ok,22.942495563743936,0.993567786764998,0.007084382408992784,fd76442f0346024eff75e8b5cdf617758e8b7c41b0d43af2403eef1fb4a0e953,0.22918329382578084,0.2779207232783861,0.29698591594674195
7e28542fda40db288ad2613b49f17b1248f6f2ce,False,True,article-s-objective-preregistration,article-s-objective-implementation,3.0,0.9,14,20260616,2,0.9260805558209197,28.09332090916386,True,0.22918329382578084,ok,26.016678242413935,1.4144397322365037,0.006960828591028534,55da22ef7cd83df39e6cfeaa62eb629e16458feb52625d1ba5cda63b1581e1b4,0.22918329382578084,0.2779207232783861,0.29698591594674195
7e28542fda40db288ad2613b49f17b1248f6f2ce,False,True,article-s-objective-preregistration,article-s-objective-implementation,3.0,0.9,14,20260616,3,0.9353688759260319,27.9264898826963,True,0.150066902451643,ok,26.12156945013734,1.4529577047583657,0.006980265780967443,be519d22670f37de0cfb65db8e7e2ec9daae5418285b3c2895718a0409ee208c,0.22918329382578084,0.2779207232783861,0.29698591594674195
7e28542fda40db288ad2613b49f17b1248f6f2ce,False,True,article-s-objective-preregistration,article-s-objective-implementation,3.0,0.9,14,20260616,4,0.6760345926974016,33.875496524719345,False,1.057866418389383,ok,22.901007495510886,0.993567786764998,0.007084382408992784,fd76442f0346024eff75e8b5cdf617758e8b7c41b0d43af2403eef1fb4a0e953,0.22918329382578084,0.2779207232783861,0.29698591594674195
7e28542fda40db288ad2613b49f17b1248f6f2ce,False,True,article-s-objective-preregistration,article-s-objective-implementation,3.0,0.9,14,20260616,5,0.9552377255952491,27.57827288109115,True,0.11248195020762473,ok,26.343806662778647,1.4726120714619246,0.006940262910731132,a5140bd3e745b1aedc8ca7629b172de6bc9c5008da4954f32115e9e712b82330,0.22918329382578084,0.2779207232783861,0.29698591594674195
7e28542fda40db288ad2613b49f17b1248f6f2ce,False,True,article-s-objective-preregistration,article-s-objective-implementation,3.0,0.9,15,20260617,1,0.7280856097246682,32.418510825928486,False,0.8542925203613579,ok,23.6034512210619,1.0994625089042815,0.006939561808534389,48397dda218fedfc1fe1492ba61f9c1ec0e59a0c0991a700648c03c7185999f2,,0.2779207232783861,0.29698591594674195
7e28542fda40db288ad2613b49f17b1248f6f2ce,False,True,article-s-objective-preregistration,article-s-objective-implementation,3.0,0.9,15,20260617,2,0.7769209519624646,31.192139669803073,False,0.6761679802127559,ok,24.23382684600956,1.190724704427608,0.006848333970759679,133260a10dbb381a9102acc86ce7699408f4bbbc47507aaf0b176a88b1bb1ca1,,0.2779207232783861,0.29698591594674195
7e28542fda40db288ad2613b49f17b1248f6f2ce,False,True,article-s-objective-preregistration,article-s-objective-implementation,3.0,0.9,15,20260617,3,0.888266081690241,28.800811065691605,False,0.31591215385282806,ok,25.582783594822818,1.3687386935515158,0.0069211278815721755,85a73e9b4352ff5edfedb6c20a81b7206fb682ba8a4ca8719790123a4e6c910a,,0.2779207232783861,0.29698591594674195
7e28542fda40db288ad2613b49f17b1248f6f2ce,False,True,article-s-objective-preregistration,article-s-objective-implementation,3.0,0.9,15,20260617,4,0.6862226491969845,33.57681207890759,False,0.9977406530525132,ok,23.04116893637727,1.0272878444987108,0.006997102670729394,d463d8caa71884ef9cef65df24f0682eea34431d8757b61ebc387455a75489c5,,0.2779207232783861,0.29698591594674195
7e28542fda40db288ad2613b49f17b1248f6f2ce,False,True,article-s-objective-preregistration,article-s-objective-implementation,3.0,0.9,15,20260617,5,0.7463375658867182,31.94548885719401,False,0.7995568580612089,ok,23.842118394739458,1.1241652418752732,0.00698671138989182,fd5949a87be535a761e1eeaebbf8f56e5ccc45b87b9e150cfcd638bf787999e8,,0.2779207232783861,0.29698591594674195
7e28542fda40db288ad2613b49f17b1248f6f2ce,False,True,article-s-objective-preregistration,article-s-objective-implementation,3.0,0.9,16,20260618,1,0.7250030315868001,32.50023129416483,False,0.865258842214154,ok,23.562766215541693,1.0938201274235815,0.006920986184367983,9cdf9c361ddaa1a546b766259fd9a6d1a48aa115126b0e64196a38162ddaa21b,0.2888208015308885,0.2779207232783861,0.29698591594674195
7e28542fda40db288ad2613b49f17b1248f6f2ce,False,True,article-s-objective-preregistration,article-s-objective-implementation,3.0,0.9,16,20260618,2,0.916417823835948,28.269710074430105,True,0.2779207232783861,ok,25.906866186882414,1.3884516744229587,0.006967924557705452,fd13e5ea3303f37308cf4d775fea7e082b321d620d8b7380fe5494c3a855a191,0.2888208015308885,0.2779207232783861,0.29698591594674195
7e28542fda40db288ad2613b49f17b1248f6f2ce,False,True,article-s-objective-preregistration,article-s-objective-implementation,3.0,0.9,16,20260618,3,0.6871044713417495,33.55128405973844,False,0.986206067577325,ok,23.053237296703447,1.03330693479628,0.0069634044577724374,e0f568f59846e9420939cd8864631699896e63afc0de76409bdd90b606c28fe8,0.2888208015308885,0.2779207232783861,0.29698591594674195
7e28542fda40db288ad2613b49f17b1248f6f2ce,False,True,article-s-objective-preregistration,article-s-objective-implementation,3.0,0.9,16,20260618,4,0.6775984436433343,33.829195397663085,False,1.057866418389383,ok,22.922610151162754,0.993567786764998,0.007084382408992784,fd76442f0346024eff75e8b5cdf617758e8b7c41b0d43af2403eef1fb4a0e953,0.2888208015308885,0.2779207232783861,0.29698591594674195
7e28542fda40db288ad2613b49f17b1248f6f2ce,False,True,article-s-objective-preregistration,article-s-objective-implementation,3.0,0.9,16,20260618,5,0.910618932008679,28.37698535846428,True,0.2888208015308885,ok,25.840620100750666,1.3834234688146059,0.00696653427891647,6e53eea8ed015b90c44183e4adae92ae85a509f40eaa981fa476abea917e3169,0.2888208015308885,0.2779207232783861,0.29698591594674195
7e28542fda40db288ad2613b49f17b1248f6f2ce,False,True,article-s-objective-preregistration,article-s-objective-implementation,3.0,0.9,17,20260619,1,0.8494865921820429,29.577511353373573,False,0.43189480263979735,ok,25.125699324803,1.3125902005379577,0.0068609495724851755,38f5ccd004d5bb64ba9fe3e8c74e4b2f9416d4b6d75a78715ef767121b5df3d6,0.29799163054181815,0.2779207232783861,0.29698591594674195
7e28542fda40db288ad2613b49f17b1248f6f2ce,False,True,article-s-objective-preregistration,article-s-objective-implementation,3.0,0.9,17,20260619,2,0.98310661101879,27.108746991181526,True,0.06357737702656545,ok,26.650788383466292,1.4969687333162005,0.006982693422369568,702b5d7d284d15ecbaa9847e80f8d7c48a183fb4c3625dbac6a22799618aaf6d,0.29799163054181815,0.2779207232783861,0.29698591594674195
7e28542fda40db288ad2613b49f17b1248f6f2ce,False,True,article-s-objective-preregistration,article-s-objective-implementation,3.0,0.9,17,20260619,3,0.8189226050855687,30.230144309370502,False,0.5763745767141266,ok,24.756148529942372,1.238718026667564,0.006890846791387961,aea215b2e4f67ab182c266316e8d394d1743bebdc7baad9030ab2a2121eca7af,0.29799163054181815,0.2779207232783861,0.29698591594674195
7e28542fda40db288ad2613b49f17b1248f6f2ce,False,True,article-s-objective-preregistration,article-s-objective-implementation,3.0,0.9,17,20260619,4,0.904562014607161,28.490193086635745,True,0.29799163054181815,ok,25.77114645499424,1.3783098904934166,0.006942463906315144,a664497db9a00dc9834fe2b3e262142f467d71915c44cbfcf9f5fbde371b7bf7,0.29799163054181815,0.2779207232783861,0.29698591594674195
7e28542fda40db288ad2613b49f17b1248f6f2ce,False,True,article-s-objective-preregistration,article-s-objective-implementation,3.0,0.9,17,20260619,5,0.9187962478036951,28.226020808033606,True,0.27447804819769145,ok,25.933962008850298,1.3903482888685845,0.0069763293011764205,39681627028a946901bd2e8871b41e4bfff3e8613ef90feff208cf72b914a9a8,0.29799163054181815,0.2779207232783861,0.29698591594674195
7e28542fda40db288ad2613b49f17b1248f6f2ce,False,True,article-s-objective-preregistration,article-s-objective-implementation,3.0,0.9,18,20260620,1,0.9959397392402256,26.899575524343778,True,0.004249658834656491,ok,26.790356233387698,1.5235960021732473,0.007082175779870692,4d0a9ec78018f88daeb05f38b5560bc8ecaf3a16e0b6544d8d4d4a3782324985,0.2573832652484837,0.2779207232783861,0.29698591594674195
7e28542fda40db288ad2613b49f17b1248f6f2ce,False,True,article-s-objective-preregistration,article-s-objective-implementation,3.0,0.9,18,20260620,2,0.8315403422298966,29.95614591086974,False,0.5154048071944861,ok,24.90974382261334,1.2662867782335223,0.006964687135226022,123ed455d56fa2e29c9f793576907c920192774d535e003501edab2a65419a64,0.2573832652484837,0.2779207232783861,0.29698591594674195
7e28542fda40db288ad2613b49f17b1248f6f2ce,False,True,article-s-objective-preregistration,article-s-objective-implementation,3.0,0.9,18,20260620,3,0.7570596519511532,31.675957681305263,False,0.7875079040923854,ok,23.980589497428422,1.1302399913380474,0.006992371360400096,af7a74fa9c651c37ba43a2ff93c1fea5200cfce534b3ec0f76556af8dd8cdf3d,0.2573832652484837,0.2779207232783861,0.29698591594674195
7e28542fda40db288ad2613b49f17b1248f6f2ce,False,True,article-s-objective-preregistration,article-s-objective-implementation,3.0,0.9,18,20260620,4,0.9247042209744609,28.118267162058864,True,0.2573832652484837,ok,26.001080331243408,1.399493464508351,0.00697959718650587,f26bde2c0558af97b75156575efa6730d5d16f382544fdb68b4563f75bf36c33,0.2573832652484837,0.2779207232783861,0.29698591594674195
7e28542fda40db288ad2613b49f17b1248f6f2ce,False,True,article-s-objective-preregistration,article-s-objective-implementation,3.0,0.9,18,20260620,5,0.942442963234837,27.801178603708745,True,0.1324993164479456,ok,26.201025144700218,1.4621087872438563,0.006959760916155577,aa913ce450bc0efa3ecb94df34faceee8860229fe69afcaf873921374f6638b3,0.2573832652484837,0.2779207232783861,0.29698591594674195
7e28542fda40db288ad2613b49f17b1248f6f2ce,False,True,article-s-objective-preregistration,article-s-objective-implementation,3.0,0.9,19,20260621,1,0.8250106208528465,30.097118435587255,False,0.5582910288393562,ok,24.830442366425494,1.2473629735030192,0.006919878957961867,e8ec29ac9b3420ef1104f64003b804ce1a6ef194411a665656fb768e60824c79,0.29503160250274624,0.2779207232783861,0.29698591594674195
7e28542fda40db288ad2613b49f17b1248f6f2ce,False,True,article-s-objective-preregistration,article-s-objective-implementation,3.0,0.9,19,20260621,2,0.8639671263943632,29.281060791300668,False,0.39538689528013393,ok,25.2978739496387,1.3313731710180345,0.006852409670733639,3bfa42de5cfc4d7f23430eb3f6d41bcf9a78a89d6011e894f0eab8d0d456b671,0.29503160250274624,0.2779207232783861,0.29698591594674195
7e28542fda40db288ad2613b49f17b1248f6f2ce,False,True,article-s-objective-preregistration,article-s-objective-implementation,3.0,0.9,19,20260621,3,0.7312916610046845,32.3340882114098,False,0.8542925203613579,ok,23.64564907519386,1.0994625089042815,0.006939561808534389,48397dda218fedfc1fe1492ba61f9c1ec0e59a0c0991a700648c03c7185999f2,0.29503160250274624,0.2779207232783861,0.29698591594674195
7e28542fda40db288ad2613b49f17b1248f6f2ce,False,True,article-s-objective-preregistration,article-s-objective-implementation,3.0,0.9,19,20260621,4,0.773792692435108,31.267051410474707,False,0.6825541972361302,ok,24.194215895418164,1.187685897968836,0.0068390869578411895,d559dd3560ff110c37d5c342f3a554f005e9a32d2608189578d400055c7af673,0.29503160250274624,0.2779207232783861,0.29698591594674195
7e28542fda40db288ad2613b49f17b1248f6f2ce,False,True,article-s-objective-preregistration,article-s-objective-implementation,3.0,0.9,19,20260621,5,0.9073689635912853,28.437580890747547,True,0.29503160250274624,ok,25.80337829988094,1.3803942441918495,0.006955331833487843,404d71b480c4c9a99fd7e0296fc6a206754068dd549e88b312321b402d57befb,0.29503160250274624,0.2779207232783861,0.29698591594674195
7e28542fda40db288ad2613b49f17b1248f6f2ce,False,True,article-s-objective-preregistration,article-s-objective-implementation,3.0,0.9,20,20260622,1,0.9764392898919323,27.2191393508217,True,0.08061953858300093,ok,26.577837099185892,1.4882091907839312,0.0069648174719469935,1f37702f984192d4d6b2510bf2caacb82f292e3ed6c87761d1ab4180bc06aea7,0.3032908742465825,0.2779207232783861,0.29698591594674195
7e28542fda40db288ad2613b49f17b1248f6f2ce,False,True,article-s-objective-preregistration,article-s-objective-implementation,3.0,0.9,20,20260622,2,0.8998834050831047,28.578462646617435,True,0.3032908742465825,ok,25.717284278478413,1.3756457962182007,0.006932392252205766,1624010473b45e1170601fdb833e4359284559d4dfd98e41043aa5c6f99fd719,0.3032908742465825,0.2779207232783861,0.29698591594674195
7e28542fda40db288ad2613b49f17b1248f6f2ce,False,True,article-s-objective-preregistration,article-s-objective-implementation,3.0,0.9,20,20260622,3,0.7107154893285988,32.88620050346795,False,0.883180478603862,ok,23.372732082980637,1.0850081082788567,0.006940267052929716,29a3651261af13690d16a2d59097417071488e840c53ef533130d1c2a870a492,0.3032908742465825,0.2779207232783861,0.29698591594674195
7e28542fda40db288ad2613b49f17b1248f6f2ce,False,True,article-s-objective-preregistration,article-s-objective-implementation,3.0,0.9,20,20260622,4,0.8024105434400164,30.598896300290487,False,0.5974793248522211,ok,24.552877008980797,1.228190565592324,0.006873236118020376,b268bdb56952c4575172774bb94280561501cb8f95b9931b58ad31c3c80531b0,0.3032908742465825,0.2779207232783861,0.29698591594674195
7e28542fda40db288ad2613b49f17b1248f6f2ce,False,True,article-s-objective-preregistration,article-s-objective-implementation,3.0,0.9,20,20260622,5,0.9946609409934883,26.92022670741958,True,0.004249658834656491,ok,26.776498028559995,1.5235960021732473,0.007082175779870692,4d0a9ec78018f88daeb05f38b5560bc8ecaf3a16e0b6544d8d4d4a3782324985,0.3032908742465825,0.2779207232783861,0.29698591594674195
7e28542fda40db288ad2613b49f17b1248f6f2ce,False,True,article-s-objective-preregistration,article-s-objective-implementation,3.0,0.9,21,20260623,1,0.868743511340596,29.184988287818754,False,0.3813534771524407,ok,25.354269203593834,1.3382417382198106,0.006849171536193577,b2da65a148ae73c9ef83e80ac4df30b164a2a8f0209c6c175d56fac9caf7f458,,0.2779207232783861,0.29698591594674195
7e28542fda40db288ad2613b49f17b1248f6f2ce,False,True,article-s-objective-preregistration,article-s-objective-implementation,3.0,0.9,21,20260623,2,0.7633681982761705,31.520147898306014,False,0.7221765054358436,ok,24.061478510528286,1.1668304460775207,0.006884738293712722,ea84acf0d46146a31e32f55a8b448a3cdab381c6cb82dc242bf8abe4ab7ebd60,,0.2779207232783861,0.29698591594674195
7e28542fda40db288ad2613b49f17b1248f6f2ce,False,True,article-s-objective-preregistration,article-s-objective-implementation,3.0,0.9,21,20260623,3,0.7935314001259803,30.80215379965565,False,0.6087820073646454,ok,24.44247623153653,1.2233574912639618,0.006898191022017386,b6182a4006d24576899b5aa012ee4f80fc08558c7d1cc2148fa8acd76a253585,,0.2779207232783861,0.29698591594674195
7e28542fda40db288ad2613b49f17b1248f6f2ce,False,True,article-s-objective-preregistration,article-s-objective-implementation,3.0,0.9,21,20260623,4,0.7998438411778105,30.65728812408923,False,0.5974793248522211,ok,24.521043093266403,1.228190565592324,0.006873236118020376,b268bdb56952c4575172774bb94280561501cb8f95b9931b58ad31c3c80531b0,,0.2779207232783861,0.29698591594674195
7e28542fda40db288ad2613b49f17b1248f6f2ce,False,True,article-s-objective-preregistration,article-s-objective-implementation,3.0,0.9,21,20260623,5,0.7561377642571622,31.698896896912434,False,0.7875079040923854,ok,23.968733029049663,1.1302399913380474,0.006992371360400096,af7a74fa9c651c37ba43a2ff93c1fea5200cfce534b3ec0f76556af8dd8cdf3d,,0.2779207232783861,0.29698591594674195
7e28542fda40db288ad2613b49f17b1248f6f2ce,False,True,article-s-objective-preregistration,article-s-objective-implementation,3.0,0.9,22,20260624,1,0.934281899441331,27.94587777704561,True,0.15410844471410082,ok,26.109327771093454,1.4507447812843102,0.006971041756131946,9d716d43c644f33fcdcc917e2292a8694529ee7e530f34d937938e5f579fcb79,0.3032908742465825,0.2779207232783861,0.29698591594674195
7e28542fda40db288ad2613b49f17b1248f6f2ce,False,True,article-s-objective-preregistration,article-s-objective-implementation,3.0,0.9,22,20260624,2,0.9736129504702754,27.266297420475503,True,0.09076034921945357,ok,26.546820279949213,1.483641739209504,0.00696007735902926,7bac5faab9ecae885c7957c0e60cc68571ca3a6f651765fdf2234fcc7ca38f3a,0.3032908742465825,0.2779207232783861,0.29698591594674195
7e28542fda40db288ad2613b49f17b1248f6f2ce,False,True,article-s-objective-preregistration,article-s-objective-implementation,3.0,0.9,22,20260624,3,0.7150894648708759,32.76676310509836,False,0.8742097831714051,ok,23.43116709437555,1.0894988887582413,0.006929383629139529,8819d7dd0460be5015c78db093268e486f204e0201ed750f38cc764a089054bf,0.3032908742465825,0.2779207232783861,0.29698591594674195
7e28542fda40db288ad2613b49f17b1248f6f2ce,False,True,article-s-objective-preregistration,article-s-objective-implementation,3.0,0.9,22,20260624,4,0.744899881318335,31.98209001882253,False,0.7995568580612089,ok,23.823455059333206,1.1241652418752732,0.00698671138989182,fd5949a87be535a761e1eeaebbf8f56e5ccc45b87b9e150cfcd638bf787999e8,0.3032908742465825,0.2779207232783861,0.29698591594674195
7e28542fda40db288ad2613b49f17b1248f6f2ce,False,True,article-s-objective-preregistration,article-s-objective-implementation,3.0,0.9,22,20260624,5,0.9000514680123219,28.575279318309967,True,0.3032908742465825,ok,25.71922209930703,1.3756457962182007,0.006932392252205766,1624010473b45e1170601fdb833e4359284559d4dfd98e41043aa5c6f99fd719,0.3032908742465825,0.2779207232783861,0.29698591594674195
7e28542fda40db288ad2613b49f17b1248f6f2ce,False,True,article-s-objective-preregistration,article-s-objective-implementation,3.0,0.9,23,20260625,1,0.792921123018682,30.816255059313033,False,0.6087820073646454,ok,24.43485956886063,1.2233574912639618,0.006898191022017386,b6182a4006d24576899b5aa012ee4f80fc08558c7d1cc2148fa8acd76a253585,0.29503160250274624,0.2779207232783861,0.29698591594674195
7e28542fda40db288ad2613b49f17b1248f6f2ce,False,True,article-s-objective-preregistration,article-s-objective-implementation,3.0,0.9,23,20260625,2,0.9078089103706775,28.429358037728075,True,0.29503160250274624,ok,25.808424542767785,1.3803942441918495,0.006955331833487843,404d71b480c4c9a99fd7e0296fc6a206754068dd549e88b312321b402d57befb,0.29503160250274624,0.2779207232783861,0.29698591594674195
7e28542fda40db288ad2613b49f17b1248f6f2ce,False,True,article-s-objective-preregistration,article-s-objective-implementation,3.0,0.9,23,20260625,3,0.8311611156098655,29.964285506351622,False,0.5154048071944861,ok,24.90514896991174,1.2662867782335223,0.006964687135226022,123ed455d56fa2e29c9f793576907c920192774d535e003501edab2a65419a64,0.29503160250274624,0.2779207232783861,0.29698591594674195
7e28542fda40db288ad2613b49f17b1248f6f2ce,False,True,article-s-objective-preregistration,article-s-objective-implementation,3.0,0.9,23,20260625,4,0.8640640394027687,29.279103159025986,False,0.39538689528013393,ok,25.29902014567836,1.3313731710180345,0.006852409670733639,3bfa42de5cfc4d7f23430eb3f6d41bcf9a78a89d6011e894f0eab8d0d456b671,0.29503160250274624,0.2779207232783861,0.29698591594674195
7e28542fda40db288ad2613b49f17b1248f6f2ce,False,True,article-s-objective-preregistration,article-s-objective-implementation,3.0,0.9,23,20260625,5,0.9818345313556947,27.129717238302444,True,0.06558849521157664,ok,26.63689321048119,1.4956817896873957,0.006975025245653743,1a2ca5d9438459e8cd175fd6723cb141760890cf9bb05f103a44e9f532577fec,0.29503160250274624,0.2779207232783861,0.29698591594674195
7e28542fda40db288ad2613b49f17b1248f6f2ce,False,True,article-s-objective-preregistration,article-s-objective-implementation,3.0,0.9,24,20260626,1,0.9693972884080206,27.337041608637712,True,0.09076034921945357,ok,26.500454008510633,1.483641739209504,0.00696007735902926,7bac5faab9ecae885c7957c0e60cc68571ca3a6f651765fdf2234fcc7ca38f3a,0.09076034921945357,0.2779207232783861,0.29698591594674195
7e28542fda40db288ad2613b49f17b1248f6f2ce,False,True,article-s-objective-preregistration,article-s-objective-implementation,3.0,0.9,24,20260626,2,0.6956661546473076,33.30605446981094,False,0.9453941002149874,ok,23.16989483948715,1.0548459577597245,0.006918559728273266,4419476221a9786f33c1e3a2ab5d0c87d25f2278226575dcfa74ca8ea894315e,0.09076034921945357,0.2779207232783861,0.29698591594674195
7e28542fda40db288ad2613b49f17b1248f6f2ce,False,True,article-s-objective-preregistration,article-s-objective-implementation,3.0,0.9,24,20260626,3,0.6723747257569479,33.98450855970584,False,1.0612385256806038,ok,22.85032462281686,0.9918475033949059,0.007079025310370746,a48d77fd15e54f7b0409b31daa478d866dda883effa638bc7f74818de198d068,0.09076034921945357,0.2779207232783861,0.29698591594674195
7e28542fda40db288ad2613b49f17b1248f6f2ce,False,True,article-s-objective-preregistration,article-s-objective-implementation,3.0,0.9,24,20260626,4,0.6825027037700687,33.68506590511279,False,1.0510890329716318,ok,22.990148556912438,0.9971144776325539,0.007096030905811457,a16dab1e9a8a260e860974b21db1e4cb819b5139fc7d3fbc437c46a1c8838c3a,0.09076034921945357,0.2779207232783861,0.29698591594674195
7e28542fda40db288ad2613b49f17b1248f6f2ce,False,True,article-s-objective-preregistration,article-s-objective-implementation,3.0,0.9,24,20260626,5,0.7787952904255702,31.147481345946698,False,0.6691215485877315,ok,24.257511780841586,1.1940237599916623,0.006858284652746516,5f86dbb4ebd7fe21660d80332ffb7442893c17bc413204edca8cce89ef86901c,0.09076034921945357,0.2779207232783861,0.29698591594674195
7e28542fda40db288ad2613b49f17b1248f6f2ce,False,True,article-s-objective-preregistration,article-s-objective-implementation,3.0,0.9,25,20260627,1,0.9343660899133217,27.94437483520215,True,0.15410844471410082,ok,26.11027624984006,1.4507447812843102,0.006971041756131946,9d716d43c644f33fcdcc917e2292a8694529ee7e530f34d937938e5f579fcb79,0.15410844471410082,0.2779207232783861,0.29698591594674195
7e28542fda40db288ad2613b49f17b1248f6f2ce,False,True,article-s-objective-preregistration,article-s-objective-implementation,3.0,0.9,25,20260627,2,0.7350172957892271,32.23670706469921,False,0.8448736303545699,ok,23.69453725184469,1.1037838625012872,0.006934108487168356,ba44890e0dce27fa88195a3cb7447936f1a19f1506d92d90c14f7995b55ccc03,0.15410844471410082,0.2779207232783861,0.29698591594674195
7e28542fda40db288ad2613b49f17b1248f6f2ce,False,True,article-s-objective-preregistration,article-s-objective-implementation,3.0,0.9,25,20260627,3,0.9494275519982184,27.67890569020501,True,0.11962926385552741,ok,26.2791156714409,1.468898727362852,0.006954584249548201,cf6ae933c8f153d85c018df08c1c5406f2fc47da1aefeff6bb83dcdc9a9ca51a,0.15410844471410082,0.2779207232783861,0.29698591594674195
7e28542fda40db288ad2613b49f17b1248f6f2ce,False,True,article-s-objective-preregistration,article-s-objective-implementation,3.0,0.9,25,20260627,4,0.775231345278391,31.23254148319932,False,0.6761679802127559,ok,24.212445150483763,1.190724704427608,0.006848333970759679,133260a10dbb381a9102acc86ce7699408f4bbbc47507aaf0b176a88b1bb1ca1,0.15410844471410082,0.2779207232783861,0.29698591594674195
7e28542fda40db288ad2613b49f17b1248f6f2ce,False,True,article-s-objective-preregistration,article-s-objective-implementation,3.0,0.9,25,20260627,5,0.9681487808412431,27.358086895648444,True,0.09076034921945357,ok,26.48669847417083,1.483641739209504,0.00696007735902926,7bac5faab9ecae885c7957c0e60cc68571ca3a6f651765fdf2234fcc7ca38f3a,0.15410844471410082,0.2779207232783861,0.29698591594674195
7e28542fda40db288ad2613b49f17b1248f6f2ce,False,True,article-s-objective-preregistration,article-s-objective-implementation,3.0,0.9,26,20260628,1,0.7061003791164151,33.01347154297598,False,0.8977393742742267,ok,23.31082477244432,1.0784528321780418,0.0069315813381654046,3dc407b7690a1955603a28453dd180c62d2ad60c24a1adbd5e1baab749f03ca4,0.134052528739627,0.2779207232783861,0.29698591594674195
7e28542fda40db288ad2613b49f17b1248f6f2ce,False,True,article-s-objective-preregistration,article-s-objective-implementation,3.0,0.9,26,20260628,2,0.8849031605668767,28.866034264759094,False,0.3174003202067077,ok,25.54364495391708,1.3676127354952612,0.006914242103292612,e1b93bd51cd7b8f733bd35619e4143b0345377f3ef2f09937f1c2e39584ec63f,0.134052528739627,0.2779207232783861,0.29698591594674195
7e28542fda40db288ad2613b49f17b1248f6f2ce,False,True,article-s-objective-preregistration,article-s-objective-implementation,3.0,0.9,26,20260628,3,0.9387634962393465,27.866170558145534,True,0.134052528739627,ok,26.159743699966644,1.4610305357878708,0.006953262265939841,49e546bf6a51f78de10bb23acfa4d77e1aeb2e2b54aeae432b2a5bdae4cb27fd,0.134052528739627,0.2779207232783861,0.29698591594674195
7e28542fda40db288ad2613b49f17b1248f6f2ce,False,True,article-s-objective-preregistration,article-s-objective-implementation,3.0,0.9,26,20260628,4,0.964188013976184,27.425136826655073,True,0.09740752324287708,ok,26.44298820991766,1.480416903867853,0.006947522625305513,10b7215868dfcfd26971b24b010cb55fe96d7a8aee25909fd2bc1c850c8f2571,0.134052528739627,0.2779207232783861,0.29698591594674195
7e28542fda40db288ad2613b49f17b1248f6f2ce,False,True,article-s-objective-preregistration,article-s-objective-implementation,3.0,0.9,26,20260628,5,0.7350620040806434,32.23554315689649,False,0.8448736303545699,ok,23.695122955536405,1.1037838625012872,0.006934108487168356,ba44890e0dce27fa88195a3cb7447936f1a19f1506d92d90c14f7995b55ccc03,0.134052528739627,0.2779207232783861,0.29698591594674195
7e28542fda40db288ad2613b49f17b1248f6f2ce,False,True,article-s-objective-preregistration,article-s-objective-implementation,3.0,0.9,27,20260629,1,0.7313919570764065,32.331456513972576,False,0.8542925203613579,ok,23.646967254885134,1.0994625089042815,0.006939561808534389,48397dda218fedfc1fe1492ba61f9c1ec0e59a0c0991a700648c03c7185999f2,0.09740752324287708,0.2779207232783861,0.29698591594674195
7e28542fda40db288ad2613b49f17b1248f6f2ce,False,True,article-s-objective-preregistration,article-s-objective-implementation,3.0,0.9,27,20260629,2,0.719021458537535,32.66036321372856,False,0.8742097831714051,ok,23.48350199430076,1.0894988887582413,0.006929383629139529,8819d7dd0460be5015c78db093268e486f204e0201ed750f38cc764a089054bf,0.09740752324287708,0.2779207232783861,0.29698591594674195
7e28542fda40db288ad2613b49f17b1248f6f2ce,False,True,article-s-objective-preregistration,article-s-objective-implementation,3.0,0.9,27,20260629,3,0.9880195079032275,27.02816053297733,True,0.031644407802145766,ok,26.704349869321696,1.5116778158389277,0.007038552968271272,c36ab593d84e25766669ad33fb7f10be540af951f60ef3d2c953ee00ca45e10b,0.09740752324287708,0.2779207232783861,0.29698591594674195
7e28542fda40db288ad2613b49f17b1248f6f2ce,False,True,article-s-objective-preregistration,article-s-objective-implementation,3.0,0.9,27,20260629,4,0.967841719745766,27.36326942269252,True,0.09740752324287708,ok,26.483313735925464,1.480416903867853,0.006947522625305513,10b7215868dfcfd26971b24b010cb55fe96d7a8aee25909fd2bc1c850c8f2571,0.09740752324287708,0.2779207232783861,0.29698591594674195
7e28542fda40db288ad2613b49f17b1248f6f2ce,False,True,article-s-objective-preregistration,article-s-objective-implementation,3.0,0.9,27,20260629,5,0.721598278447592,32.59112551970016,False,0.865258842214154,ok,23.517700067685013,1.0938201274235815,0.006920986184367983,9cdf9c361ddaa1a546b766259fd9a6d1a48aa115126b0e64196a38162ddaa21b,0.09740752324287708,0.2779207232783861,0.29698591594674195
7e28542fda40db288ad2613b49f17b1248f6f2ce,False,True,article-s-objective-preregistration,article-s-objective-implementation,3.0,0.9,28,20260630,1,0.8025571734036316,30.595569360172345,False,0.5974793248522211,ok,24.554693664374675,1.228190565592324,0.006873236118020376,b268bdb56952c4575172774bb94280561501cb8f95b9931b58ad31c3c80531b0,0.29503160250274624,0.2779207232783861,0.29698591594674195
7e28542fda40db288ad2613b49f17b1248f6f2ce,False,True,article-s-objective-preregistration,article-s-objective-implementation,3.0,0.9,28,20260630,2,0.8433560161715852,29.705428944337132,False,0.45582177567107385,ok,25.052252213164262,1.2996555405074268,0.006887907281169614,b18746eba5341ea90b126053e4effbf0c75a5318e6565793d01f4ba1ee8adb74,0.29503160250274624,0.2779207232783861,0.29698591594674195
7e28542fda40db288ad2613b49f17b1248f6f2ce,False,True,article-s-objective-preregistration,article-s-objective-implementation,3.0,0.9,28,20260630,3,0.6706363553479855,34.036611043044594,False,1.0789996261171508,ok,22.82618877830442,0.983849672337868,0.007056226457975878,13014e7420fa412cf9eed8978227b44eff47a73974aea7fef92edd7259b77216,0.29503160250274624,0.2779207232783861,0.29698591594674195
7e28542fda40db288ad2613b49f17b1248f6f2ce,False,True,article-s-objective-preregistration,article-s-objective-implementation,3.0,0.9,28,20260630,4,0.9073872215890372,28.437239513167576,True,0.29503160250274624,ok,25.80358775151511,1.3803942441918495,0.006955331833487843,404d71b480c4c9a99fd7e0296fc6a206754068dd549e88b312321b402d57befb,0.29503160250274624,0.2779207232783861,0.29698591594674195
7e28542fda40db288ad2613b49f17b1248f6f2ce,False,True,article-s-objective-preregistration,article-s-objective-implementation,3.0,0.9,28,20260630,5,0.8377174861231798,29.824378827782603,False,0.5055433495456918,ok,24.98440365679543,1.271387236099511,0.006976515866786492,585d9b152bcccd54ee813dd90757a6af20d3500d7143a69978c4f77e078537f9,0.29503160250274624,0.2779207232783861,0.29698591594674195
7e28542fda40db288ad2613b49f17b1248f6f2ce,False,True,article-s-objective-preregistration,article-s-objective-implementation,3.0,0.9,29,20260631,1,0.7699682768277631,31.359281010387804,False,0.6939178202782956,ok,24.14565156212589,1.181650178359626,0.006850338414861934,f97da56d9f0426d4e41b3b40b0a38583dd33d9becc94c55c6185cae08d122e3c,0.004249658834656491,0.2779207232783861,0.29698591594674195
7e28542fda40db288ad2613b49f17b1248f6f2ce,False,True,article-s-objective-preregistration,article-s-objective-implementation,3.0,0.9,29,20260631,2,0.7935320011511727,30.802139920560673,False,0.6087820073646454,ok,24.442483730900936,1.2233574912639618,0.006898191022017386,b6182a4006d24576899b5aa012ee4f80fc08558c7d1cc2148fa8acd76a253585,0.004249658834656491,0.2779207232783861,0.29698591594674195
7e28542fda40db288ad2613b49f17b1248f6f2ce,False,True,article-s-objective-preregistration,article-s-objective-implementation,3.0,0.9,29,20260631,3,0.9963040192223488,26.893700509582967,True,0.004249658834656491,ok,26.79430190945964,1.5235960021732473,0.007082175779870692,4d0a9ec78018f88daeb05f38b5560bc8ecaf3a16e0b6544d8d4d4a3782324985,0.004249658834656491,0.2779207232783861,0.29698591594674195
7e28542fda40db288ad2613b49f17b1248f6f2ce,False,True,article-s-objective-preregistration,article-s-objective-implementation,3.0,0.9,29,20260631,4,0.696664096341745,33.27777648189703,False,0.9453941002149874,ok,23.183432081023366,1.0548459577597245,0.006918559728273266,4419476221a9786f33c1e3a2ab5d0c87d25f2278226575dcfa74ca8ea894315e,0.004249658834656491,0.2779207232783861,0.29698591594674195
7e28542fda40db288ad2613b49f17b1248f6f2ce,False,True,article-s-objective-preregistration,article-s-objective-implementation,3.0,0.9,29,20260631,5,0.8462913350274728,29.643999977504034,False,0.44601843146311476,ok,25.08746031651626,1.3050761021632233,0.006869670669803263,67f1eda8a40858e0dc6966ab44e43a260d8c96a0d293f4ddddeffc66d8614982,0.004249658834656491,0.2779207232783861,0.29698591594674195
7e28542fda40db288ad2613b49f17b1248f6f2ce,False,True,article-s-objective-preregistration,article-s-objective-implementation,3.0,0.9,30,20260632,1,0.73379202571189,32.26864809448837,False,0.8448736303545699,ok,23.67847665223874,1.1037838625012872,0.006934108487168356,ba44890e0dce27fa88195a3cb7447936f1a19f1506d92d90c14f7995b55ccc03,0.3032908742465825,0.2779207232783861,0.29698591594674195
7e28542fda40db288ad2613b49f17b1248f6f2ce,False,True,article-s-objective-preregistration,article-s-objective-implementation,3.0,0.9,30,20260632,2,0.8189487658370131,30.229569361549178,False,0.5763745767141266,ok,24.756468520425084,1.238718026667564,0.006890846791387961,aea215b2e4f67ab182c266316e8d394d1743bebdc7baad9030ab2a2121eca7af,0.3032908742465825,0.2779207232783861,0.29698591594674195
7e28542fda40db288ad2613b49f17b1248f6f2ce,False,True,article-s-objective-preregistration,article-s-objective-implementation,3.0,0.9,30,20260632,3,0.8739611687780802,29.080987324357505,False,0.3708283653034809,ok,25.41565367121602,1.343416986656712,0.006868152217505141,82ef62bd5cf98270cf3bf4afcf12ebb0f92064d039ce8d50aeadeb6d07759585,0.3032908742465825,0.2779207232783861,0.29698591594674195
7e28542fda40db288ad2613b49f17b1248f6f2ce,False,True,article-s-objective-preregistration,article-s-objective-implementation,3.0,0.9,30,20260632,4,0.8989444451014067,28.596265054854417,True,0.3032908742465825,ok,25.70645362170885,1.3756457962182007,0.006932392252205766,1624010473b45e1170601fdb833e4359284559d4dfd98e41043aa5c6f99fd719,0.3032908742465825,0.2779207232783861,0.29698591594674195
7e28542fda40db288ad2613b49f17b1248f6f2ce,False,True,article-s-objective-preregistration,article-s-objective-implementation,3.0,0.9,30,20260632,5,0.8412623242910963,29.749450782727628,False,0.46610496238023114,ok,25.027092111861016,1.2939116705714115,0.006906551715808451,ce7b9165a9fd5c51b2a1d7c6625c64d6095fad107e4cf3227929e78fe63a413d,0.3032908742465825,0.2779207232783861,0.29698591594674195
7e28542fda40db288ad2613b49f17b1248f6f2ce,False,True,article-s-objective-preregistration,article-s-objective-implementation,3.0,0.9,31,20260633,1,0.8965278570153261,28.64221824632891,True,0.30628623801408295,ok,25.678546544546528,1.3739074113261038,0.006924606341471851,68c943f53f6b901f4666f37cf6673da1e43d822293743f572253e1abff334325,0.30628623801408295,0.2779207232783861,0.29698591594674195
7e28542fda40db288ad2613b49f17b1248f6f2ce,False,True,article-s-objective-preregistration,article-s-objective-implementation,3.0,0.9,31,20260633,2,0.7538505293062681,31.75599932111095,False,0.7875079040923854,ok,23.93927689686898,1.1302399913380474,0.006992371360400096,af7a74fa9c651c37ba43a2ff93c1fea5200cfce534b3ec0f76556af8dd8cdf3d,0.30628623801408295,0.2779207232783861,0.29698591594674195
7e28542fda40db288ad2613b49f17b1248f6f2ce,False,True,article-s-objective-preregistration,article-s-objective-implementation,3.0,0.9,31,20260633,3,0.6737296370821981,33.94404412424405,False,1.057866418389383,ok,22.869108528929065,0.993567786764998,0.007084382408992784,fd76442f0346024eff75e8b5cdf617758e8b7c41b0d43af2403eef1fb4a0e953,0.30628623801408295,0.2779207232783861,0.29698591594674195
7e28542fda40db288ad2613b49f17b1248f6f2ce,False,True,article-s-objective-preregistration,article-s-objective-implementation,3.0,0.9,31,20260633,4,0.9004827236259976,28.567115076343104,True,0.29799163054181815,ok,25.724193590082734,1.3783098904934166,0.006942463906315144,a664497db9a00dc9834fe2b3e262142f467d71915c44cbfcf9f5fbde371b7bf7,0.30628623801408295,0.2779207232783861,0.29698591594674195
7e28542fda40db288ad2613b49f17b1248f6f2ce,False,True,article-s-objective-preregistration,article-s-objective-implementation,3.0,0.9,31,20260633,5,0.8549619368215429,29.464488384973766,False,0.42081942896012964,ok,25.191016057073025,1.318173337991154,0.00683320386526276,b100d2d99fd8b9d9519902423b47ee0458eab9e54dccf0890d3202245ca761bc,0.30628623801408295,0.2779207232783861,0.29698591594674195
7e28542fda40db288ad2613b49f17b1248f6f2ce,False,True,article-s-objective-preregistration,article-s-objective-implementation,3.0,0.9,32,20260634,1,0.9025626142148356,28.527826553071552,True,0.29799163054181815,ok,25.748149711607663,1.3783098904934166,0.006942463906315144,a664497db9a00dc9834fe2b3e262142f467d71915c44cbfcf9f5fbde371b7bf7,0.29799163054181815,0.2779207232783861,0.29698591594674195
7e28542fda40db288ad2613b49f17b1248f6f2ce,False,True,article-s-objective-preregistration,article-s-objective-implementation,3.0,0.9,32,20260634,2,0.9481536677418891,27.70110001649672,True,0.12444310409397812,ok,26.264899581126272,1.4663965396995697,0.006944386912478784,c526ebb90fd8f0aa304aea3b05363ddf6bbff8d79dd4b75318e354d6eb4ef8e7,0.29799163054181815,0.2779207232783861,0.29698591594674195
7e28542fda40db288ad2613b49f17b1248f6f2ce,False,True,article-s-objective-preregistration,article-s-objective-implementation,3.0,0.9,32,20260634,3,0.9099258632913818,28.389878894770142,True,0.2888208015308885,ok,25.8326850620615,1.3834234688146059,0.00696653427891647,6e53eea8ed015b90c44183e4adae92ae85a509f40eaa981fa476abea917e3169,0.29799163054181815,0.2779207232783861,0.29698591594674195
7e28542fda40db288ad2613b49f17b1248f6f2ce,False,True,article-s-objective-preregistration,article-s-objective-implementation,3.0,0.9,32,20260634,4,0.7526250211140937,31.786706648204394,False,0.7875079040923854,ok,23.923470762252332,1.1302399913380474,0.006992371360400096,af7a74fa9c651c37ba43a2ff93c1fea5200cfce534b3ec0f76556af8dd8cdf3d,0.29799163054181815,0.2779207232783861,0.29698591594674195
7e28542fda40db288ad2613b49f17b1248f6f2ce,False,True,article-s-objective-preregistration,article-s-objective-implementation,3.0,0.9,32,20260634,5,0.9658571388203859,27.39682785460464,True,0.09740752324287708,ok,26.46142176440309,1.480416903867853,0.006947522625305513,10b7215868dfcfd26971b24b010cb55fe96d7a8aee25909fd2bc1c850c8f2571,0.29799163054181815,0.2779207232783861,0.29698591594674195
7e28542fda40db288ad2613b49f17b1248f6f2ce,False,True,article-s-objective-preregistration,article-s-objective-implementation,3.0,0.9,33,20260635,1,0.7062245079856967,33.01003147642082,False,0.8977393742742267,ok,23.312493238027656,1.0784528321780418,0.0069315813381654046,3dc407b7690a1955603a28453dd180c62d2ad60c24a1adbd5e1baab749f03ca4,0.2959802013516658,0.2779207232783861,0.29698591594674195
7e28542fda40db288ad2613b49f17b1248f6f2ce,False,True,article-s-objective-preregistration,article-s-objective-implementation,3.0,0.9,33,20260635,2,0.9052541551715118,28.47719596840783,True,0.2959802013516658,ok,25.779099978034612,1.3795955004657425,0.00694923104848888,f58a99a1f8ac157c49a552186ff3e1395819747c7a0462b098f28f2d74036af4,0.2959802013516658,0.2779207232783861,0.29698591594674195
7e28542fda40db288ad2613b49f17b1248f6f2ce,False,True,article-s-objective-preregistration,article-s-objective-implementation,3.0,0.9,33,20260635,3,0.7995769872738449,30.66337586309926,False,0.5974793248522211,ok,24.51772969226244,1.228190565592324,0.006873236118020376,b268bdb56952c4575172774bb94280561501cb8f95b9931b58ad31c3c80531b0,0.2959802013516658,0.2779207232783861,0.29698591594674195
7e28542fda40db288ad2613b49f17b1248f6f2ce,False,True,article-s-objective-preregistration,article-s-objective-implementation,3.0,0.9,33,20260635,4,0.7397308318169095,32.11460342243466,False,0.8383456808689057,ok,23.75616230314776,1.1068309846462847,0.006943202989345476,fcb4368d9927cf2f0188c6db93e2d1653926aabd5b987288c6403c51894b22cd,0.2959802013516658,0.2779207232783861,0.29698591594674195
7e28542fda40db288ad2613b49f17b1248f6f2ce,False,True,article-s-objective-preregistration,article-s-objective-implementation,3.0,0.9,33,20260635,5,0.8853749768729142,28.856859901024066,False,0.3174003202067077,ok,25.54914166749411,1.3676127354952612,0.006914242103292612,e1b93bd51cd7b8f733bd35619e4143b0345377f3ef2f09937f1c2e39584ec63f,0.2959802013516658,0.2779207232783861,0.29698591594674195
7e28542fda40db288ad2613b49f17b1248f6f2ce,False,True,article-s-objective-preregistration,article-s-objective-implementation,3.0,0.9,34,20260636,1,0.7014147359575894,33.14402118043859,False,0.928733443789618,ok,23.247704864850085,1.0632787675391724,0.006913490883698525,905d5a4ee8e3ad4dd56891578240b90eef61ab037838bb11eb5e49c2b6fa49b8,0.09740752324287708,0.2779207232783861,0.29698591594674195
7e28542fda40db288ad2613b49f17b1248f6f2ce,False,True,article-s-objective-preregistration,article-s-objective-implementation,3.0,0.9,34,20260636,2,0.770922261040017,31.336207647197902,False,0.6903958383956921,ok,24.15778005179728,1.1835139956218332,0.006856821623838716,8b9de01ac5c9b52c8f44640a20ee55116ddc19b991e91252679e75b6dfaf4f4e,0.09740752324287708,0.2779207232783861,0.29698591594674195
7e28542fda40db288ad2613b49f17b1248f6f2ce,False,True,article-s-objective-preregistration,article-s-objective-implementation,3.0,0.9,34,20260636,3,0.8003750625620929,30.645178853598605,False,0.5974793248522211,ok,24.52763694217551,1.228190565592324,0.006873236118020376,b268bdb56952c4575172774bb94280561501cb8f95b9931b58ad31c3c80531b0,0.09740752324287708,0.2779207232783861,0.29698591594674195
7e28542fda40db288ad2613b49f17b1248f6f2ce,False,True,article-s-objective-preregistration,article-s-objective-implementation,3.0,0.9,34,20260636,4,0.9641429490007104,27.425902222502415,True,0.09740752324287708,ok,26.442490247808617,1.480416903867853,0.006947522625305513,10b7215868dfcfd26971b24b010cb55fe96d7a8aee25909fd2bc1c850c8f2571,0.09740752324287708,0.2779207232783861,0.29698591594674195
7e28542fda40db288ad2613b49f17b1248f6f2ce,False,True,article-s-objective-preregistration,article-s-objective-implementation,3.0,0.9,34,20260636,5,0.7353090735695518,32.229113097609435,False,0.8448736303545699,ok,23.6983592937715,1.1037838625012872,0.006934108487168356,ba44890e0dce27fa88195a3cb7447936f1a19f1506d92d90c14f7995b55ccc03,0.09740752324287708,0.2779207232783861,0.29698591594674195
7e28542fda40db288ad2613b49f17b1248f6f2ce,False,True,article-s-objective-preregistration,article-s-objective-implementation,3.0,0.9,35,20260637,1,0.8485022404505211,29.597952246128575,False,0.43189480263979735,ok,25.11392879358763,1.3125902005379577,0.0068609495724851755,38f5ccd004d5bb64ba9fe3e8c74e4b2f9416d4b6d75a78715ef767121b5df3d6,,0.2779207232783861,0.29698591594674195
7e28542fda40db288ad2613b49f17b1248f6f2ce,False,True,article-s-objective-preregistration,article-s-objective-implementation,3.0,0.9,35,20260637,2,0.8536119815795402,29.49224829486867,False,0.42081942896012964,ok,25.17493650821866,1.318173337991154,0.00683320386526276,b100d2d99fd8b9d9519902423b47ee0458eab9e54dccf0890d3202245ca761bc,,0.2779207232783861,0.29698591594674195
7e28542fda40db288ad2613b49f17b1248f6f2ce,False,True,article-s-objective-preregistration,article-s-objective-implementation,3.0,0.9,35,20260637,3,0.7169126150966025,32.717315391586645,False,0.8742097831714051,ok,23.455456136322706,1.0894988887582413,0.006929383629139529,8819d7dd0460be5015c78db093268e486f204e0201ed750f38cc764a089054bf,,0.2779207232783861,0.29698591594674195
7e28542fda40db288ad2613b49f17b1248f6f2ce,False,True,article-s-objective-preregistration,article-s-objective-implementation,3.0,0.9,35,20260637,4,0.8365335899665216,29.849514357591637,False,0.5066173978701034,ok,24.970121404313364,1.2713194254064142,0.006985416394703847,18801314d6c0c6aeca271e1d3930c0c208f2fa38ebbdf2620f11957285fb3251,,0.2779207232783861,0.29698591594674195
7e28542fda40db288ad2613b49f17b1248f6f2ce,False,True,article-s-objective-preregistration,article-s-objective-implementation,3.0,0.9,35,20260637,5,0.8078235205207277,30.476708467242336,False,0.5866945757933576,ok,24.619801927891576,1.2338956614902705,0.006894341396094905,009fabbf8ae35d9f063c8e4c9d9a8b9d3cfedea1f03b40287ca44aac20311f77,,0.2779207232783861,0.29698591594674195
7e28542fda40db288ad2613b49f17b1248f6f2ce,False,True,article-s-objective-preregistration,article-s-objective-implementation,3.0,0.9,36,20260638,1,0.9226802495677139,28.155058813034795,True,0.26617105106312905,ok,25.97811669220461,1.3944906135178992,0.006994204483384614,1c56224a204b137270dca15cee04f87cc562b95031996dc11b5c35eb13607cc5,0.26617105106312905,0.2779207232783861,0.29698591594674195
7e28542fda40db288ad2613b49f17b1248f6f2ce,False,True,article-s-objective-preregistration,article-s-objective-implementation,3.0,0.9,36,20260638,2,0.6811379385796476,33.72501232960579,False,1.0552122051654433,ok,22.971385376760885,0.9950696160854007,0.007089724753028825,d5d19d26514058d3cef04db68128aa73169b5f39259916288c1326e70376bbe7,0.26617105106312905,0.2779207232783861,0.29698591594674195
7e28542fda40db288ad2613b49f17b1248f6f2ce,False,True,article-s-objective-preregistration,article-s-objective-implementation,3.0,0.9,36,20260638,3,0.7783241901590701,31.158690006296855,False,0.6761679802127559,ok,24.251562165568508,1.190724704427608,0.006848333970759679,133260a10dbb381a9102acc86ce7699408f4bbbc47507aaf0b176a88b1bb1ca1,0.26617105106312905,0.2779207232783861,0.29698591594674195
7e28542fda40db288ad2613b49f17b1248f6f2ce,False,True,article-s-objective-preregistration,article-s-objective-implementation,3.0,0.9,36,20260638,4,0.8854986446660807,28.854456484416904,False,0.31591215385282806,ok,25.550582109527575,1.3687386935515158,0.0069211278815721755,85a73e9b4352ff5edfedb6c20a81b7206fb682ba8a4ca8719790123a4e6c910a,0.26617105106312905,0.2779207232783861,0.29698591594674195
7e28542fda40db288ad2613b49f17b1248f6f2ce,False,True,article-s-objective-preregistration,article-s-objective-implementation,3.0,0.9,36,20260638,5,0.7656281405974078,31.464820809819972,False,0.7127686184742749,ok,24.090352250853087,1.171982706198464,0.0068654631948672495,fb4337e69126fcd64e788a2c559a5dc24fcc3aabd8e646905384b6fc0bfe7399,0.26617105106312905,0.2779207232783861,0.29698591594674195
7e28542fda40db288ad2613b49f17b1248f6f2ce,False,True,article-s-objective-preregistration,article-s-objective-implementation,3.0,0.9,37,20260639,1,0.9375467388296117,27.887751473081735,True,0.13978460265382875,ok,26.14607044687848,1.4581236102485022,0.006956005499636042,ff7274a8abdfdd7c0649ed515f6956e0e3b1045365153112fc17a48cc772bf41,0.2888208015308885,0.2779207232783861,0.29698591594674195
7e28542fda40db288ad2613b49f17b1248f6f2ce,False,True,article-s-objective-preregistration,article-s-objective-implementation,3.0,0.9,37,20260639,2,0.9590842470256897,27.512182786688523,True,0.11248195020762473,ok,26.386501112004304,1.4726120714619246,0.006940262910731132,a5140bd3e745b1aedc8ca7629b172de6bc9c5008da4954f32115e9e712b82330,0.2888208015308885,0.2779207232783861,0.29698591594674195
7e28542fda40db288ad2613b49f17b1248f6f2ce,False,True,article-s-objective-preregistration,article-s-objective-implementation,3.0,0.9,37,20260639,3,0.6801818453152173,33.75307125423542,False,1.0552122051654433,ok,22.958226290761864,0.9950696160854007,0.007089724753028825,d5d19d26514058d3cef04db68128aa73169b5f39259916288c1326e70376bbe7,0.2888208015308885,0.2779207232783861,0.29698591594674195
7e28542fda40db288ad2613b49f17b1248f6f2ce,False,True,article-s-objective-preregistration,article-s-objective-implementation,3.0,0.9,37,20260639,4,0.9113090680488387,28.364161785484534,True,0.2888208015308885,ok,25.848517842716394,1.3834234688146059,0.00696653427891647,6e53eea8ed015b90c44183e4adae92ae85a509f40eaa981fa476abea917e3169,0.2888208015308885,0.2779207232783861,0.29698591594674195
7e28542fda40db288ad2613b49f17b1248f6f2ce,False,True,article-s-objective-preregistration,article-s-objective-implementation,3.0,0.9,37,20260639,5,0.9562328974589502,27.56113365362151,True,0.11248195020762473,ok,26.35486269085588,1.4726120714619246,0.006940262910731132,a5140bd3e745b1aedc8ca7629b172de6bc9c5008da4954f32115e9e712b82330,0.2888208015308885,0.2779207232783861,0.29698591594674195
7e28542fda40db288ad2613b49f17b1248f6f2ce,False,True,article-s-objective-preregistration,article-s-objective-implementation,3.0,0.9,38,20260640,1,0.672079718412742,33.99333576570855,False,1.0612385256806038,ok,22.846231529327195,0.9918475033949059,0.007079025310370746,a48d77fd15e54f7b0409b31daa478d866dda883effa638bc7f74818de198d068,0.30628623801408295,0.2779207232783861,0.29698591594674195
7e28542fda40db288ad2613b49f17b1248f6f2ce,False,True,article-s-objective-preregistration,article-s-objective-implementation,3.0,0.9,38,20260640,2,0.8155190086565243,30.30519388519321,False,0.5763745767141266,ok,24.714461674396528,1.238718026667564,0.006890846791387961,aea215b2e4f67ab182c266316e8d394d1743bebdc7baad9030ab2a2121eca7af,0.30628623801408295,0.2779207232783861,0.29698591594674195
7e28542fda40db288ad2613b49f17b1248f6f2ce,False,True,article-s-objective-preregistration,article-s-objective-implementation,3.0,0.9,38,20260640,3,0.7243900932713417,32.516545233057236,False,0.865258842214154,ok,23.554663234236134,1.0938201274235815,0.006920986184367983,9cdf9c361ddaa1a546b766259fd9a6d1a48aa115126b0e64196a38162ddaa21b,0.30628623801408295,0.2779207232783861,0.29698591594674195
7e28542fda40db288ad2613b49f17b1248f6f2ce,False,True,article-s-objective-preregistration,article-s-objective-implementation,3.0,0.9,38,20260640,4,0.8788074653616713,28.985261966568295,False,0.32504348731295574,ok,25.472464601683935,1.364178717300524,0.0069374563434663195,b7ed544a2c2ebbf1ff579c9395739542db4675d5c43f38f120872120808c1433,0.30628623801408295,0.2779207232783861,0.29698591594674195
7e28542fda40db288ad2613b49f17b1248f6f2ce,False,True,article-s-objective-preregistration,article-s-objective-implementation,3.0,0.9,38,20260640,5,0.8961819602140745,28.64881173586046,True,0.30628623801408295,ok,25.67454825924741,1.3739074113261038,0.006924606341471851,68c943f53f6b901f4666f37cf6673da1e43d822293743f572253e1abff334325,0.30628623801408295,0.2779207232783861,0.29698591594674195
7e28542fda40db288ad2613b49f17b1248f6f2ce,False,True,article-s-objective-preregistration,article-s-objective-implementation,3.0,0.9,39,20260641,1,0.7772728254676198,31.183743002311193,False,0.6761679802127559,ok,24.238276032062537,1.190724704427608,0.006848333970759679,133260a10dbb381a9102acc86ce7699408f4bbbc47507aaf0b176a88b1bb1ca1,0.2850357449272648,0.2779207232783861,0.29698591594674195
7e28542fda40db288ad2613b49f17b1248f6f2ce,False,True,article-s-objective-preregistration,article-s-objective-implementation,3.0,0.9,39,20260641,2,0.8023739617819167,30.599726463484824,False,0.5974793248522211,ok,24.552423751949277,1.228190565592324,0.006873236118020376,b268bdb56952c4575172774bb94280561501cb8f95b9931b58ad31c3c80531b0,0.2850357449272648,0.2779207232783861,0.29698591594674195
7e28542fda40db288ad2613b49f17b1248f6f2ce,False,True,article-s-objective-preregistration,article-s-objective-implementation,3.0,0.9,39,20260641,3,0.921603033316932,28.17469249832252,True,0.26617105106312905,ok,25.965882069225845,1.3944906135178992,0.006994204483384614,1c56224a204b137270dca15cee04f87cc562b95031996dc11b5c35eb13607cc5,0.2850357449272648,0.2779207232783861,0.29698591594674195
7e28542fda40db288ad2613b49f17b1248f6f2ce,False,True,article-s-objective-preregistration,article-s-objective-implementation,3.0,0.9,39,20260641,4,0.9588387978874984,27.51638748472552,True,0.11248195020762473,ok,26.383779898060823,1.4726120714619246,0.006940262910731132,a5140bd3e745b1aedc8ca7629b172de6bc9c5008da4954f32115e9e712b82330,0.2850357449272648,0.2779207232783861,0.29698591594674195
7e28542fda40db288ad2613b49f17b1248f6f2ce,False,True,article-s-objective-preregistration,article-s-objective-implementation,3.0,0.9,39,20260641,5,0.9138848838893354,28.31643523549044,True,0.2850357449272648,ok,25.87796212734607,1.3850749961922673,0.006955628753142928,9a149a8a205279dc7ba46a970b6e0ccbabddf6ab04c69f2dee5a7412085027c5,0.2850357449272648,0.2779207232783861,0.29698591594674195
7e28542fda40db288ad2613b49f17b1248f6f2ce,False,True,article-s-objective-preregistration,article-s-objective-implementation,3.0,0.9,40,20260642,1,0.9105092365926201,28.379025048792737,True,0.2888208015308885,ok,25.839364432419117,1.3834234688146059,0.00696653427891647,6e53eea8ed015b90c44183e4adae92ae85a509f40eaa981fa476abea917e3169,0.2888208015308885,0.2779207232783861,0.29698591594674195
7e28542fda40db288ad2613b49f17b1248f6f2ce,False,True,article-s-objective-preregistration,article-s-objective-implementation,3.0,0.9,40,20260642,2,0.8701059637995832,29.157736346271136,False,0.37888489590149477,ok,25.370320285786384,1.3396982311397092,0.0068558950527681795,b20510893a0c9021a894a0e251259192fb5561c3af721331fe171903270040cb,0.2888208015308885,0.2779207232783861,0.29698591594674195
7e28542fda40db288ad2613b49f17b1248f6f2ce,False,True,article-s-objective-preregistration,article-s-objective-implementation,3.0,0.9,40,20260642,3,0.9118021295787183,28.355009496599102,True,0.2888208015308885,ok,25.854158043223844,1.3834234688146059,0.00696653427891647,6e53eea8ed015b90c44183e4adae92ae85a509f40eaa981fa476abea917e3169,0.2888208015308885,0.2779207232783861,0.29698591594674195
7e28542fda40db288ad2613b49f17b1248f6f2ce,False,True,article-s-objective-preregistration,article-s-objective-implementation,3.0,0.9,40,20260642,4,0.7457082064829041,31.961497768346447,False,0.7995568580612089,ok,23.83395117734097,1.1241652418752732,0.00698671138989182,fd5949a87be535a761e1eeaebbf8f56e5ccc45b87b9e150cfcd638bf787999e8,0.2888208015308885,0.2779207232783861,0.29698591594674195
7e28542fda40db288ad2613b49f17b1248f6f2ce,False,True,article-s-objective-preregistration,article-s-objective-implementation,3.0,0.9,40,20260642,5,0.804357563315208,30.554797309613022,False,0.59426029469722,ok,24.576982311550402,1.2299598760401789,0.006879957376335177,d914e8a7952556ea326f9d656cde6fc85083c78d05ccacb2706acf11ceb75c76,0.2888208015308885,0.2779207232783861,0.29698591594674195
7e28542fda40db288ad2613b49f17b1248f6f2ce,False,True,article-s-objective-preregistration,article-s-objective-implementation,3.0,0.9,41,20260643,1,0.8268858832066097,30.05645356980967,False,0.5502875140491679,ok,24.853257156130525,1.25099686303523,0.0069315003503942485,1f5b33d5a8526363c79816a61300f5e2ebcfcb93fafaaf1864be6ecbc1099fdf,0.2888208015308885,0.2779207232783861,0.29698591594674195
7e28542fda40db288ad2613b49f17b1248f6f2ce,False,True,article-s-objective-preregistration,article-s-objective-implementation,3.0,0.9,41,20260643,2,0.9097208198265385,28.393696406637968,True,0.2888208015308885,ok,25.83033677295253,1.3834234688146059,0.00696653427891647,6e53eea8ed015b90c44183e4adae92ae85a509f40eaa981fa476abea917e3169,0.2888208015308885,0.2779207232783861,0.29698591594674195
7e28542fda40db288ad2613b49f17b1248f6f2ce,False,True,article-s-objective-preregistration,article-s-objective-implementation,3.0,0.9,41,20260643,3,0.7809120857682017,31.0972483156878,False,0.6594782396540565,ok,24.284217043855456,1.1991494866654213,0.006847422105041634,a498635b4b0fecfc5f6ae2f541bf6094fc19acece715871556ad6c36eb5aed1c,0.2888208015308885,0.2779207232783861,0.29698591594674195
7e28542fda40db288ad2613b49f17b1248f6f2ce,False,True,article-s-objective-preregistration,article-s-objective-implementation,3.0,0.9,41,20260643,4,0.7146863057748701,32.777724198575186,False,0.8742097831714051,ok,23.425790619187264,1.0894988887582413,0.006929383629139529,8819d7dd0460be5015c78db093268e486f204e0201ed750f38cc764a089054bf,0.2888208015308885,0.2779207232783861,0.29698591594674195
7e28542fda40db288ad2613b49f17b1248f6f2ce,False,True,article-s-objective-preregistration,article-s-objective-implementation,3.0,0.9,41,20260643,5,0.769543444204542,31.36957056217112,False,0.6939178202782956,ok,24.140247373630576,1.181650178359626,0.006850338414861934,f97da56d9f0426d4e41b3b40b0a38583dd33d9becc94c55c6185cae08d122e3c,0.2888208015308885,0.2779207232783861,0.29698591594674195
7e28542fda40db288ad2613b49f17b1248f6f2ce,False,True,article-s-objective-preregistration,article-s-objective-implementation,3.0,0.9,42,20260644,1,0.9740150528572875,27.259575012732977,True,0.09076034921945357,ok,26.551236396894303,1.483641739209504,0.00696007735902926,7bac5faab9ecae885c7957c0e60cc68571ca3a6f651765fdf2234fcc7ca38f3a,0.16357912089546675,0.2779207232783861,0.29698591594674195
7e28542fda40db288ad2613b49f17b1248f6f2ce,False,True,article-s-objective-preregistration,article-s-objective-implementation,3.0,0.9,42,20260644,2,0.9321239628055765,27.984473897951943,True,0.16357912089546675,ok,26.084998706788184,1.445537905588722,0.006987794624609744,ed0e24985ec66764942b4bb15096f40004e01fedde592b785d1a5d7e2a28c4d5,0.16357912089546675,0.2779207232783861,0.29698591594674195
7e28542fda40db288ad2613b49f17b1248f6f2ce,False,True,article-s-objective-preregistration,article-s-objective-implementation,3.0,0.9,42,20260644,3,0.7023439349061846,33.1180243194333,False,0.928733443789618,ok,23.260243516829505,1.0632787675391724,0.006913490883698525,905d5a4ee8e3ad4dd56891578240b90eef61ab037838bb11eb5e49c2b6fa49b8,0.16357912089546675,0.2779207232783861,0.29698591594674195
7e28542fda40db288ad2613b49f17b1248f6f2ce,False,True,article-s-objective-preregistration,article-s-objective-implementation,3.0,0.9,42,20260644,4,0.8638216137448925,29.284000781182705,False,0.39538689528013393,ok,25.296152811707938,1.3313731710180345,0.006852409670733639,3bfa42de5cfc4d7f23430eb3f6d41bcf9a78a89d6011e894f0eab8d0d456b671,0.16357912089546675,0.2779207232783861,0.29698591594674195
7e28542fda40db288ad2613b49f17b1248f6f2ce,False,True,article-s-objective-preregistration,article-s-objective-implementation,3.0,0.9,42,20260644,5,0.8110700120761924,30.40403999356248,False,0.5866945757933576,ok,24.65980508474376,1.2338956614902705,0.006894341396094905,009fabbf8ae35d9f063c8e4c9d9a8b9d3cfedea1f03b40287ca44aac20311f77,0.16357912089546675,0.2779207232783861,0.29698591594674195
7e28542fda40db288ad2613b49f17b1248f6f2ce,False,True,article-s-objective-preregistration,article-s-objective-implementation,3.0,0.9,43,20260645,1,0.8807458909437673,28.94720648794577,False,0.3194511843848829,ok,25.495133168559,1.3669386163646922,0.006923743075413213,fa2f836a933b4c1c9467d37b202042443b8c974e5e152a72a6b687d7ee8b2710,,0.2779207232783861,0.29698591594674195
7e28542fda40db288ad2613b49f17b1248f6f2ce,False,True,article-s-objective-preregistration,article-s-objective-implementation,3.0,0.9,43,20260645,2,0.8433738474024066,29.70505476488533,False,0.45582177567107385,ok,25.05246632436053,1.2996555405074268,0.006887907281169614,b18746eba5341ea90b126053e4effbf0c75a5318e6565793d01f4ba1ee8adb74,,0.2779207232783861,0.29698591594674195
7e28542fda40db288ad2613b49f17b1248f6f2ce,False,True,article-s-objective-preregistration,article-s-objective-implementation,3.0,0.9,43,20260645,3,0.8380779361672613,29.816737139874736,False,0.5055433495456918,ok,24.98874952542795,1.271387236099511,0.006976515866786492,585d9b152bcccd54ee813dd90757a6af20d3500d7143a69978c4f77e078537f9,,0.2779207232783861,0.29698591594674195
7e28542fda40db288ad2613b49f17b1248f6f2ce,False,True,article-s-objective-preregistration,article-s-objective-implementation,3.0,0.9,43,20260645,4,0.7326854756547675,32.29756594621231,False,0.8507599438277573,ok,23.663957467791786,1.100989890683251,0.006925705160778062,e3dd925a6f31ee0461b405b37f841673039b74a8e42073e16a1a2ab2aa1a5ccf,,0.2779207232783861,0.29698591594674195
7e28542fda40db288ad2613b49f17b1248f6f2ce,False,True,article-s-objective-preregistration,article-s-objective-implementation,3.0,0.9,43,20260645,5,0.7525916750767635,31.78754328662336,False,0.7875079040923854,ok,23.923040448655005,1.1302399913380474,0.006992371360400096,af7a74fa9c651c37ba43a2ff93c1fea5200cfce534b3ec0f76556af8dd8cdf3d,,0.2779207232783861,0.29698591594674195
7e28542fda40db288ad2613b49f17b1248f6f2ce,False,True,article-s-objective-preregistration,article-s-objective-implementation,3.0,0.9,44,20260646,1,0.7749478777384973,31.2393332670719,False,0.6761679802127559,ok,24.208855017283003,1.190724704427608,0.006848333970759679,133260a10dbb381a9102acc86ce7699408f4bbbc47507aaf0b176a88b1bb1ca1,0.11248195020762473,0.2779207232783861,0.29698591594674195
7e28542fda40db288ad2613b49f17b1248f6f2ce,False,True,article-s-objective-preregistration,article-s-objective-implementation,3.0,0.9,44,20260646,2,0.9585956816667766,27.520553900693514,True,0.11248195020762473,ok,26.381084126282566,1.4726120714619246,0.006940262910731132,a5140bd3e745b1aedc8ca7629b172de6bc9c5008da4954f32115e9e712b82330,0.11248195020762473,0.2779207232783861,0.29698591594674195
7e28542fda40db288ad2613b49f17b1248f6f2ce,False,True,article-s-objective-preregistration,article-s-objective-implementation,3.0,0.9,44,20260646,3,0.8432673367964219,29.707290021628243,False,0.45582177567107385,ok,25.051187339977364,1.2996555405074268,0.006887907281169614,b18746eba5341ea90b126053e4effbf0c75a5318e6565793d01f4ba1ee8adb74,0.11248195020762473,0.2779207232783861,0.29698591594674195
7e28542fda40db288ad2613b49f17b1248f6f2ce,False,True,article-s-objective-preregistration,article-s-objective-implementation,3.0,0.9,44,20260646,4,0.7714514560068043,31.32342764716722,False,0.6903958383956921,ok,24.164503865530943,1.1835139956218332,0.006856821623838716,8b9de01ac5c9b52c8f44640a20ee55116ddc19b991e91252679e75b6dfaf4f4e,0.11248195020762473,0.2779207232783861,0.29698591594674195
7e28542fda40db288ad2613b49f17b1248f6f2ce,False,True,article-s-objective-preregistration,article-s-objective-implementation,3.0,0.9,44,20260646,5,0.7421778467887556,32.05169209578327,False,0.8271851168178487,ok,23.788055825584603,1.1117837712100191,0.006949779184097782,ca65806447dcecbf6a4b8d7cae461c5ab3ff7a111a55f3767ca9f65b57311c74,0.11248195020762473,0.2779207232783861,0.29698591594674195
7e28542fda40db288ad2613b49f17b1248f6f2ce,False,True,article-s-objective-preregistration,article-s-objective-implementation,3.0,0.9,45,20260647,1,0.9386592551298998,27.868017686847676,True,0.134052528739627,ok,26.158572723883314,1.4610305357878708,0.006953262265939841,49e546bf6a51f78de10bb23acfa4d77e1aeb2e2b54aeae432b2a5bdae4cb27fd,0.30666778260464495,0.2779207232783861,0.29698591594674195
7e28542fda40db288ad2613b49f17b1248f6f2ce,False,True,article-s-objective-preregistration,article-s-objective-implementation,3.0,0.9,45,20260647,2,0.8957044537069598,28.657920578637775,True,0.30666778260464495,ok,25.66902709626619,1.3733107712488657,0.0069176744961039205,c1623fa126f9e4941324d890ddfd530e0f29a3f53bb313d0b4b1c04596952305,0.30666778260464495,0.2779207232783861,0.29698591594674195
7e28542fda40db288ad2613b49f17b1248f6f2ce,False,True,article-s-objective-preregistration,article-s-objective-implementation,3.0,0.9,45,20260647,3,0.9693782347093954,27.337362461487093,True,0.09076034921945357,ok,26.500244164527253,1.483641739209504,0.00696007735902926,7bac5faab9ecae885c7957c0e60cc68571ca3a6f651765fdf2234fcc7ca38f3a,0.30666778260464495,0.2779207232783861,0.29698591594674195
7e28542fda40db288ad2613b49f17b1248f6f2ce,False,True,article-s-objective-preregistration,article-s-objective-implementation,3.0,0.9,45,20260647,4,0.7560617602207507,31.700790048521245,False,0.7875079040923854,ok,23.967755124473427,1.1302399913380474,0.006992371360400096,af7a74fa9c651c37ba43a2ff93c1fea5200cfce534b3ec0f76556af8dd8cdf3d,0.30666778260464495,0.2779207232783861,0.29698591594674195
7e28542fda40db288ad2613b49f17b1248f6f2ce,False,True,article-s-objective-preregistration,article-s-objective-implementation,3.0,0.9,45,20260647,5,0.7250672855084463,32.49852236147569,False,0.8619122655034789,ok,23.563615391670723,1.0955919838902344,0.006926934630503645,c2c0028208e2a062f0c6907770c9ce2da94b48a5f9bb4f95e39162a13eed6ccd,0.30666778260464495,0.2779207232783861,0.29698591594674195
7e28542fda40db288ad2613b49f17b1248f6f2ce,False,True,article-s-objective-preregistration,article-s-objective-implementation,3.0,0.9,46,20260648,1,0.7857622364019132,30.98295162110291,False,0.6159664198605536,ok,24.345233356130105,1.219524805613455,0.006909371480980031,2bb6af280886fb02a885d2a51be173274e4c89ad93f1a6adb14bc12110d3ad7f,0.15410844471410082,0.2779207232783861,0.29698591594674195
7e28542fda40db288ad2613b49f17b1248f6f2ce,False,True,article-s-objective-preregistration,article-s-objective-implementation,3.0,0.9,46,20260648,2,0.759776115293919,31.608617689962184,False,0.7583268937262742,ok,24.015472758290116,1.146969301905366,0.006937245599675013,b5bf1e0495d9b78116a56e575728d6a9fc2743122d5646187d6304f5b942073d,0.15410844471410082,0.2779207232783861,0.29698591594674195
7e28542fda40db288ad2613b49f17b1248f6f2ce,False,True,article-s-objective-preregistration,article-s-objective-implementation,3.0,0.9,46,20260648,3,0.8474059013701833,29.620762652124046,False,0.4410443474604556,ok,25.10080907449544,1.3075938469707273,0.006878565049268204,2505911d78f4a04a8d324a72957ae098c88849b7e863681dedd72393411af67d,0.15410844471410082,0.2779207232783861,0.29698591594674195
7e28542fda40db288ad2613b49f17b1248f6f2ce,False,True,article-s-objective-preregistration,article-s-objective-implementation,3.0,0.9,46,20260648,4,0.9348543334034382,27.93566309043598,True,0.15410844471410082,ok,26.11577569659256,1.4507447812843102,0.006971041756131946,9d716d43c644f33fcdcc917e2292a8694529ee7e530f34d937938e5f579fcb79,0.15410844471410082,0.2779207232783861,0.29698591594674195
7e28542fda40db288ad2613b49f17b1248f6f2ce,False,True,article-s-objective-preregistration,article-s-objective-implementation,3.0,0.9,46,20260648,5,0.8065853979916615,30.50454316321736,False,0.5889434301985318,ok,24.60451908785749,1.23257320872559,0.006888681080366332,99467ef46c00bb2c0cde15e24687f2c801d99667df08983fd59ad5ea3b05d6e1,0.15410844471410082,0.2779207232783861,0.29698591594674195
7e28542fda40db288ad2613b49f17b1248f6f2ce,False,True,article-s-objective-preregistration,article-s-objective-implementation,3.0,0.9,47,20260649,1,0.7786476825289519,31.150992165706505,False,0.6691215485877315,ok,24.255647858304908,1.1940237599916623,0.006858284652746516,5f86dbb4ebd7fe21660d80332ffb7442893c17bc413204edca8cce89ef86901c,,0.2779207232783861,0.29698591594674195
7e28542fda40db288ad2613b49f17b1248f6f2ce,False,True,article-s-objective-preregistration,article-s-objective-implementation,3.0,0.9,47,20260649,2,0.8600250572704147,29.360984683217218,False,0.4039219180178763,ok,25.251182533699655,1.3269460363036454,0.006834913450709301,129d04e79efa25f92e382487f5e0ca9e2a98198039936d5e808b58e49740544e,,0.2779207232783861,0.29698591594674195
7e28542fda40db288ad2613b49f17b1248f6f2ce,False,True,article-s-objective-preregistration,article-s-objective-implementation,3.0,0.9,47,20260649,3,0.7889513078895016,30.908400244755452,False,0.6100135528904227,ok,24.385222797872007,1.2225233552798338,0.0068937375569624315,48063c78d22fdfe9d8d08e0c1cf48c4af218f822651b1cd5dbe072c0a410bfba,,0.2779207232783861,0.29698591594674195
7e28542fda40db288ad2613b49f17b1248f6f2ce,False,True,article-s-objective-preregistration,article-s-objective-implementation,3.0,0.9,47,20260649,4,0.8215001979277852,30.17363360155077,False,0.5657706754373493,ok,24.787645975874426,1.2439162395855445,0.00690877858494332,b5887b1d896a54df801e05c51adef740aa606b9a68bf8f07fc7c1aa4546a5142,,0.2779207232783861,0.29698591594674195
7e28542fda40db288ad2613b49f17b1248f6f2ce,False,True,article-s-objective-preregistration,article-s-objective-implementation,3.0,0.9,47,20260649,5,0.7524080899817701,31.792150400144635,False,0.7875079040923854,ok,23.920671158985993,1.1302399913380474,0.006992371360400096,af7a74fa9c651c37ba43a2ff93c1fea5200cfce534b3ec0f76556af8dd8cdf3d,,0.2779207232783861,0.29698591594674195
7e28542fda40db288ad2613b49f17b1248f6f2ce,False,True,article-s-objective-preregistration,article-s-objective-implementation,3.0,0.9,48,20260650,1,0.6757261537131783,33.88464818599824,False,1.057866418389383,ok,22.896742988648814,0.993567786764998,0.007084382408992784,fd76442f0346024eff75e8b5cdf617758e8b7c41b0d43af2403eef1fb4a0e953,,0.2779207232783861,0.29698591594674195
7e28542fda40db288ad2613b49f17b1248f6f2ce,False,True,article-s-objective-preregistration,article-s-objective-implementation,3.0,0.9,48,20260650,2,0.6751398950987083,33.902060925433666,False,1.057866418389383,ok,22.888633856827305,0.993567786764998,0.007084382408992784,fd76442f0346024eff75e8b5cdf617758e8b7c41b0d43af2403eef1fb4a0e953,,0.2779207232783861,0.29698591594674195
7e28542fda40db288ad2613b49f17b1248f6f2ce,False,True,article-s-objective-preregistration,article-s-objective-implementation,3.0,0.9,48,20260650,3,0.6866179550229142,33.56536199302475,False,0.986206067577325,ok,23.046580211254504,1.03330693479628,0.0069634044577724374,e0f568f59846e9420939cd8864631699896e63afc0de76409bdd90b606c28fe8,,0.2779207232783861,0.29698591594674195
7e28542fda40db288ad2613b49f17b1248f6f2ce,False,True,article-s-objective-preregistration,article-s-objective-implementation,3.0,0.9,48,20260650,4,0.7157042021484444,32.75006816520332,False,0.8742097831714051,ok,23.43936140648401,1.0894988887582413,0.006929383629139529,8819d7dd0460be5015c78db093268e486f204e0201ed750f38cc764a089054bf,,0.2779207232783861,0.29698591594674195
7e28542fda40db288ad2613b49f17b1248f6f2ce,False,True,article-s-objective-preregistration,article-s-objective-implementation,3.0,0.9,48,20260650,5,0.8400357203781257,29.77532147775621,False,0.4766219899264519,ok,25.012333627057217,1.2879851278565535,0.006925291698716141,75517c9643bce11673f9100232309e73ec8d7a505513ae1488544742431f419c,,0.2779207232783861,0.29698591594674195
7e28542fda40db288ad2613b49f17b1248f6f2ce,False,True,article-s-objective-preregistration,article-s-objective-implementation,3.0,0.9,49,20260651,1,0.7196960362950131,32.64220031462867,False,0.8742097831714051,ok,23.49246218238608,1.0894988887582413,0.006929383629139529,8819d7dd0460be5015c78db093268e486f204e0201ed750f38cc764a089054bf,0.150066902451643,0.2779207232783861,0.29698591594674195
7e28542fda40db288ad2613b49f17b1248f6f2ce,False,True,article-s-objective-preregistration,article-s-objective-implementation,3.0,0.9,49,20260651,2,0.9844690467019156,27.08633493795522,True,0.05101779617127445,ok,26.665658335017564,1.503018242261784,0.007007144167149537,9dc09fad78025021674d5d499f24ebc7ef4c65a1b91607600f821c7c803d951d,0.150066902451643,0.2779207232783861,0.29698591594674195
7e28542fda40db288ad2613b49f17b1248f6f2ce,False,True,article-s-objective-preregistration,article-s-objective-implementation,3.0,0.9,49,20260651,3,0.8253667806217415,30.089383974257437,False,0.5582910288393562,ok,24.834777981724283,1.2473629735030192,0.006919878957961867,e8ec29ac9b3420ef1104f64003b804ce1a6ef194411a665656fb768e60824c79,0.150066902451643,0.2779207232783861,0.29698591594674195
7e28542fda40db288ad2613b49f17b1248f6f2ce,False,True,article-s-objective-preregistration,article-s-objective-implementation,3.0,0.9,49,20260651,4,0.9721548626455114,27.29071094006537,True,0.09076034921945357,ok,26.530797345437605,1.483641739209504,0.00696007735902926,7bac5faab9ecae885c7957c0e60cc68571ca3a6f651765fdf2234fcc7ca38f3a,0.150066902451643,0.2779207232783861,0.29698591594674195
7e28542fda40db288ad2613b49f17b1248f6f2ce,False,True,article-s-objective-preregistration,article-s-objective-implementation,3.0,0.9,49,20260651,5,0.9358525286757886,27.91787465493227,True,0.150066902451643,ok,26.127013591072075,1.4529577047583657,0.006980265780967443,be519d22670f37de0cfb65db8e7e2ec9daae5418285b3c2895718a0409ee208c,0.150066902451643,0.2779207232783861,0.29698591594674195
7e28542fda40db288ad2613b49f17b1248f6f2ce,False,True,article-s-objective-preregistration,article-s-objective-implementation,4.0,0.95,0,20260602,1,0.9333548852209436,27.952800314414183,True,0.13567752090344692,ok,26.089882729064005,1.4497767959374606,0.006743567150779395,43547920df8caba1ee3ae3432e5bafc35554a71b5df5c2b8dbbfdb968e3c45f0,0.13567752090344692,0.10751414805016284,0.1292786439054841
7e28542fda40db288ad2613b49f17b1248f6f2ce,False,True,article-s-objective-preregistration,article-s-objective-implementation,4.0,0.95,0,20260602,2,0.802692669521896,30.540214511012625,False,0.6181122202839882,ok,24.51440631361607,1.207055385643157,0.006666589197710682,9fdf11aaf22a63b6d2dcceb9ef11f13f815112be6a150116c5cdd009f46d73ad,0.13567752090344692,0.10751414805016284,0.1292786439054841
7e28542fda40db288ad2613b49f17b1248f6f2ce,False,True,article-s-objective-preregistration,article-s-objective-implementation,4.0,0.95,0,20260602,3,0.8338267153315726,29.86624423997887,False,0.5291379157074441,ok,24.90327233391208,1.2479082128435623,0.006795087736451766,a2e9a47584fc166871e042467b5bbd65142d61d8b0da68f469b4747940a0d2bf,0.13567752090344692,0.10751414805016284,0.1292786439054841
7e28542fda40db288ad2613b49f17b1248f6f2ce,False,True,article-s-objective-preregistration,article-s-objective-implementation,4.0,0.95,0,20260602,4,0.6884475204070778,33.410504646970615,False,1.0455550480021572,ok,23.00137907975607,0.993781829080136,0.006843467696140859,de29fd54438a8bf8b215f5a6c015124503ff7cb2b1858e8213220bac0565bac4,0.13567752090344692,0.10751414805016284,0.1292786439054841
7e28542fda40db288ad2613b49f17b1248f6f2ce,False,True,article-s-objective-preregistration,article-s-objective-implementation,4.0,0.95,0,20260602,5,0.9673963383227839,27.37040098219187,True,0.10082485468827505,ok,26.478025688598745,1.467803463071971,0.006711734342475406,684819a4032024118551ba94032d391c2be218b703c36b752a96b2065356f34a,0.13567752090344692,0.10751414805016284,0.1292786439054841
7e28542fda40db288ad2613b49f17b1248f6f2ce,False,True,article-s-objective-preregistration,article-s-objective-implementation,4.0,0.95,1,20260603,1,0.8626307280388037,29.276924245098535,False,0.4128715851604578,ok,25.255174476286253,1.3139090426621858,0.006606880532837867,186d70fee35070808dca658ee4e5e5d790dafcf028a5572295615fd6b64d21e6,,0.10751414805016284,0.1292786439054841
7e28542fda40db288ad2613b49f17b1248f6f2ce,False,True,article-s-objective-preregistration,article-s-objective-implementation,4.0,0.95,1,20260603,2,0.6937979473106936,33.25982791899279,False,0.9832927185335465,ok,23.075600338104095,1.0289503611500364,0.006708827477423185,487e79764cb45d599634172f3ca7efc9f79eb26a3d932adef01c940d05fa339d,,0.10751414805016284,0.1292786439054841
7e28542fda40db288ad2613b49f17b1248f6f2ce,False,True,article-s-objective-preregistration,article-s-objective-implementation,4.0,0.95,1,20260603,3,0.6827201570349696,33.57382402826114,False,1.0860914018054877,ok,22.921526412838883,0.9700905599637338,0.00692570361396605,56d5c728bc8a34814868fbe00bfe41298aa40e7fab404246b4bb32a5b89bdc96,,0.10751414805016284,0.1292786439054841
7e28542fda40db288ad2613b49f17b1248f6f2ce,False,True,article-s-objective-preregistration,article-s-objective-implementation,4.0,0.95,1,20260603,4,0.8936751520816874,28.675410507244017,False,0.3204078238944179,ok,25.626501846066112,1.355605473039067,0.006726664146926797,27c10bd0136a8c0ce6f691874eb130f772bb905d9281d434bbe9b914ea35c2fe,,0.10751414805016284,0.1292786439054841
7e28542fda40db288ad2613b49f17b1248f6f2ce,False,True,article-s-objective-preregistration,article-s-objective-implementation,4.0,0.95,1,20260603,5,0.8242667010564628,30.068947080124076,False,0.5885813232883097,ok,24.78483181397523,1.2220042673004248,0.006711221865999484,54ecb59323f4d0e0b5b705b3daba011522cdfe65f9babd72614347e893d1b0f3,,0.10751414805016284,0.1292786439054841
7e28542fda40db288ad2613b49f17b1248f6f2ce,False,True,article-s-objective-preregistration,article-s-objective-implementation,4.0,0.95,2,20260604,1,0.7174862011849357,32.613817050178795,False,0.9020158419645833,ok,23.39996370147327,1.0657887113657503,0.006716497889235118,7a663e248cffa14537aa85267a003208d06ba83c4b7f5b151858e7f9b0461632,,0.10751414805016284,0.1292786439054841
7e28542fda40db288ad2613b49f17b1248f6f2ce,False,True,article-s-objective-preregistration,article-s-objective-implementation,4.0,0.95,2,20260604,2,0.6843738886384919,33.52644907881388,False,1.0860431383377436,ok,22.944626328308242,0.9694466726969388,0.00691772139655189,ec95ee0afb5a2a952658a902995b15f13b180a65607579a9dd6e0d6e98d1e10a,,0.10751414805016284,0.1292786439054841
7e28542fda40db288ad2613b49f17b1248f6f2ce,False,True,article-s-objective-preregistration,article-s-objective-implementation,4.0,0.95,2,20260604,3,0.8733693723674769,29.06505510563853,False,0.3844790996931174,ok,25.38452893543765,1.3278609210059367,0.006642579918889613,679a500a11b93fa1aa0ad837bf953bccb7b4f809e02ac3116ef5dd07a00c6047,,0.10751414805016284,0.1292786439054841
7e28542fda40db288ad2613b49f17b1248f6f2ce,False,True,article-s-objective-preregistration,article-s-objective-implementation,4.0,0.95,2,20260604,4,0.892975824305166,28.688597810832288,False,0.3204078238944179,ok,25.618224278287343,1.355605473039067,0.006726664146926797,27c10bd0136a8c0ce6f691874eb130f772bb905d9281d434bbe9b914ea35c2fe,,0.10751414805016284,0.1292786439054841
7e28542fda40db288ad2613b49f17b1248f6f2ce,False,True,article-s-objective-preregistration,article-s-objective-implementation,4.0,0.95,2,20260604,5,0.8341006067715665,29.86049056558928,False,0.5291379157074441,ok,24.906653299254657,1.2479082128435623,0.006795087736451766,a2e9a47584fc166871e042467b5bbd65142d61d8b0da68f469b4747940a0d2bf,,0.10751414805016284,0.1292786439054841
7e28542fda40db288ad2613b49f17b1248f6f2ce,False,True,article-s-objective-preregistration,article-s-objective-implementation,4.0,0.95,3,20260605,1,0.9757154508614188,27.232968028103443,True,0.09642298586964951,ok,26.571627677835554,1.4702311790992681,0.0067222533822510755,11c70ae242ff8df1602777379aff474972a2150575860022266b4d5e4537770a,0.10751414805016284,0.10751414805016284,0.1292786439054841
7e28542fda40db288ad2613b49f17b1248f6f2ce,False,True,article-s-objective-preregistration,article-s-objective-implementation,4.0,0.95,3,20260605,2,0.9603380161635924,27.48847737113911,True,0.10751414805016284,ok,26.398229825957532,1.4645414997870034,0.006711934462254376,af5238976e4c163fbdba3b410be2b20ab2d4e5c24ce8266aa70f5c6b019955c3,0.10751414805016284,0.10751414805016284,0.1292786439054841
7e28542fda40db288ad2613b49f17b1248f6f2ce,False,True,article-s-objective-preregistration,article-s-objective-implementation,4.0,0.95,3,20260605,3,0.9065600194975205,28.435309162499404,False,0.31070872451172205,ok,25.778314428773484,1.3605248979016107,0.0067330679836534735,1f261b3e22e7feb822c840e0af58a7cd5dd13153df4db45b57ddc6b6f648654c,0.10751414805016284,0.10751414805016284,0.1292786439054841
7e28542fda40db288ad2613b49f17b1248f6f2ce,False,True,article-s-objective-preregistration,article-s-objective-implementation,4.0,0.95,3,20260605,4,0.9196257374885642,28.197261637881283,False,0.29958591661816397,ok,25.930927528894575,1.3662963877771865,0.0067496602591257115,ddb81f32772fb22a75e20ce08496d7fe3a2208d5529827d937d99386733cb67e,0.10751414805016284,0.10751414805016284,0.1292786439054841
7e28542fda40db288ad2613b49f17b1248f6f2ce,False,True,article-s-objective-preregistration,article-s-objective-implementation,4.0,0.95,3,20260605,5,0.7850511007118641,30.940561856775734,False,0.6282070110859979,ok,24.289922142305308,1.2029541667081753,0.006683664313293036,11a996d9b628e0b3c50b4bba242c1e87b63cb0aa44380acf778a6a0950fb1976,0.10751414805016284,0.10751414805016284,0.1292786439054841
7e28542fda40db288ad2613b49f17b1248f6f2ce,False,True,article-s-objective-preregistration,article-s-objective-implementation,4.0,0.95,4,20260606,1,0.889780495655351,28.749059783033008,False,0.3204078238944179,ok,25.580352663372427,1.355605473039067,0.006726664146926797,27c10bd0136a8c0ce6f691874eb130f772bb905d9281d434bbe9b914ea35c2fe,0.11033615113755478,0.10751414805016284,0.1292786439054841
7e28542fda40db288ad2613b49f17b1248f6f2ce,False,True,article-s-objective-preregistration,article-s-objective-implementation,4.0,0.95,4,20260606,2,0.9551249735267304,27.57656792518906,True,0.11033615113755478,ok,26.339068709504286,1.4627580564392058,0.006703953498921056,930fb8abc2630f8e85bc92bcf1bbf14a0575a8a2f5a51694644e5db61fcdef1c,0.11033615113755478,0.10751414805016284,0.1292786439054841
7e28542fda40db288ad2613b49f17b1248f6f2ce,False,True,article-s-objective-preregistration,article-s-objective-implementation,4.0,0.95,4,20260606,3,0.9820595947483725,27.129399770965048,True,0.08375172719879717,ok,26.642687344840525,1.4770759090996746,0.006752510644213228,081b9c220f24fa16f11631e7f760acf788bdc2b1617c0ccb595ab50f11629c56,0.11033615113755478,0.10751414805016284,0.1292786439054841
7e28542fda40db288ad2613b49f17b1248f6f2ce,False,True,article-s-objective-preregistration,article-s-objective-implementation,4.0,0.95,4,20260606,4,0.738527306080459,32.06720776426868,False,0.8732779970882244,ok,23.682508563667728,1.079986324613114,0.0067427828357504715,192a47e8c823f522a50c21859b69e83a67fed2eacc858b2342c05c3813269856,0.11033615113755478,0.10751414805016284,0.1292786439054841
7e28542fda40db288ad2613b49f17b1248f6f2ce,False,True,article-s-objective-preregistration,article-s-objective-implementation,4.0,0.95,4,20260606,5,0.8214111288011274,30.130210321616012,False,0.5951769611450529,ok,24.749290071293988,1.2189153672133393,0.00670041194636628,9a3114e3bbb3e9dcd725bd6a593510aafcec097b66223c35859c767e90b13dea,0.11033615113755478,0.10751414805016284,0.1292786439054841
7e28542fda40db288ad2613b49f17b1248f6f2ce,False,True,article-s-objective-preregistration,article-s-objective-implementation,4.0,0.95,5,20260607,1,0.9050374349568451,28.463401066714518,False,0.3120327064105777,ok,25.760443491567234,1.3594413615980208,0.006727799170115567,ed2339187da72d0fb971d6f53ed211b3250349501a0de6602e505bcce9f9419f,,0.10751414805016284,0.1292786439054841
7e28542fda40db288ad2613b49f17b1248f6f2ce,False,True,article-s-objective-preregistration,article-s-objective-implementation,4.0,0.95,5,20260607,2,0.6972348854584217,33.163986495311065,False,0.9711057343488172,ok,23.123088325402854,1.035275721019661,0.006703223426100635,cfafd7fd6f866e7577bb58353f2d94c549bd433bbcfe778a23976731594320be,,0.10751414805016284,0.1292786439054841
7e28542fda40db288ad2613b49f17b1248f6f2ce,False,True,article-s-objective-preregistration,article-s-objective-implementation,4.0,0.95,5,20260607,3,0.8957140155788856,28.63705590212384,False,0.31583884411143026,ok,25.650612336448372,1.3577395140459105,0.006725177579898212,a62f2e4c90854034b4c8c0a319de7231d8585dd4e18308492f9fed211ef4330a,,0.10751414805016284,0.1292786439054841
7e28542fda40db288ad2613b49f17b1248f6f2ce,False,True,article-s-objective-preregistration,article-s-objective-implementation,4.0,0.95,5,20260607,4,0.9266445895628699,28.071570798541064,False,0.23983009082973733,ok,26.012369200999128,1.400170534480346,0.006692041915419278,739b245ea9c6e5828fb5a4f72cf092ea9841ec2d220f06686fd8e2f918e94220,,0.10751414805016284,0.1292786439054841
7e28542fda40db288ad2613b49f17b1248f6f2ce,False,True,article-s-objective-preregistration,article-s-objective-implementation,4.0,0.95,5,20260607,5,0.6876971605706926,33.43178140681991,False,1.0828117607040406,ok,22.990941146290126,0.9711934138858455,0.006923509580728293,7a480471bcc0fbdfe3e296a35a7c6203cc34dfe5cb946fa420029b006582a42c,,0.10751414805016284,0.1292786439054841
7e28542fda40db288ad2613b49f17b1248f6f2ce,False,True,article-s-objective-preregistration,article-s-objective-implementation,4.0,0.95,6,20260608,1,0.7818684615019541,31.01428696571898,False,0.6701874284477073,ok,24.249092834466808,1.1849526057606428,0.006643617059445717,7ff7ac3bdc46a29267c820b22f8c54fe2dbad588d3789274ad8db805589803b2,,0.10751414805016284,0.1292786439054841
7e28542fda40db288ad2613b49f17b1248f6f2ce,False,True,article-s-objective-preregistration,article-s-objective-implementation,4.0,0.95,6,20260608,2,0.9175748620579983,28.23427360882673,False,0.304463530095075,ok,25.90705971192697,1.3637298103911604,0.006739293891167453,3877cf4eeb6ae7bfb64e07e8d085e82115cb51dd243f4736e4c154784751eece,,0.10751414805016284,0.1292786439054841
7e28542fda40db288ad2613b49f17b1248f6f2ce,False,True,article-s-objective-preregistration,article-s-objective-implementation,4.0,0.95,6,20260608,3,0.6737657282879941,33.83347026066395,False,1.0901077680117472,ok,22.795832730686435,0.967681422103251,0.006917470547810112,5d2fcf97aaac427c065211490efd1b99514c17a7aacf370440415780a724599a,,0.10751414805016284,0.1292786439054841
7e28542fda40db288ad2613b49f17b1248f6f2ce,False,True,article-s-objective-preregistration,article-s-objective-implementation,4.0,0.95,6,20260608,4,0.7579703693157974,31.58324971978331,False,0.816795928173047,ok,23.939167454297213,1.1049018358555036,0.006814241706076807,327d7af55b445e45e1662fdda73ad1fac0c3452798283a24d3aff49b8dd288ec,,0.10751414805016284,0.1292786439054841
7e28542fda40db288ad2613b49f17b1248f6f2ce,False,True,article-s-objective-preregistration,article-s-objective-implementation,4.0,0.95,6,20260608,5,0.8400514877837464,29.736206476493617,False,0.5256421460443625,ok,24.979944491623137,1.2503867178004322,0.006805385956108356,f0e71d8b35a1d895181776c416f281cbacfe47acd29bcbe4fc665276fdac9a3e,,0.10751414805016284,0.1292786439054841
7e28542fda40db288ad2613b49f17b1248f6f2ce,False,True,article-s-objective-preregistration,article-s-objective-implementation,4.0,0.95,7,20260609,1,0.9989370530361664,26.858951044428895,True,2.0479084583938658e-11,ok,26.830401403964466,1.514312730901594,0.006895834047341953,6b562417b14fd5837d96eb2ae4d4862b24353fbdac76c0c81a6acae6036d9b7a,0.13567752090344692,0.10751414805016284,0.1292786439054841
7e28542fda40db288ad2613b49f17b1248f6f2ce,False,True,article-s-objective-preregistration,article-s-objective-implementation,4.0,0.95,7,20260609,2,0.93316334845263,27.956171792227117,True,0.13567752090344692,ok,26.08767487955162,1.4497767959374606,0.006743567150779395,43547920df8caba1ee3ae3432e5bafc35554a71b5df5c2b8dbbfdb968e3c45f0,0.13567752090344692,0.10751414805016284,0.1292786439054841
7e28542fda40db288ad2613b49f17b1248f6f2ce,False,True,article-s-objective-preregistration,article-s-objective-implementation,4.0,0.95,7,20260609,3,0.6831951227825679,33.56019932818039,False,1.0860914018054877,ok,22.92816450062365,0.9700905599637338,0.00692570361396605,56d5c728bc8a34814868fbe00bfe41298aa40e7fab404246b4bb32a5b89bdc96,0.13567752090344692,0.10751414805016284,0.1292786439054841
7e28542fda40db288ad2613b49f17b1248f6f2ce,False,True,article-s-objective-preregistration,article-s-objective-implementation,4.0,0.95,7,20260609,4,0.9612469845861281,27.473194771674713,True,0.10751414805016284,ok,26.4085256312197,1.4645414997870034,0.006711934462254376,af5238976e4c163fbdba3b410be2b20ab2d4e5c24ce8266aa70f5c6b019955c3,0.13567752090344692,0.10751414805016284,0.1292786439054841
7e28542fda40db288ad2613b49f17b1248f6f2ce,False,True,article-s-objective-preregistration,article-s-objective-implementation,4.0,0.95,7,20260609,5,0.9502528230192913,27.65958678278364,True,0.11421033997324936,ok,26.283600423887233,1.4611389389165972,0.006714742342602165,d46cb4a06ea457db669039afc148a0341c7c016fe933d8f20030074526d08252,0.13567752090344692,0.10751414805016284,0.1292786439054841
7e28542fda40db288ad2613b49f17b1248f6f2ce,False,True,article-s-objective-preregistration,article-s-objective-implementation,4.0,0.95,8,20260610,1,0.7893362145372032,30.842032770963417,False,0.6260572812173107,ok,24.34473339606463,1.204314668987775,0.006688676641774638,9b5fb28b97d37c1a94da660a16abd8c6290c13a9766e7f42e6b4bda2ff823a69,0.10751414805016284,0.10751414805016284,0.1292786439054841
7e28542fda40db288ad2613b49f17b1248f6f2ce,False,True,article-s-objective-preregistration,article-s-objective-implementation,4.0,0.95,8,20260610,2,0.7705837672218474,31.27951827491311,False,0.7137549832314543,ok,24.103489029167164,1.1636640800681417,0.0066171033407758095,94dc2eaf02a42f6c08ba34f800685167fd62aa25b567476896a9703dc1aa726e,0.10751414805016284,0.10751414805016284,0.1292786439054841
7e28542fda40db288ad2613b49f17b1248f6f2ce,False,True,article-s-objective-preregistration,article-s-objective-implementation,4.0,0.95,8,20260610,3,0.8885372265874607,28.77267727424811,False,0.3204078238944179,ok,25.565594866756474,1.355605473039067,0.006726664146926797,27c10bd0136a8c0ce6f691874eb130f772bb905d9281d434bbe9b914ea35c2fe,0.10751414805016284,0.10751414805016284,0.1292786439054841
7e28542fda40db288ad2613b49f17b1248f6f2ce,False,True,article-s-objective-preregistration,article-s-objective-implementation,4.0,0.95,8,20260610,4,0.672678828422378,33.865350809017514,False,1.0901077680117472,ok,22.780504506322732,0.967681422103251,0.006917470547810112,5d2fcf97aaac427c065211490efd1b99514c17a7aacf370440415780a724599a,0.10751414805016284,0.10751414805016284,0.1292786439054841
7e28542fda40db288ad2613b49f17b1248f6f2ce,False,True,article-s-objective-preregistration,article-s-objective-implementation,4.0,0.95,8,20260610,5,0.962123739623057,27.458475379953338,True,0.10751414805016284,ok,26.418451016908346,1.4645414997870034,0.006711934462254376,af5238976e4c163fbdba3b410be2b20ab2d4e5c24ce8266aa70f5c6b019955c3,0.10751414805016284,0.10751414805016284,0.1292786439054841
7e28542fda40db288ad2613b49f17b1248f6f2ce,False,True,article-s-objective-preregistration,article-s-objective-implementation,4.0,0.95,9,20260611,1,0.6869119651360682,33.45408456168694,False,1.0860431383377436,ok,22.98001096809658,0.9694466726969388,0.00691772139655189,ec95ee0afb5a2a952658a902995b15f13b180a65607579a9dd6e0d6e98d1e10a,0.10751414805016284,0.10751414805016284,0.1292786439054841
7e28542fda40db288ad2613b49f17b1248f6f2ce,False,True,article-s-objective-preregistration,article-s-objective-implementation,4.0,0.95,9,20260611,2,0.9636370512645941,27.433118921051413,True,0.10751414805016284,ok,26.435569824072928,1.4645414997870034,0.006711934462254376,af5238976e4c163fbdba3b410be2b20ab2d4e5c24ce8266aa70f5c6b019955c3,0.10751414805016284,0.10751414805016284,0.1292786439054841
7e28542fda40db288ad2613b49f17b1248f6f2ce,False,True,article-s-objective-preregistration,article-s-objective-implementation,4.0,0.95,9,20260611,3,0.7446180416616848,31.91348575475671,False,0.8209869129653933,ok,23.763357265305014,1.1034623995248505,0.006819079391328753,516e037e2722815622c01376e088ffde420ba68327765913944b11825b9d0239,0.10751414805016284,0.10751414805016284,0.1292786439054841
7e28542fda40db288ad2613b49f17b1248f6f2ce,False,True,article-s-objective-preregistration,article-s-objective-implementation,4.0,0.95,9,20260611,4,0.7862733105327742,30.912373636060963,False,0.6282070110859979,ok,24.305574355251704,1.2029541667081753,0.006683664313293036,11a996d9b628e0b3c50b4bba242c1e87b63cb0aa44380acf778a6a0950fb1976,0.10751414805016284,0.10751414805016284,0.1292786439054841
7e28542fda40db288ad2613b49f17b1248f6f2ce,False,True,article-s-objective-preregistration,article-s-objective-implementation,4.0,0.95,9,20260611,5,0.7814235478872582,31.024630651425234,False,0.6701874284477073,ok,24.243376955528486,1.1849526057606428,0.006643617059445717,7ff7ac3bdc46a29267c820b22f8c54fe2dbad588d3789274ad8db805589803b2,0.10751414805016284,0.10751414805016284,0.1292786439054841
7e28542fda40db288ad2613b49f17b1248f6f2ce,False,True,article-s-objective-preregistration,article-s-objective-implementation,4.0,0.95,10,20260612,1,0.7690703471566849,31.315550690415527,False,0.7198105160241128,ok,24.083861440880632,1.1605335832254207,0.006633292194943685,2a4958087b933fd0bd520f987c47f87eb3126dfa86199a414de6733336b3596a,0.08375172719879717,0.10751414805016284,0.1292786439054841
7e28542fda40db288ad2613b49f17b1248f6f2ce,False,True,article-s-objective-preregistration,article-s-objective-implementation,4.0,0.95,10,20260612,2,0.7890968217002555,30.847515149600287,False,0.6260572812173107,ok,24.341676161900068,1.204314668987775,0.006688676641774638,9b5fb28b97d37c1a94da660a16abd8c6290c13a9766e7f42e6b4bda2ff823a69,0.08375172719879717,0.10751414805016284,0.1292786439054841
7e28542fda40db288ad2613b49f17b1248f6f2ce,False,True,article-s-objective-preregistration,article-s-objective-implementation,4.0,0.95,10,20260612,3,0.7438275555347774,31.93332575447166,False,0.8209869129653933,ok,23.752887636044406,1.1034623995248505,0.006819079391328753,516e037e2722815622c01376e088ffde420ba68327765913944b11825b9d0239,0.08375172719879717,0.10751414805016284,0.1292786439054841
7e28542fda40db288ad2613b49f17b1248f6f2ce,False,True,article-s-objective-preregistration,article-s-objective-implementation,4.0,0.95,10,20260612,4,0.9822684874887804,27.126007576667902,True,0.08375172719879717,ok,26.645022433942778,1.4770759090996746,0.006752510644213228,081b9c220f24fa16f11631e7f760acf788bdc2b1617c0ccb595ab50f11629c56,0.08375172719879717,0.10751414805016284,0.1292786439054841
7e28542fda40db288ad2613b49f17b1248f6f2ce,False,True,article-s-objective-preregistration,article-s-objective-implementation,4.0,0.95,10,20260612,5,0.8414417658554685,29.707369282427244,False,0.5256421460443625,ok,24.997021267926083,1.2503867178004322,0.006805385956108356,f0e71d8b35a1d895181776c416f281cbacfe47acd29bcbe4fc665276fdac9a3e,0.08375172719879717,0.10751414805016284,0.1292786439054841
7e28542fda40db288ad2613b49f17b1248f6f2ce,False,True,article-s-objective-preregistration,article-s-objective-implementation,4.0,0.95,11,20260613,1,0.7427556584225101,31.960281288661893,False,0.8216809128049553,ok,23.738679771928695,1.1028456569358307,0.006816313237516969,20ae0d643ffc20e88c995daab0cbcaeee04e685ec462a35dbed4f7c48c69dbb9,0.08982892161159413,0.10751414805016284,0.1292786439054841
7e28542fda40db288ad2613b49f17b1248f6f2ce,False,True,article-s-objective-preregistration,article-s-objective-implementation,4.0,0.95,11,20260613,2,0.980411940131935,27.156195940152426,True,0.08982892161159413,ok,26.624258748287815,1.4740679298290384,0.006739913065474834,7a63334ffd72d72173da81f7d8a9414fc743b78fc0bd80fcb909187c8eb3e5be,0.08982892161159413,0.10751414805016284,0.1292786439054841
7e28542fda40db288ad2613b49f17b1248f6f2ce,False,True,article-s-objective-preregistration,article-s-objective-implementation,4.0,0.95,11,20260613,3,0.7574008404171024,31.597149994831042,False,0.816795928173047,ok,23.931707960870273,1.1049018358555036,0.006814241706076807,327d7af55b445e45e1662fdda73ad1fac0c3452798283a24d3aff49b8dd288ec,0.08982892161159413,0.10751414805016284,0.1292786439054841
7e28542fda40db288ad2613b49f17b1248f6f2ce,False,True,article-s-objective-preregistration,article-s-objective-implementation,4.0,0.95,11,20260613,4,0.984834973149787,27.08442344329938,True,0.07414857459289559,ok,26.673687434559206,1.481685418942373,0.006762544605414256,f40cc03b70afe8f8eb42e112cdb18445841b8ce9a0fb711d6d5b8628209c3728,0.08982892161159413,0.10751414805016284,0.1292786439054841
7e28542fda40db288ad2613b49f17b1248f6f2ce,False,True,article-s-objective-preregistration,article-s-objective-implementation,4.0,0.95,11,20260613,5,0.854426356595353,29.44160446364536,False,0.4265758422300366,ok,25.155682834193986,1.3076855523040585,0.00663100369228431,f3b71b48d2e28ed4994d034c5f11a462dce5fbfb2b338f251bd0a0467a2987da,0.08982892161159413,0.10751414805016284,0.1292786439054841
7e28542fda40db288ad2613b49f17b1248f6f2ce,False,True,article-s-objective-preregistration,article-s-objective-implementation,4.0,0.95,12,20260614,1,0.923508230221553,28.127549467105442,False,0.29385791597093985,ok,25.976023428835735,1.369161654052536,0.006761077188100817,14958db3c2827f700a56955f13fb26505babe33b2ede26119ca031d4b12d6112,,0.10751414805016284,0.1292786439054841
7e28542fda40db288ad2613b49f17b1248f6f2ce,False,True,article-s-objective-preregistration,article-s-objective-implementation,4.0,0.95,12,20260614,2,0.731905599463951,32.236587372087605,False,0.8863975059410066,ok,23.594138805239808,1.0739192454245359,0.006732061320574356,296b767f506099534a1c2bc260436c20ad9493261c22b3a4a781883c5134c2a5,,0.10751414805016284,0.1292786439054841
7e28542fda40db288ad2613b49f17b1248f6f2ce,False,True,article-s-objective-preregistration,article-s-objective-implementation,4.0,0.95,12,20260614,3,0.8950306680548094,28.64989555597545,False,0.31779972860021377,ok,25.64253515916522,1.3572816784102646,0.006733667915440833,87a1449bfaeb82208fc1c7a2969c185b0db72114a4bc2e52b40c52f9819dbda4,,0.10751414805016284,0.1292786439054841
7e28542fda40db288ad2613b49f17b1248f6f2ce,False,True,article-s-objective-preregistration,article-s-objective-implementation,4.0,0.95,12,20260614,4,0.6704239213381789,33.931746329144204,False,1.0901077680117472,ok,22.748654431837213,0.967681422103251,0.006917470547810112,5d2fcf97aaac427c065211490efd1b99514c17a7aacf370440415780a724599a,,0.10751414805016284,0.1292786439054841
7e28542fda40db288ad2613b49f17b1248f6f2ce,False,True,article-s-objective-preregistration,article-s-objective-implementation,4.0,0.95,12,20260614,5,0.6998142314838284,33.09254029447384,False,0.9611860378202207,ok,23.158630654024837,1.0400378489072193,0.006695142121417419,fb48cb2367b4cbbaa3710c8f54eeb56228511c493731bb1aa926c0830ec1fa8e,,0.10751414805016284,0.1292786439054841
7e28542fda40db288ad2613b49f17b1248f6f2ce,False,True,article-s-objective-preregistration,article-s-objective-implementation,4.0,0.95,13,20260615,1,0.9838693426522647,27.100049197955645,True,0.0813702469010833,ok,26.662907590236653,1.4778171724503113,0.006744421515330057,57993468ef6f91c35c81445ff2e282ee8b1ebae0eaa43e522c835d1d6b1c4486,0.0813702469010833,0.10751414805016284,0.1292786439054841
7e28542fda40db288ad2613b49f17b1248f6f2ce,False,True,article-s-objective-preregistration,article-s-objective-implementation,4.0,0.95,13,20260615,2,0.7773279050260761,31.120283326376953,False,0.6919445933985465,ok,24.190664641910523,1.1745941548737422,0.006609369559083422,29c128bacf3ed9b31e5dd64a34998a71e2006df397327fa8679d103b99f59ed1,0.0813702469010833,0.10751414805016284,0.1292786439054841
7e28542fda40db288ad2613b49f17b1248f6f2ce,False,True,article-s-objective-preregistration,article-s-objective-implementation,4.0,0.95,13,20260615,3,0.8847058136777343,28.845787880707405,False,0.3204078238944179,ok,25.52003623817657,1.355605473039067,0.006726664146926797,27c10bd0136a8c0ce6f691874eb130f772bb905d9281d434bbe9b914ea35c2fe,0.0813702469010833,0.10751414805016284,0.1292786439054841
7e28542fda40db288ad2613b49f17b1248f6f2ce,False,True,article-s-objective-preregistration,article-s-objective-implementation,4.0,0.95,13,20260615,4,0.7448040088403896,31.908823030190486,False,0.8209869129653933,ok,23.765819310264423,1.1034623995248505,0.006819079391328753,516e037e2722815622c01376e088ffde420ba68327765913944b11825b9d0239,0.0813702469010833,0.10751414805016284,0.1292786439054841
7e28542fda40db288ad2613b49f17b1248f6f2ce,False,True,article-s-objective-preregistration,article-s-objective-implementation,4.0,0.95,13,20260615,5,0.8132670501067341,30.306780191239547,False,0.6103361835339698,ok,24.64750572436259,1.2112587562927863,0.006673098311680281,7f09ffbf8fde52a7ee9e812211d7d2e4b869c12160baadab187865a8ab6743cf,0.0813702469010833,0.10751414805016284,0.1292786439054841
7e28542fda40db288ad2613b49f17b1248f6f2ce,False,True,article-s-objective-preregistration,article-s-objective-implementation,4.0,0.95,14,20260616,1,0.6790400418245366,33.67989119210743,False,1.0901077680117472,ok,22.86999472373447,0.967681422103251,0.006917470547810112,5d2fcf97aaac427c065211490efd1b99514c17a7aacf370440415780a724599a,0.1292786439054841,0.10751414805016284,0.1292786439054841
7e28542fda40db288ad2613b49f17b1248f6f2ce,False,True,article-s-objective-preregistration,article-s-objective-implementation,4.0,0.95,14,20260616,2,0.9260805558209197,28.08161580535105,False,0.24966335043895202,ok,26.005838373369023,1.3945111743084755,0.006709216552927,c6c798423f507cb18354769635965f6d1a14f65266f6fba21b5156ae5f8fa49d,0.1292786439054841,0.10751414805016284,0.1292786439054841
7e28542fda40db288ad2613b49f17b1248f6f2ce,False,True,article-s-objective-preregistration,article-s-objective-implementation,4.0,0.95,14,20260616,3,0.9353688759260319,27.917415457782976,True,0.1292786439054841,ok,26.11308151550649,1.4530625760322384,0.006729459220384371,2431fb704afe597c29223938de870c7b1a94b425b1609954093433f09009e65f,0.1292786439054841,0.10751414805016284,0.1292786439054841
7e28542fda40db288ad2613b49f17b1248f6f2ce,False,True,article-s-objective-preregistration,article-s-objective-implementation,4.0,0.95,14,20260616,4,0.6760345926974016,33.767177042202356,False,1.0901077680117472,ok,22.827779778266322,0.967681422103251,0.006917470547810112,5d2fcf97aaac427c065211490efd1b99514c17a7aacf370440415780a724599a,0.1292786439054841,0.10751414805016284,0.1292786439054841
7e28542fda40db288ad2613b49f17b1248f6f2ce,False,True,article-s-objective-preregistration,article-s-objective-implementation,4.0,0.95,14,20260616,5,0.9552377255952491,27.574654603505238,True,0.11033615113755478,ok,26.340350347526908,1.4627580564392058,0.006703953498921056,930fb8abc2630f8e85bc92bcf1bbf14a0575a8a2f5a51694644e5db61fcdef1c,0.1292786439054841,0.10751414805016284,0.1292786439054841
7e28542fda40db288ad2613b49f17b1248f6f2ce,False,True,article-s-objective-preregistration,article-s-objective-implementation,4.0,0.95,15,20260617,1,0.7280856097246682,32.33539012989203,False,0.8907348994463113,ok,23.54293223840746,1.0717043278638732,0.0067247973555528695,d49224e65c4932a2f1be11b46e81042e71dc08a506e4da01aaf2fccbb7eda5aa,,0.10751414805016284,0.1292786439054841
7e28542fda40db288ad2613b49f17b1248f6f2ce,False,True,article-s-objective-preregistration,article-s-objective-implementation,4.0,0.95,15,20260617,2,0.7769209519624646,31.12983060946713,False,0.6963398715954816,ok,24.185417631537472,1.1725824701193366,0.006623451962545879,e822f68b743b9f484da1824f1363abfe687431779b32ade437356ec09cb65509,,0.10751414805016284,0.1292786439054841
7e28542fda40db288ad2613b49f17b1248f6f2ce,False,True,article-s-objective-preregistration,article-s-objective-implementation,4.0,0.95,15,20260617,3,0.888266081690241,28.777834923290822,False,0.3204078238944179,ok,25.562374666840117,1.355605473039067,0.006726664146926797,27c10bd0136a8c0ce6f691874eb130f772bb905d9281d434bbe9b914ea35c2fe,,0.10751414805016284,0.1292786439054841
7e28542fda40db288ad2613b49f17b1248f6f2ce,False,True,article-s-objective-preregistration,article-s-objective-implementation,4.0,0.95,15,20260617,4,0.6862226491969845,33.47369694085333,False,1.0860431383377436,ok,22.970408993169368,0.9694466726969388,0.00691772139655189,ec95ee0afb5a2a952658a902995b15f13b180a65607579a9dd6e0d6e98d1e10a,,0.10751414805016284,0.1292786439054841
7e28542fda40db288ad2613b49f17b1248f6f2ce,False,True,article-s-objective-preregistration,article-s-objective-implementation,4.0,0.95,15,20260617,5,0.7463375658867182,31.870441463114062,False,0.8209869129653933,ok,23.786107705315686,1.1034623995248505,0.006819079391328753,516e037e2722815622c01376e088ffde420ba68327765913944b11825b9d0239,,0.10751414805016284,0.1292786439054841
7e28542fda40db288ad2613b49f17b1248f6f2ce,False,True,article-s-objective-preregistration,article-s-objective-implementation,4.0,0.95,16,20260618,1,0.7250030315868001,32.415710231361516,False,0.8943101683021287,ok,23.501488188776353,1.0698006492290921,0.006718497921989197,c69adbba323d3fc31f4506519c5099d4233b4e5de40453d6ec8f93c3590d0388,,0.10751414805016284,0.1292786439054841
7e28542fda40db288ad2613b49f17b1248f6f2ce,False,True,article-s-objective-preregistration,article-s-objective-implementation,4.0,0.95,16,20260618,2,0.916417823835948,28.255212122241154,False,0.304463530095075,ok,25.893580005087337,1.3637298103911604,0.006739293891167453,3877cf4eeb6ae7bfb64e07e8d085e82115cb51dd243f4736e4c154784751eece,,0.10751414805016284,0.1292786439054841
7e28542fda40db288ad2613b49f17b1248f6f2ce,False,True,article-s-objective-preregistration,article-s-objective-implementation,4.0,0.95,16,20260618,3,0.6871044713417495,33.44861284140861,False,1.0860431383377436,ok,22.982691443510916,0.9694466726969388,0.00691772139655189,ec95ee0afb5a2a952658a902995b15f13b180a65607579a9dd6e0d6e98d1e10a,,0.10751414805016284,0.1292786439054841
7e28542fda40db288ad2613b49f17b1248f6f2ce,False,True,article-s-objective-preregistration,article-s-objective-implementation,4.0,0.95,16,20260618,4,0.6775984436433343,33.72168391542417,False,1.0901077680117472,ok,22.84976053812388,0.967681422103251,0.006917470547810112,5d2fcf97aaac427c065211490efd1b99514c17a7aacf370440415780a724599a,,0.10751414805016284,0.1292786439054841
7e28542fda40db288ad2613b49f17b1248f6f2ce,False,True,article-s-objective-preregistration,article-s-objective-implementation,4.0,0.95,16,20260618,5,0.910618932008679,28.36078319889417,False,0.31070872451172205,ok,25.825866107506695,1.3605248979016107,0.0067330679836534735,1f261b3e22e7feb822c840e0af58a7cd5dd13153df4db45b57ddc6b6f648654c,,0.10751414805016284,0.1292786439054841
7e28542fda40db288ad2613b49f17b1248f6f2ce,False,True,article-s-objective-preregistration,article-s-objective-implementation,4.0,0.95,17,20260619,1,0.8494865921820429,29.541958821198403,False,0.43241533223097084,ok,25.09549792540207,1.3047519281183066,0.006645474923971939,2a607698e11c3e8c0d0b2bc4933e1ca82c660f5593b7f919b16a6ae2a1e5dd47,0.0813702469010833,0.10751414805016284,0.1292786439054841
7e28542fda40db288ad2613b49f17b1248f6f2ce,False,True,article-s-objective-preregistration,article-s-objective-implementation,4.0,0.95,17,20260619,2,0.98310661101879,27.11240880359087,True,0.0813702469010833,ok,26.65438833545423,1.4778171724503113,0.006744421515330057,57993468ef6f91c35c81445ff2e282ee8b1ebae0eaa43e522c835d1d6b1c4486,0.0813702469010833,0.10751414805016284,0.1292786439054841
7e28542fda40db288ad2613b49f17b1248f6f2ce,False,True,article-s-objective-preregistration,article-s-objective-implementation,4.0,0.95,17,20260619,3,0.8189226050855687,30.18387159710943,False,0.6010217592256119,ok,24.718254759873158,1.2160771231465648,0.006690385075675653,20866356df685c52d2e4a343a7b7c1ffece604bf1516dd4fd2a4c477dc028941,0.0813702469010833,0.10751414805016284,0.1292786439054841
7e28542fda40db288ad2613b49f17b1248f6f2ce,False,True,article-s-objective-preregistration,article-s-objective-implementation,4.0,0.95,17,20260619,4,0.904562014607161,28.4721878857799,False,0.3120327064105777,ok,25.75485963423467,1.3594413615980208,0.006727799170115567,ed2339187da72d0fb971d6f53ed211b3250349501a0de6602e505bcce9f9419f,0.0813702469010833,0.10751414805016284,0.1292786439054841
7e28542fda40db288ad2613b49f17b1248f6f2ce,False,True,article-s-objective-preregistration,article-s-objective-implementation,4.0,0.95,17,20260619,5,0.9187962478036951,28.21221569319807,False,0.29958591661816397,ok,25.921277921138905,1.3662963877771865,0.0067496602591257115,ddb81f32772fb22a75e20ce08496d7fe3a2208d5529827d937d99386733cb67e,0.0813702469010833,0.10751414805016284,0.1292786439054841
7e28542fda40db288ad2613b49f17b1248f6f2ce,False,True,article-s-objective-preregistration,article-s-objective-implementation,4.0,0.95,18,20260620,1,0.9959397392402256,26.90645118565134,True,0.0023603399533931525,ok,26.79720397771745,1.5121728964065084,0.006884296015793989,980825f875ffb7d7690e6ab791f7f41e5e312bf6576af4b08ec6fcd64cc5a10f,0.12375568219026067,0.10751414805016284,0.1292786439054841
7e28542fda40db288ad2613b49f17b1248f6f2ce,False,True,article-s-objective-preregistration,article-s-objective-implementation,4.0,0.95,18,20260620,2,0.8315403422298966,29.91439023760082,False,0.5291379157074441,ok,24.875022295773263,1.2479082128435623,0.006795087736451766,a2e9a47584fc166871e042467b5bbd65142d61d8b0da68f469b4747940a0d2bf,0.12375568219026067,0.10751414805016284,0.1292786439054841
7e28542fda40db288ad2613b49f17b1248f6f2ce,False,True,article-s-objective-preregistration,article-s-objective-implementation,4.0,0.95,18,20260620,3,0.7570596519511532,31.605485063755847,False,0.816795928173047,ok,23.92723752211437,1.1049018358555036,0.006814241706076807,327d7af55b445e45e1662fdda73ad1fac0c3452798283a24d3aff49b8dd288ec,0.12375568219026067,0.10751414805016284,0.1292786439054841
7e28542fda40db288ad2613b49f17b1248f6f2ce,False,True,article-s-objective-preregistration,article-s-objective-implementation,4.0,0.95,18,20260620,4,0.9247042209744609,28.106167783135415,False,0.29385791597093985,ok,25.989891984481726,1.369161654052536,0.006761077188100817,14958db3c2827f700a56955f13fb26505babe33b2ede26119ca031d4b12d6112,0.12375568219026067,0.10751414805016284,0.1292786439054841
7e28542fda40db288ad2613b49f17b1248f6f2ce,False,True,article-s-objective-preregistration,article-s-objective-implementation,4.0,0.95,18,20260620,5,0.942442963234837,27.79407311834452,True,0.12375568219026067,ok,26.194328630018337,1.455761442684774,0.006716413116976572,834b254019fca723880ed271638fdb07e5edbbce36d2308ae95b04bafa3346c8,0.12375568219026067,0.10751414805016284,0.1292786439054841
7e28542fda40db288ad2613b49f17b1248f6f2ce,False,True,article-s-objective-preregistration,article-s-objective-implementation,4.0,0.95,19,20260621,1,0.8250106208528465,30.053041639947338,False,0.5866582306403084,ok,24.7940785418894,1.223291059757548,0.006716515932653433,1642ba03df5279e7b9e7778102be696ad2f668a7b39b0986b3ac594fbf9be895,,0.10751414805016284,0.1292786439054841
7e28542fda40db288ad2613b49f17b1248f6f2ce,False,True,article-s-objective-preregistration,article-s-objective-implementation,4.0,0.95,19,20260621,2,0.8639671263943632,29.250332463538225,False,0.40653408346458847,ok,25.271325684602875,1.3175256690545225,0.0066211048720621335,a6c727313926c4040400243d311cdce2baca7af61e3e4c48c8c74adbd60f6b4a,,0.10751414805016284,0.1292786439054841
7e28542fda40db288ad2613b49f17b1248f6f2ce,False,True,article-s-objective-preregistration,article-s-objective-implementation,4.0,0.95,19,20260621,3,0.7312916610046845,32.252412475930846,False,0.8863975059410066,ok,23.585920290931675,1.0739192454245359,0.006732061320574356,296b767f506099534a1c2bc260436c20ad9493261c22b3a4a781883c5134c2a5,,0.10751414805016284,0.1292786439054841
7e28542fda40db288ad2613b49f17b1248f6f2ce,False,True,article-s-objective-preregistration,article-s-objective-implementation,4.0,0.95,19,20260621,4,0.773792692435108,31.203482506035115,False,0.7018325313158417,ok,24.1450267416967,1.169891390862697,0.006614623650824658,4a8d0fbddc38da5bd2c2e16cc471d0e475aa9b4a8bbf1534aae8097b4c262dc2,,0.10751414805016284,0.1292786439054841
7e28542fda40db288ad2613b49f17b1248f6f2ce,False,True,article-s-objective-preregistration,article-s-objective-implementation,4.0,0.95,19,20260621,5,0.9073689635912853,28.4204142187548,False,0.31070872451172205,ok,25.78780179450657,1.3605248979016107,0.0067330679836534735,1f261b3e22e7feb822c840e0af58a7cd5dd13153df4db45b57ddc6b6f648654c,,0.10751414805016284,0.1292786439054841
7e28542fda40db288ad2613b49f17b1248f6f2ce,False,True,article-s-objective-preregistration,article-s-objective-implementation,4.0,0.95,20,20260622,1,0.9764392898919323,27.221097629813823,True,0.09642298586964951,ok,26.57974923973437,1.4702311790992681,0.0067222533822510755,11c70ae242ff8df1602777379aff474972a2150575860022266b4d5e4537770a,0.09642298586964951,0.10751414805016284,0.1292786439054841
7e28542fda40db288ad2613b49f17b1248f6f2ce,False,True,article-s-objective-preregistration,article-s-objective-implementation,4.0,0.95,20,20260622,2,0.8998834050831047,28.55904835444105,False,0.31583884411143026,ok,25.699813679127452,1.3577395140459105,0.006725177579898212,a62f2e4c90854034b4c8c0a319de7231d8585dd4e18308492f9fed211ef4330a,0.09642298586964951,0.10751414805016284,0.1292786439054841
7e28542fda40db288ad2613b49f17b1248f6f2ce,False,True,article-s-objective-preregistration,article-s-objective-implementation,4.0,0.95,20,20260622,3,0.7107154893285988,32.79504385176323,False,0.9043095155156308,ok,23.30794563865876,1.065124026070661,0.0067290224293183876,1ed455013a1f8a44d391b90f9b7f0057033b400339cd7d9e65d55cd65eff58d3,0.09642298586964951,0.10751414805016284,0.1292786439054841
7e28542fda40db288ad2613b49f17b1248f6f2ce,False,True,article-s-objective-preregistration,article-s-objective-implementation,4.0,0.95,20,20260622,4,0.8024105434400164,30.546508437712735,False,0.6181122202839882,ok,24.51084043570012,1.207055385643157,0.006666589197710682,9fdf11aaf22a63b6d2dcceb9ef11f13f815112be6a150116c5cdd009f46d73ad,0.09642298586964951,0.10751414805016284,0.1292786439054841
7e28542fda40db288ad2613b49f17b1248f6f2ce,False,True,article-s-objective-preregistration,article-s-objective-implementation,4.0,0.95,20,20260622,5,0.9946609409934883,26.926785894233262,True,0.0023603399533931525,ok,26.783022195488247,1.5121728964065084,0.006884296015793989,980825f875ffb7d7690e6ab791f7f41e5e312bf6576af4b08ec6fcd64cc5a10f,0.09642298586964951,0.10751414805016284,0.1292786439054841
7e28542fda40db288ad2613b49f17b1248f6f2ce,False,True,article-s-objective-preregistration,article-s-objective-implementation,4.0,0.95,21,20260623,1,0.868743511340596,29.155817079665514,False,0.40110911343082617,ok,25.32892690579274,1.3202506691879046,0.00663108368483778,a2a885414c815cb12444c270e5d388c73bd1763bc96976c75a536fe91c8f5ba9,,0.10751414805016284,0.1292786439054841
7e28542fda40db288ad2613b49f17b1248f6f2ce,False,True,article-s-objective-preregistration,article-s-objective-implementation,4.0,0.95,21,20260623,2,0.7633681982761705,31.452311165318488,False,0.7562183031833012,ok,24.009694105890656,1.140878736190761,0.006706412382038174,3fa5f8f373ae417c3a1a9daf2edef6048768598cd3f93f111349c2e1a990a160,,0.10751414805016284,0.1292786439054841
7e28542fda40db288ad2613b49f17b1248f6f2ce,False,True,article-s-objective-preregistration,article-s-objective-implementation,4.0,0.95,21,20260623,3,0.7935314001259803,30.74637806456214,False,0.6232357124355598,ok,24.398216434374724,1.205280127654216,0.0066769490657616615,ac372ff74b48b0653fa12b845462090433268d2e324534a97fceefc9e9a14011,,0.10751414805016284,0.1292786439054841
7e28542fda40db288ad2613b49f17b1248f6f2ce,False,True,article-s-objective-preregistration,article-s-objective-implementation,4.0,0.95,21,20260623,4,0.7998438411778105,30.60392822512429,False,0.6182246595742732,ok,24.478363506713425,1.2075444392964887,0.00667276045315468,0e0d3a79e9e664f9e6bacb37b2b8f46a667fb5de318124c4c40b1202115438ae,,0.10751414805016284,0.1292786439054841
7e28542fda40db288ad2613b49f17b1248f6f2ce,False,True,article-s-objective-preregistration,article-s-objective-implementation,4.0,0.95,21,20260623,5,0.7561377642571622,31.62803566710544,False,0.816795928173047,ok,23.91515217717089,1.1049018358555036,0.006814241706076807,327d7af55b445e45e1662fdda73ad1fac0c3452798283a24d3aff49b8dd288ec,,0.10751414805016284,0.1292786439054841
7e28542fda40db288ad2613b49f17b1248f6f2ce,False,True,article-s-objective-preregistration,article-s-objective-implementation,4.0,0.95,22,20260624,1,0.934281899441331,27.9364981802865,True,0.13567752090344692,ok,26.100564583617356,1.4497767959374606,0.006743567150779395,43547920df8caba1ee3ae3432e5bafc35554a71b5df5c2b8dbbfdb968e3c45f0,0.13567752090344692,0.10751414805016284,0.1292786439054841
7e28542fda40db288ad2613b49f17b1248f6f2ce,False,True,article-s-objective-preregistration,article-s-objective-implementation,4.0,0.95,22,20260624,2,0.9736129504702754,27.267526435969902,True,0.09642298586964951,ok,26.54801686535089,1.4702311790992681,0.0067222533822510755,11c70ae242ff8df1602777379aff474972a2150575860022266b4d5e4537770a,0.13567752090344692,0.10751414805016284,0.1292786439054841
7e28542fda40db288ad2613b49f17b1248f6f2ce,False,True,article-s-objective-preregistration,article-s-objective-implementation,4.0,0.95,22,20260624,3,0.7150894648708759,32.677663586290265,False,0.9020158419645833,ok,23.36745296715081,1.0657887113657503,0.006716497889235118,7a663e248cffa14537aa85267a003208d06ba83c4b7f5b151858e7f9b0461632,0.13567752090344692,0.10751414805016284,0.1292786439054841
7e28542fda40db288ad2613b49f17b1248f6f2ce,False,True,article-s-objective-preregistration,article-s-objective-implementation,4.0,0.95,22,20260624,4,0.744899881318335,31.906419944033463,False,0.8209869129653933,ok,23.767088429603483,1.1034623995248505,0.006819079391328753,516e037e2722815622c01376e088ffde420ba68327765913944b11825b9d0239,0.13567752090344692,0.10751414805016284,0.1292786439054841
7e28542fda40db288ad2613b49f17b1248f6f2ce,False,True,article-s-objective-preregistration,article-s-objective-implementation,4.0,0.95,22,20260624,5,0.9000514680123219,28.555915892163576,False,0.31583884411143026,ok,25.70179401917822,1.3577395140459105,0.006725177579898212,a62f2e4c90854034b4c8c0a319de7231d8585dd4e18308492f9fed211ef4330a,0.13567752090344692,0.10751414805016284,0.1292786439054841
7e28542fda40db288ad2613b49f17b1248f6f2ce,False,True,article-s-objective-preregistration,article-s-objective-implementation,4.0,0.95,23,20260625,1,0.792921123018682,30.760243842125945,False,0.6232357124355598,ok,24.390447091627003,1.205280127654216,0.0066769490657616615,ac372ff74b48b0653fa12b845462090433268d2e324534a97fceefc9e9a14011,0.08375172719879717,0.10751414805016284,0.1292786439054841
7e28542fda40db288ad2613b49f17b1248f6f2ce,False,True,article-s-objective-preregistration,article-s-objective-implementation,4.0,0.95,23,20260625,2,0.9078089103706775,28.412322329593806,False,0.31070872451172205,ok,25.792959375129023,1.3605248979016107,0.0067330679836534735,1f261b3e22e7feb822c840e0af58a7cd5dd13153df4db45b57ddc6b6f648654c,0.08375172719879717,0.10751414805016284,0.1292786439054841
7e28542fda40db288ad2613b49f17b1248f6f2ce,False,True,article-s-objective-preregistration,article-s-objective-implementation,4.0,0.95,23,20260625,3,0.8311611156098655,29.922395982783097,False,0.5291379157074441,ok,24.870332026770157,1.2479082128435623,0.006795087736451766,a2e9a47584fc166871e042467b5bbd65142d61d8b0da68f469b4747940a0d2bf,0.08375172719879717,0.10751414805016284,0.1292786439054841
7e28542fda40db288ad2613b49f17b1248f6f2ce,False,True,article-s-objective-preregistration,article-s-objective-implementation,4.0,0.95,23,20260625,4,0.8640640394027687,29.248406591123693,False,0.40653408346458847,ok,25.2724963452209,1.3175256690545225,0.0066211048720621335,a6c727313926c4040400243d311cdce2baca7af61e3e4c48c8c74adbd60f6b4a,0.08375172719879717,0.10751414805016284,0.1292786439054841
7e28542fda40db288ad2613b49f17b1248f6f2ce,False,True,article-s-objective-preregistration,article-s-objective-implementation,4.0,0.95,23,20260625,5,0.9818345313556947,27.133055835657665,True,0.08375172719879717,ok,26.64017116065084,1.4770759090996746,0.006752510644213228,081b9c220f24fa16f11631e7f760acf788bdc2b1617c0ccb595ab50f11629c56,0.08375172719879717,0.10751414805016284,0.1292786439054841
7e28542fda40db288ad2613b49f17b1248f6f2ce,False,True,article-s-objective-preregistration,article-s-objective-implementation,4.0,0.95,24,20260626,1,0.9693972884080206,27.337174905978674,True,0.10082485468827505,ok,26.500583226591512,1.467803463071971,0.006711734342475406,684819a4032024118551ba94032d391c2be218b703c36b752a96b2065356f34a,0.10082485468827505,0.10751414805016284,0.1292786439054841
7e28542fda40db288ad2613b49f17b1248f6f2ce,False,True,article-s-objective-preregistration,article-s-objective-implementation,4.0,0.95,24,20260626,2,0.6956661546473076,33.20764042178043,False,0.977950903232905,ok,23.10143151713049,1.0316706248848162,0.0066918556871296,08be831bc2a75d527582b947bc83d976fcfc2aaa9461aabccd2f85bc0307a419,0.10082485468827505,0.10751414805016284,0.1292786439054841
7e28542fda40db288ad2613b49f17b1248f6f2ce,False,True,article-s-objective-preregistration,article-s-objective-implementation,4.0,0.95,24,20260626,3,0.6723747257569479,33.87428493995208,False,1.0901077680117472,ok,22.77621304671299,0.967681422103251,0.006917470547810112,5d2fcf97aaac427c065211490efd1b99514c17a7aacf370440415780a724599a,0.10082485468827505,0.10751414805016284,0.1292786439054841
7e28542fda40db288ad2613b49f17b1248f6f2ce,False,True,article-s-objective-preregistration,article-s-objective-implementation,4.0,0.95,24,20260626,4,0.6825027037700687,33.58006672518412,False,1.0860914018054877,ok,22.918486332717478,0.9700905599637338,0.00692570361396605,56d5c728bc8a34814868fbe00bfe41298aa40e7fab404246b4bb32a5b89bdc96,0.10082485468827505,0.10751414805016284,0.1292786439054841
7e28542fda40db288ad2613b49f17b1248f6f2ce,False,True,article-s-objective-preregistration,article-s-objective-implementation,4.0,0.95,24,20260626,5,0.7787952904255702,31.08592259874693,False,0.6844552974544622,ok,24.20957011843791,1.1784513065064783,0.006622734789242468,97b00825fa3aca9540c0e09811f04dc33bd88f397026f94c46faff5967ee1958,0.10082485468827505,0.10751414805016284,0.1292786439054841
7e28542fda40db288ad2613b49f17b1248f6f2ce,False,True,article-s-objective-preregistration,article-s-objective-implementation,4.0,0.95,25,20260627,1,0.9343660899133217,27.93501890040847,True,0.13567752090344692,ok,26.1015343816294,1.4497767959374606,0.006743567150779395,43547920df8caba1ee3ae3432e5bafc35554a71b5df5c2b8dbbfdb968e3c45f0,0.13567752090344692,0.10751414805016284,0.1292786439054841
7e28542fda40db288ad2613b49f17b1248f6f2ce,False,True,article-s-objective-preregistration,article-s-objective-implementation,4.0,0.95,25,20260627,2,0.7350172957892271,32.156695906902826,False,0.880145571725718,ok,23.635727667008226,1.0764004817125228,0.006730319739716162,f9550caeffcb2aa4ec0ce3d996838427628c6176bd740e0fa5521f3764e0c573,0.13567752090344692,0.10751414805016284,0.1292786439054841
7e28542fda40db288ad2613b49f17b1248f6f2ce,False,True,article-s-objective-preregistration,article-s-objective-implementation,4.0,0.95,25,20260627,3,0.9494275519982184,27.673715506416762,True,0.11520955882079661,ok,26.274187967952404,1.4602419080443212,0.00670993972738243,c3c8b6c0204934750a7b051df1e4a411060fb8138ac9ab399011f3f41d5c8791,0.13567752090344692,0.10751414805016284,0.1292786439054841
7e28542fda40db288ad2613b49f17b1248f6f2ce,False,True,article-s-objective-preregistration,article-s-objective-implementation,4.0,0.95,25,20260627,4,0.775231345278391,31.169553148852156,False,0.7018325313158417,ok,24.163614619310966,1.169891390862697,0.006614623650824658,4a8d0fbddc38da5bd2c2e16cc471d0e475aa9b4a8bbf1534aae8097b4c262dc2,0.13567752090344692,0.10751414805016284,0.1292786439054841
7e28542fda40db288ad2613b49f17b1248f6f2ce,False,True,article-s-objective-preregistration,article-s-objective-implementation,4.0,0.95,25,20260627,5,0.9681487808412431,27.357893839040905,True,0.10082485468827505,ok,26.486511566651608,1.467803463071971,0.006711734342475406,684819a4032024118551ba94032d391c2be218b703c36b752a96b2065356f34a,0.13567752090344692,0.10751414805016284,0.1292786439054841
7e28542fda40db288ad2613b49f17b1248f6f2ce,False,True,article-s-objective-preregistration,article-s-objective-implementation,4.0,0.95,26,20260628,1,0.7061003791164151,32.92011918904107,False,0.9091998028055978,ok,23.244908639939467,1.0633892395651472,0.006745000789994293,de827c1ff093decdb385357227aa3bb54ec2e91407a0ca336f7f964e4c19633e,0.1292786439054841,0.10751414805016284,0.1292786439054841
7e28542fda40db288ad2613b49f17b1248f6f2ce,False,True,article-s-objective-preregistration,article-s-objective-implementation,4.0,0.95,26,20260628,2,0.8849031605668767,28.84200997417381,False,0.3204078238944179,ok,25.522385783247785,1.355605473039067,0.006726664146926797,27c10bd0136a8c0ce6f691874eb130f772bb905d9281d434bbe9b914ea35c2fe,0.1292786439054841,0.10751414805016284,0.1292786439054841
7e28542fda40db288ad2613b49f17b1248f6f2ce,False,True,article-s-objective-preregistration,article-s-objective-implementation,4.0,0.95,26,20260628,3,0.9387634962393465,27.8580446529202,True,0.1292786439054841,ok,26.152115396767197,1.4530625760322384,0.006729459220384371,2431fb704afe597c29223938de870c7b1a94b425b1609954093433f09009e65f,0.1292786439054841,0.10751414805016284,0.1292786439054841
7e28542fda40db288ad2613b49f17b1248f6f2ce,False,True,article-s-objective-preregistration,article-s-objective-implementation,4.0,0.95,26,20260628,4,0.964188013976184,27.423902810504046,True,0.10751414805016284,ok,26.441798386335787,1.4645414997870034,0.006711934462254376,af5238976e4c163fbdba3b410be2b20ab2d4e5c24ce8266aa70f5c6b019955c3,0.1292786439054841,0.10751414805016284,0.1292786439054841
7e28542fda40db288ad2613b49f17b1248f6f2ce,False,True,article-s-objective-preregistration,article-s-objective-implementation,4.0,0.95,26,20260628,5,0.7350620040806434,32.15555188007249,False,0.880145571725718,ok,23.636324407285183,1.0764004817125228,0.006730319739716162,f9550caeffcb2aa4ec0ce3d996838427628c6176bd740e0fa5521f3764e0c573,0.1292786439054841,0.10751414805016284,0.1292786439054841
7e28542fda40db288ad2613b49f17b1248f6f2ce,False,True,article-s-objective-preregistration,article-s-objective-implementation,4.0,0.95,27,20260629,1,0.7313919570764065,32.249825794000714,False,0.8863975059410066,ok,23.587263202847357,1.0739192454245359,0.006732061320574356,296b767f506099534a1c2bc260436c20ad9493261c22b3a4a781883c5134c2a5,0.10082485468827505,0.10751414805016284,0.1292786439054841
7e28542fda40db288ad2613b49f17b1248f6f2ce,False,True,article-s-objective-preregistration,article-s-objective-implementation,4.0,0.95,27,20260629,2,0.719021458537535,32.57309345116409,False,0.8990280267047983,ok,23.420753162335433,1.0674694108831475,0.006722087416312306,dd273c336ec2a3d7daff56e1fcd1b78baf26b35f14442a87413888252fbf3e29,0.10082485468827505,0.10751414805016284,0.1292786439054841
7e28542fda40db288ad2613b49f17b1248f6f2ce,False,True,article-s-objective-preregistration,article-s-objective-implementation,4.0,0.95,27,20260629,3,0.9880195079032275,27.03306271426504,True,0.06640534727465344,ok,26.709193320065232,1.4852313222765865,0.006776955459025125,88813eeb54527625ba33201b417a4730696b92a73f12466aa9d0efdb6bfca369,0.10082485468827505,0.10751414805016284,0.1292786439054841
7e28542fda40db288ad2613b49f17b1248f6f2ce,False,True,article-s-objective-preregistration,article-s-objective-implementation,4.0,0.95,27,20260629,4,0.967841719745766,27.362995971782553,True,0.10082485468827505,ok,26.483049078726495,1.467803463071971,0.006711734342475406,684819a4032024118551ba94032d391c2be218b703c36b752a96b2065356f34a,0.10082485468827505,0.10751414805016284,0.1292786439054841
7e28542fda40db288ad2613b49f17b1248f6f2ce,False,True,article-s-objective-preregistration,article-s-objective-implementation,4.0,0.95,27,20260629,5,0.721598278447592,32.505044991762134,False,0.8959803658508143,ok,23.455584506917077,1.0687330291773758,0.00671462173309445,c4519568e63e7360e0c3c8167072862a5450c8c499d0356f4bff8d0f9bb33500,0.10082485468827505,0.10751414805016284,0.1292786439054841
7e28542fda40db288ad2613b49f17b1248f6f2ce,False,True,article-s-objective-preregistration,article-s-objective-implementation,4.0,0.95,28,20260630,1,0.8025571734036316,30.54323685035513,False,0.6181122202839882,ok,24.512693833218652,1.207055385643157,0.006666589197710682,9fdf11aaf22a63b6d2dcceb9ef11f13f815112be6a150116c5cdd009f46d73ad,,0.10751414805016284,0.1292786439054841
7e28542fda40db288ad2613b49f17b1248f6f2ce,False,True,article-s-objective-preregistration,article-s-objective-implementation,4.0,0.95,28,20260630,2,0.8433560161715852,29.66778588547797,False,0.4585917724057069,ok,25.020505713008284,1.2901894626788815,0.00668475977147498,d8fd9a2392e371d04e9f1a7e75a40c7fa3aec52d52ba526c53018201edfac995,,0.10751414805016284,0.1292786439054841
7e28542fda40db288ad2613b49f17b1248f6f2ce,False,True,article-s-objective-preregistration,article-s-objective-implementation,4.0,0.95,28,20260630,3,0.6706363553479855,33.92547646659275,False,1.0901077680117472,ok,22.751657890999613,0.967681422103251,0.006917470547810112,5d2fcf97aaac427c065211490efd1b99514c17a7aacf370440415780a724599a,,0.10751414805016284,0.1292786439054841
7e28542fda40db288ad2613b49f17b1248f6f2ce,False,True,article-s-objective-preregistration,article-s-objective-implementation,4.0,0.95,28,20260630,4,0.9073872215890372,28.420078278724304,False,0.31070872451172205,ok,25.78801586667459,1.3605248979016107,0.0067330679836534735,1f261b3e22e7feb822c840e0af58a7cd5dd13153df4db45b57ddc6b6f648654c,,0.10751414805016284,0.1292786439054841
7e28542fda40db288ad2613b49f17b1248f6f2ce,False,True,article-s-objective-preregistration,article-s-objective-implementation,4.0,0.95,28,20260630,5,0.8377174861231798,29.784787074538094,False,0.5291379157074441,ok,24.95123695279623,1.2479082128435623,0.006795087736451766,a2e9a47584fc166871e042467b5bbd65142d61d8b0da68f469b4747940a0d2bf,,0.10751414805016284,0.1292786439054841
7e28542fda40db288ad2613b49f17b1248f6f2ce,False,True,article-s-objective-preregistration,article-s-objective-implementation,4.0,0.95,29,20260631,1,0.7699682768277631,31.29415890070125,False,0.7137549832314543,ok,24.09550960354715,1.1636640800681417,0.0066171033407758095,94dc2eaf02a42f6c08ba34f800685167fd62aa25b567476896a9703dc1aa726e,0.0023603399533931525,0.10751414805016284,0.1292786439054841
7e28542fda40db288ad2613b49f17b1248f6f2ce,False,True,article-s-objective-preregistration,article-s-objective-implementation,4.0,0.95,29,20260631,2,0.7935320011511727,30.74636441721107,False,0.6232357124355598,ok,24.39822408411271,1.205280127654216,0.0066769490657616615,ac372ff74b48b0653fa12b845462090433268d2e324534a97fceefc9e9a14011,0.0023603399533931525,0.10751414805016284,0.1292786439054841
7e28542fda40db288ad2613b49f17b1248f6f2ce,False,True,article-s-objective-preregistration,article-s-objective-implementation,4.0,0.95,29,20260631,3,0.9963040192223488,26.90066617088176,True,0.0023603399533931525,ok,26.80124182580817,1.5121728964065084,0.006884296015793989,980825f875ffb7d7690e6ab791f7f41e5e312bf6576af4b08ec6fcd64cc5a10f,0.0023603399533931525,0.10751414805016284,0.1292786439054841
7e28542fda40db288ad2613b49f17b1248f6f2ce,False,True,article-s-objective-preregistration,article-s-objective-implementation,4.0,0.95,29,20260631,4,0.696664096341745,33.1798524843924,False,0.9731581142866075,ok,23.115211947791632,1.0340497108763962,0.006699096297191343,0bd63c1b3d1c37561d3b98e0c39cdc1ef5dc9315c553ae01a5ce4a548dc57a17,0.0023603399533931525,0.10751414805016284,0.1292786439054841
7e28542fda40db288ad2613b49f17b1248f6f2ce,False,True,article-s-objective-preregistration,article-s-objective-implementation,4.0,0.95,29,20260631,5,0.8462913350274728,29.60736149877089,False,0.44219938945909004,ok,25.056453489435814,1.2994270193977615,0.006654078215640791,4064c28a4070c2a67ce5b6ccbc2d5e8d425fc8a0f81c65703e6f9cf84f4aeaf9,0.0023603399533931525,0.10751414805016284,0.1292786439054841
7e28542fda40db288ad2613b49f17b1248f6f2ce,False,True,article-s-objective-preregistration,article-s-objective-implementation,4.0,0.95,30,20260632,1,0.73379202571189,32.18809121350944,False,0.8852229876977836,ok,23.619364655360176,1.0739089649237294,0.006722190719604448,1ba81b33d7a76a653dbcd2aea4d5e365ae5df1b84df70ec9cd68b2d4315b6c35,,0.10751414805016284,0.1292786439054841
7e28542fda40db288ad2613b49f17b1248f6f2ce,False,True,article-s-objective-preregistration,article-s-objective-implementation,4.0,0.95,30,20260632,2,0.8189487658370131,30.183306151872387,False,0.6010217592256119,ok,24.718581321956616,1.2160771231465648,0.006690385075675653,20866356df685c52d2e4a343a7b7c1ffece604bf1516dd4fd2a4c477dc028941,,0.10751414805016284,0.1292786439054841
7e28542fda40db288ad2613b49f17b1248f6f2ce,False,True,article-s-objective-preregistration,article-s-objective-implementation,4.0,0.95,30,20260632,3,0.8739611687780802,29.05349820981971,False,0.3844790996931174,ok,25.391629252545894,1.3278609210059367,0.006642579918889613,679a500a11b93fa1aa0ad837bf953bccb7b4f809e02ac3116ef5dd07a00c6047,,0.10751414805016284,0.1292786439054841
7e28542fda40db288ad2613b49f17b1248f6f2ce,False,True,article-s-objective-preregistration,article-s-objective-implementation,4.0,0.95,30,20260632,4,0.8989444451014067,28.576566232789904,False,0.31583884411143026,ok,25.688745475038917,1.3577395140459105,0.006725177579898212,a62f2e4c90854034b4c8c0a319de7231d8585dd4e18308492f9fed211ef4330a,,0.10751414805016284,0.1292786439054841
7e28542fda40db288ad2613b49f17b1248f6f2ce,False,True,article-s-objective-preregistration,article-s-objective-implementation,4.0,0.95,30,20260632,5,0.8412623242910963,29.711087064521976,False,0.5256421460443625,ok,24.994818161114882,1.2503867178004322,0.006805385956108356,f0e71d8b35a1d895181776c416f281cbacfe47acd29bcbe4fc665276fdac9a3e,,0.10751414805016284,0.1292786439054841
7e28542fda40db288ad2613b49f17b1248f6f2ce,False,True,article-s-objective-preregistration,article-s-objective-implementation,4.0,0.95,31,20260633,1,0.8965278570153261,28.62178444336547,False,0.31583884411143026,ok,25.660227070965043,1.3577395140459105,0.006725177579898212,a62f2e4c90854034b4c8c0a319de7231d8585dd4e18308492f9fed211ef4330a,,0.10751414805016284,0.1292786439054841
7e28542fda40db288ad2613b49f17b1248f6f2ce,False,True,article-s-objective-preregistration,article-s-objective-implementation,4.0,0.95,31,20260633,2,0.7538505293062681,31.684170122182124,False,0.816795928173047,ok,23.88512841723684,1.1049018358555036,0.006814241706076807,327d7af55b445e45e1662fdda73ad1fac0c3452798283a24d3aff49b8dd288ec,,0.10751414805016284,0.1292786439054841
7e28542fda40db288ad2613b49f17b1248f6f2ce,False,True,article-s-objective-preregistration,article-s-objective-implementation,4.0,0.95,31,20260633,3,0.6737296370821981,33.834527594482196,False,1.0901077680117472,ok,22.795323997078107,0.967681422103251,0.006917470547810112,5d2fcf97aaac427c065211490efd1b99514c17a7aacf370440415780a724599a,,0.10751414805016284,0.1292786439054841
7e28542fda40db288ad2613b49f17b1248f6f2ce,False,True,article-s-objective-preregistration,article-s-objective-implementation,4.0,0.95,31,20260633,4,0.9004827236259976,28.54788208895878,False,0.31583884411143026,ok,25.706874617219434,1.3577395140459105,0.006725177579898212,a62f2e4c90854034b4c8c0a319de7231d8585dd4e18308492f9fed211ef4330a,,0.10751414805016284,0.1292786439054841
7e28542fda40db288ad2613b49f17b1248f6f2ce,False,True,article-s-objective-preregistration,article-s-objective-implementation,4.0,0.95,31,20260633,5,0.8549619368215429,29.4307785251524,False,0.4265758422300366,ok,25.16219541003017,1.3076855523040585,0.00663100369228431,f3b71b48d2e28ed4994d034c5f11a462dce5fbfb2b338f251bd0a0467a2987da,,0.10751414805016284,0.1292786439054841
7e28542fda40db288ad2613b49f17b1248f6f2ce,False,True,article-s-objective-preregistration,article-s-objective-implementation,4.0,0.95,32,20260634,1,0.9025626142148356,28.509220935303976,False,0.3153714704904106,ok,25.731356976596278,1.3574405447480509,0.0067195151557988275,a15e1f839ebfa8f70bfc3030b3715e8c4c993fa35c5436d17c9d01d4036b7e0c,0.11520955882079661,0.10751414805016284,0.1292786439054841
7e28542fda40db288ad2613b49f17b1248f6f2ce,False,True,article-s-objective-preregistration,article-s-objective-implementation,4.0,0.95,32,20260634,2,0.9481536677418891,27.695562613411504,True,0.11520955882079661,ok,26.25964927208126,1.4602419080443212,0.00670993972738243,c3c8b6c0204934750a7b051df1e4a411060fb8138ac9ab399011f3f41d5c8791,0.11520955882079661,0.10751414805016284,0.1292786439054841
7e28542fda40db288ad2613b49f17b1248f6f2ce,False,True,article-s-objective-preregistration,article-s-objective-implementation,4.0,0.95,32,20260634,3,0.9099258632913818,28.37347161877352,False,0.31070872451172205,ok,25.817755657286018,1.3605248979016107,0.0067330679836534735,1f261b3e22e7feb822c840e0af58a7cd5dd13153df4db45b57ddc6b6f648654c,0.11520955882079661,0.10751414805016284,0.1292786439054841
7e28542fda40db288ad2613b49f17b1248f6f2ce,False,True,article-s-objective-preregistration,article-s-objective-implementation,4.0,0.95,32,20260634,4,0.7526250211140937,31.714356563135794,False,0.816795928173047,ok,23.869018277949973,1.1049018358555036,0.006814241706076807,327d7af55b445e45e1662fdda73ad1fac0c3452798283a24d3aff49b8dd288ec,0.11520955882079661,0.10751414805016284,0.1292786439054841
7e28542fda40db288ad2613b49f17b1248f6f2ce,False,True,article-s-objective-preregistration,article-s-objective-implementation,4.0,0.95,32,20260634,5,0.9658571388203859,27.396033561807904,True,0.10392561784371587,ok,26.46065459103505,1.4666544868474256,0.006721227730375645,40bf837ec5343ef72a95bbcdf15dd563bec55df5799789bc552abc6f337406c2,0.11520955882079661,0.10751414805016284,0.1292786439054841
7e28542fda40db288ad2613b49f17b1248f6f2ce,False,True,article-s-objective-preregistration,article-s-objective-implementation,4.0,0.95,33,20260635,1,0.7062245079856967,32.91673852017132,False,0.9091998028055978,ok,23.24660746590182,1.0633892395651472,0.006745000789994293,de827c1ff093decdb385357227aa3bb54ec2e91407a0ca336f7f964e4c19633e,,0.10751414805016284,0.1292786439054841
7e28542fda40db288ad2613b49f17b1248f6f2ce,False,True,article-s-objective-preregistration,article-s-objective-implementation,4.0,0.95,33,20260635,2,0.9052541551715118,28.45939800837704,False,0.3120327064105777,ok,25.762988300763162,1.3594413615980208,0.006727799170115567,ed2339187da72d0fb971d6f53ed211b3250349501a0de6602e505bcce9f9419f,,0.10751414805016284,0.1292786439054841
7e28542fda40db288ad2613b49f17b1248f6f2ce,False,True,article-s-objective-preregistration,article-s-objective-implementation,4.0,0.95,33,20260635,3,0.7995769872738449,30.60991456539604,False,0.6182246595742732,ok,24.474983268909146,1.2075444392964887,0.00667276045315468,0e0d3a79e9e664f9e6bacb37b2b8f46a667fb5de318124c4c40b1202115438ae,,0.10751414805016284,0.1292786439054841
7e28542fda40db288ad2613b49f17b1248f6f2ce,False,True,article-s-objective-preregistration,article-s-objective-implementation,4.0,0.95,33,20260635,4,0.7397308318169095,32.03667610214359,False,0.8668655797048965,ok,23.698517061687582,1.0829389799893883,0.006752262621048999,43f20937dff47c7cf7c27c9e1ffd2a14b4526beee0977eee30709035c6ca532f,,0.10751414805016284,0.1292786439054841
7e28542fda40db288ad2613b49f17b1248f6f2ce,False,True,article-s-objective-preregistration,article-s-objective-implementation,4.0,0.95,33,20260635,5,0.8853749768729142,28.832983134311945,False,0.3204078238944179,ok,25.528001775718565,1.355605473039067,0.006726664146926797,27c10bd0136a8c0ce6f691874eb130f772bb905d9281d434bbe9b914ea35c2fe,,0.10751414805016284,0.1292786439054841
7e28542fda40db288ad2613b49f17b1248f6f2ce,False,True,article-s-objective-preregistration,article-s-objective-implementation,4.0,0.95,34,20260636,1,0.7014147359575894,33.048412703224436,False,0.9537345108022333,ok,23.180643670049612,1.043789638640748,0.006706983328625515,9730d221d6d443c86462ac756fd97481753b3b7d0882158923773113a2570f7d,0.10751414805016284,0.10751414805016284,0.1292786439054841
7e28542fda40db288ad2613b49f17b1248f6f2ce,False,True,article-s-objective-preregistration,article-s-objective-implementation,4.0,0.95,34,20260636,2,0.770922261040017,31.27147432544206,False,0.7137549832314543,ok,24.107875693024635,1.1636640800681417,0.0066171033407758095,94dc2eaf02a42f6c08ba34f800685167fd62aa25b567476896a9703dc1aa726e,0.10751414805016284,0.10751414805016284,0.1292786439054841
7e28542fda40db288ad2613b49f17b1248f6f2ce,False,True,article-s-objective-preregistration,article-s-objective-implementation,4.0,0.95,34,20260636,3,0.8003750625620929,30.592020617154816,False,0.6182246595742732,ok,24.485090415356122,1.2075444392964887,0.00667276045315468,0e0d3a79e9e664f9e6bacb37b2b8f46a667fb5de318124c4c40b1202115438ae,0.10751414805016284,0.10751414805016284,0.1292786439054841
7e28542fda40db288ad2613b49f17b1248f6f2ce,False,True,article-s-objective-preregistration,article-s-objective-implementation,4.0,0.95,34,20260636,4,0.9641429490007104,27.42465631294849,True,0.10751414805016284,ok,26.441289012897105,1.4645414997870034,0.006711934462254376,af5238976e4c163fbdba3b410be2b20ab2d4e5c24ce8266aa70f5c6b019955c3,0.10751414805016284,0.10751414805016284,0.1292786439054841
7e28542fda40db288ad2613b49f17b1248f6f2ce,False,True,article-s-objective-preregistration,article-s-objective-implementation,4.0,0.95,34,20260636,5,0.7353090735695518,32.14923164801393,False,0.880145571725718,ok,23.639621739074038,1.0764004817125228,0.006730319739716162,f9550caeffcb2aa4ec0ce3d996838427628c6176bd740e0fa5521f3764e0c573,0.10751414805016284,0.10751414805016284,0.1292786439054841
7e28542fda40db288ad2613b49f17b1248f6f2ce,False,True,article-s-objective-preregistration,article-s-objective-implementation,4.0,0.95,35,20260637,1,0.8485022404505211,29.562066009507262,False,0.4355025344805112,ok,25.08347924141311,1.302939336854038,0.0066385995661275565,cc23aab39a39f646cad161e97f9f5e2846bdb8f94e37428e95e4718bbadab67a,,0.10751414805016284,0.1292786439054841
7e28542fda40db288ad2613b49f17b1248f6f2ce,False,True,article-s-objective-preregistration,article-s-objective-implementation,4.0,0.95,35,20260637,2,0.8536119815795402,29.45808623902472,False,0.4265758422300366,ok,25.145775368034876,1.3076855523040585,0.00663100369228431,f3b71b48d2e28ed4994d034c5f11a462dce5fbfb2b338f251bd0a0467a2987da,,0.10751414805016284,0.1292786439054841
7e28542fda40db288ad2613b49f17b1248f6f2ce,False,True,article-s-objective-preregistration,article-s-objective-implementation,4.0,0.95,35,20260637,3,0.7169126150966025,32.62906655685838,False,0.9020158419645833,ok,23.39218943343844,1.0657887113657503,0.006716497889235118,7a663e248cffa14537aa85267a003208d06ba83c4b7f5b151858e7f9b0461632,,0.10751414805016284,0.1292786439054841
7e28542fda40db288ad2613b49f17b1248f6f2ce,False,True,article-s-objective-preregistration,article-s-objective-implementation,4.0,0.95,35,20260637,4,0.8365335899665216,29.809510244568706,False,0.5291379157074441,ok,24.936656620032863,1.2479082128435623,0.006795087736451766,a2e9a47584fc166871e042467b5bbd65142d61d8b0da68f469b4747940a0d2bf,,0.10751414805016284,0.1292786439054841
7e28542fda40db288ad2613b49f17b1248f6f2ce,False,True,article-s-objective-preregistration,article-s-objective-implementation,4.0,0.95,35,20260637,5,0.8078235205207277,30.426351391098276,False,0.6119517139296042,ok,24.57912229735775,1.2110258574204107,0.006682322627009185,65a551d7431241d0e563c5a228174e325594f4afdc16cf27a6dfb68a29deb69c,,0.10751414805016284,0.1292786439054841
7e28542fda40db288ad2613b49f17b1248f6f2ce,False,True,article-s-objective-preregistration,article-s-objective-implementation,4.0,0.95,36,20260638,1,0.9226802495677139,28.142377514136403,False,0.29385791597093985,ok,25.966415908172195,1.369161654052536,0.006761077188100817,14958db3c2827f700a56955f13fb26505babe33b2ede26119ca031d4b12d6112,,0.10751414805016284,0.1292786439054841
7e28542fda40db288ad2613b49f17b1248f6f2ce,False,True,article-s-objective-preregistration,article-s-objective-implementation,4.0,0.95,36,20260638,2,0.6811379385796476,33.61931729072375,False,1.0860914018054877,ok,22.899392475858676,0.9700905599637338,0.00692570361396605,56d5c728bc8a34814868fbe00bfe41298aa40e7fab404246b4bb32a5b89bdc96,,0.10751414805016284,0.1292786439054841
7e28542fda40db288ad2613b49f17b1248f6f2ce,False,True,article-s-objective-preregistration,article-s-objective-implementation,4.0,0.95,36,20260638,3,0.7783241901590701,31.096942992215087,False,0.6919445933985465,ok,24.203502970838578,1.1745941548737422,0.006609369559083422,29c128bacf3ed9b31e5dd64a34998a71e2006df397327fa8679d103b99f59ed1,,0.10751414805016284,0.1292786439054841
7e28542fda40db288ad2613b49f17b1248f6f2ce,False,True,article-s-objective-preregistration,article-s-objective-implementation,4.0,0.95,36,20260638,4,0.8854986446660807,28.830618359796247,False,0.3204078238944179,ok,25.5294734824846,1.355605473039067,0.006726664146926797,27c10bd0136a8c0ce6f691874eb130f772bb905d9281d434bbe9b914ea35c2fe,,0.10751414805016284,0.1292786439054841
7e28542fda40db288ad2613b49f17b1248f6f2ce,False,True,article-s-objective-preregistration,article-s-objective-implementation,4.0,0.95,36,20260638,5,0.7656281405974078,31.39791850625405,False,0.7386659859702026,ok,24.03912996457223,1.1508421566314113,0.006668398825136368,6d8d7b74c02bf92cbf87a7856ebf07399d773080649cd4bd2212d7be64077996,,0.10751414805016284,0.1292786439054841
7e28542fda40db288ad2613b49f17b1248f6f2ce,False,True,article-s-objective-preregistration,article-s-objective-implementation,4.0,0.95,37,20260639,1,0.9375467388296117,27.879286369965154,True,0.1292786439054841,ok,26.138134017057673,1.4530625760322384,0.006729459220384371,2431fb704afe597c29223938de870c7b1a94b425b1609954093433f09009e65f,0.1292786439054841,0.10751414805016284,0.1292786439054841
7e28542fda40db288ad2613b49f17b1248f6f2ce,False,True,article-s-objective-preregistration,article-s-objective-implementation,4.0,0.95,37,20260639,2,0.9590842470256897,27.509594657680797,True,0.10751414805016284,ok,26.384018878243722,1.4645414997870034,0.006711934462254376,af5238976e4c163fbdba3b410be2b20ab2d4e5c24ce8266aa70f5c6b019955c3,0.1292786439054841,0.10751414805016284,0.1292786439054841
7e28542fda40db288ad2613b49f17b1248f6f2ce,False,True,article-s-objective-preregistration,article-s-objective-implementation,4.0,0.95,37,20260639,3,0.6801818453152173,33.646887231168954,False,1.0860914018054877,ok,22.88600184600952,0.9700905599637338,0.00692570361396605,56d5c728bc8a34814868fbe00bfe41298aa40e7fab404246b4bb32a5b89bdc96,0.1292786439054841,0.10751414805016284,0.1292786439054841
7e28542fda40db288ad2613b49f17b1248f6f2ce,False,True,article-s-objective-preregistration,article-s-objective-implementation,4.0,0.95,37,20260639,4,0.9113090680488387,28.34816356868455,False,0.30995992388933424,ok,25.83393852267396,1.3612974246547658,0.006737382164112127,985b0821d71fb91c9de98079874acc7e7ff604ed60bd6cd725a3c97a1c092c1e,0.1292786439054841,0.10751414805016284,0.1292786439054841
7e28542fda40db288ad2613b49f17b1248f6f2ce,False,True,article-s-objective-preregistration,article-s-objective-implementation,4.0,0.95,37,20260639,5,0.9562328974589502,27.557782693397257,True,0.10751414805016284,ok,26.351658392451373,1.4645414997870034,0.006711934462254376,af5238976e4c163fbdba3b410be2b20ab2d4e5c24ce8266aa70f5c6b019955c3,0.1292786439054841,0.10751414805016284,0.1292786439054841
7e28542fda40db288ad2613b49f17b1248f6f2ce,False,True,article-s-objective-preregistration,article-s-objective-implementation,4.0,0.95,38,20260640,1,0.672079718412742,33.88295785109229,False,1.0901077680117472,ok,22.772048771552917,0.967681422103251,0.006917470547810112,5d2fcf97aaac427c065211490efd1b99514c17a7aacf370440415780a724599a,,0.10751414805016284,0.1292786439054841
7e28542fda40db288ad2613b49f17b1248f6f2ce,False,True,article-s-objective-preregistration,article-s-objective-implementation,4.0,0.95,38,20260640,2,0.8155190086565243,30.257679910072934,False,0.6060789710628954,ok,24.67571312450911,1.213516973814472,0.006681247018036629,ba77368a5d8f4514f450d80392b95edf6682c11361ada13d7b0a269cc99d1907,,0.10751414805016284,0.1292786439054841
7e28542fda40db288ad2613b49f17b1248f6f2ce,False,True,article-s-objective-preregistration,article-s-objective-implementation,4.0,0.95,38,20260640,3,0.7243900932713417,32.431744419836,False,0.8943101683021287,ok,23.493234365237317,1.0698006492290921,0.006718497921989197,c69adbba323d3fc31f4506519c5099d4233b4e5de40453d6ec8f93c3590d0388,,0.10751414805016284,0.1292786439054841
7e28542fda40db288ad2613b49f17b1248f6f2ce,False,True,article-s-objective-preregistration,article-s-objective-implementation,4.0,0.95,38,20260640,4,0.8788074653616713,28.959317822910425,False,0.32492501466805007,ok,25.449664694554983,1.3538976301386905,0.006735280861438486,f3723a0ca95911bfabf781b68e1230b4742c7d1c0344d00fe8b722d42a9f975a,,0.10751414805016284,0.1292786439054841
7e28542fda40db288ad2613b49f17b1248f6f2ce,False,True,article-s-objective-preregistration,article-s-objective-implementation,4.0,0.95,38,20260640,5,0.8961819602140745,28.628272413708892,False,0.31583884411143026,ok,25.656141289260148,1.3577395140459105,0.006725177579898212,a62f2e4c90854034b4c8c0a319de7231d8585dd4e18308492f9fed211ef4330a,,0.10751414805016284,0.1292786439054841
7e28542fda40db288ad2613b49f17b1248f6f2ce,False,True,article-s-objective-preregistration,article-s-objective-implementation,4.0,0.95,39,20260641,1,0.7772728254676198,31.121575058193415,False,0.6919445933985465,ok,24.1899545784846,1.1745941548737422,0.006609369559083422,29c128bacf3ed9b31e5dd64a34998a71e2006df397327fa8679d103b99f59ed1,0.10751414805016284,0.10751414805016284,0.1292786439054841
7e28542fda40db288ad2613b49f17b1248f6f2ce,False,True,article-s-objective-preregistration,article-s-objective-implementation,4.0,0.95,39,20260641,2,0.8023739617819167,30.547324788361657,False,0.6181122202839882,ok,24.510378012276693,1.207055385643157,0.006666589197710682,9fdf11aaf22a63b6d2dcceb9ef11f13f815112be6a150116c5cdd009f46d73ad,0.10751414805016284,0.10751414805016284,0.1292786439054841
7e28542fda40db288ad2613b49f17b1248f6f2ce,False,True,article-s-objective-preregistration,article-s-objective-implementation,4.0,0.95,39,20260641,3,0.921603033316932,28.161700452221147,False,0.29958591661816397,ok,25.953908560129825,1.3662963877771865,0.0067496602591257115,ddb81f32772fb22a75e20ce08496d7fe3a2208d5529827d937d99386733cb67e,0.10751414805016284,0.10751414805016284,0.1292786439054841
7e28542fda40db288ad2613b49f17b1248f6f2ce,False,True,article-s-objective-preregistration,article-s-objective-implementation,4.0,0.95,39,20260641,4,0.9588387978874984,27.513733869013674,True,0.10751414805016284,ok,26.38123550836162,1.4645414997870034,0.006711934462254376,af5238976e4c163fbdba3b410be2b20ab2d4e5c24ce8266aa70f5c6b019955c3,0.10751414805016284,0.10751414805016284,0.1292786439054841
7e28542fda40db288ad2613b49f17b1248f6f2ce,False,True,article-s-objective-preregistration,article-s-objective-implementation,4.0,0.95,39,20260641,5,0.9138848838893354,28.301195516583178,False,0.30591846825010227,ok,25.864034778601997,1.3635496918283683,0.006746586561859225,10f738da8861ca59c22a7a7cd7b1ad94913c009dc261088783569d4568b5fb2a,0.10751414805016284,0.10751414805016284,0.1292786439054841
7e28542fda40db288ad2613b49f17b1248f6f2ce,False,True,article-s-objective-preregistration,article-s-objective-implementation,4.0,0.95,40,20260642,1,0.9105092365926201,28.362790444940853,False,0.31070872451172205,ok,25.824582675659553,1.3605248979016107,0.0067330679836534735,1f261b3e22e7feb822c840e0af58a7cd5dd13153df4db45b57ddc6b6f648654c,,0.10751414805016284,0.1292786439054841
7e28542fda40db288ad2613b49f17b1248f6f2ce,False,True,article-s-objective-preregistration,article-s-objective-implementation,4.0,0.95,40,20260642,2,0.8701059637995832,29.129006262464436,False,0.39771287904009,ok,25.34532206852571,1.3215864183077983,0.006619988720444336,dec48a40fc4ccb62ec254b783cf4228879e86e6740b5d99b8cdab3b079cbc343,,0.10751414805016284,0.1292786439054841
7e28542fda40db288ad2613b49f17b1248f6f2ce,False,True,article-s-objective-preregistration,article-s-objective-implementation,4.0,0.95,40,20260642,3,0.9118021295787183,28.339156798391063,False,0.30995992388933424,ok,25.839703519238185,1.3612974246547658,0.006737382164112127,985b0821d71fb91c9de98079874acc7e7ff604ed60bd6cd725a3c97a1c092c1e,,0.10751414805016284,0.1292786439054841
7e28542fda40db288ad2613b49f17b1248f6f2ce,False,True,article-s-objective-preregistration,article-s-objective-implementation,4.0,0.95,40,20260642,4,0.7457082064829041,31.8861780632844,False,0.8209869129653933,ok,23.777784655166332,1.1034623995248505,0.006819079391328753,516e037e2722815622c01376e088ffde420ba68327765913944b11825b9d0239,,0.10751414805016284,0.1292786439054841
7e28542fda40db288ad2613b49f17b1248f6f2ce,False,True,article-s-objective-preregistration,article-s-objective-implementation,4.0,0.95,40,20260642,5,0.804357563315208,30.503142889941444,False,0.6181122202839882,ok,24.53543368840891,1.207055385643157,0.006666589197710682,9fdf11aaf22a63b6d2dcceb9ef11f13f815112be6a150116c5cdd009f46d73ad,,0.10751414805016284,0.1292786439054841
7e28542fda40db288ad2613b49f17b1248f6f2ce,False,True,article-s-objective-preregistration,article-s-objective-implementation,4.0,0.95,41,20260643,1,0.8268858832066097,30.013046958474092,False,0.5715855144414589,ok,24.817364841979302,1.2300492768326032,0.00673985552121481,0f0c3694f900c35799d885909be649feb8019a3b632c705c7436f5ef761d25f5,,0.10751414805016284,0.1292786439054841
7e28542fda40db288ad2613b49f17b1248f6f2ce,False,True,article-s-objective-preregistration,article-s-objective-implementation,4.0,0.95,41,20260643,2,0.9097208198265385,28.377228388150876,False,0.31070872451172205,ok,25.815355473673538,1.3605248979016107,0.0067330679836534735,1f261b3e22e7feb822c840e0af58a7cd5dd13153df4db45b57ddc6b6f648654c,,0.10751414805016284,0.1292786439054841
7e28542fda40db288ad2613b49f17b1248f6f2ce,False,True,article-s-objective-preregistration,article-s-objective-implementation,4.0,0.95,41,20260643,3,0.7809120857682017,31.03653288099771,False,0.6776021252062623,ok,24.236803627113296,1.1816113037291842,0.006632919374909729,0f2a65b36cafc46f8c237a8ecdf249f2addeb259b62c6680742127f870a7f0c1,,0.10751414805016284,0.1292786439054841
7e28542fda40db288ad2613b49f17b1248f6f2ce,False,True,article-s-objective-preregistration,article-s-objective-implementation,4.0,0.95,41,20260643,4,0.7146863057748701,32.68843603032385,False,0.9020158419645833,ok,23.361977588070314,1.0657887113657503,0.006716497889235118,7a663e248cffa14537aa85267a003208d06ba83c4b7f5b151858e7f9b0461632,,0.10751414805016284,0.1292786439054841
7e28542fda40db288ad2613b49f17b1248f6f2ce,False,True,article-s-objective-preregistration,article-s-objective-implementation,4.0,0.95,41,20260643,5,0.769543444204542,31.304275026060623,False,0.7198105160241128,ok,24.08999962188092,1.1605335832254207,0.006633292194943685,2a4958087b933fd0bd520f987c47f87eb3126dfa86199a414de6733336b3596a,,0.10751414805016284,0.1292786439054841
7e28542fda40db288ad2613b49f17b1248f6f2ce,False,True,article-s-objective-preregistration,article-s-objective-implementation,4.0,0.95,42,20260644,1,0.9740150528572875,27.260908041106237,True,0.09642298586964951,ok,26.552534786595746,1.4702311790992681,0.0067222533822510755,11c70ae242ff8df1602777379aff474972a2150575860022266b4d5e4537770a,0.13567752090344692,0.10751414805016284,0.1292786439054841
7e28542fda40db288ad2613b49f17b1248f6f2ce,False,True,article-s-objective-preregistration,article-s-objective-implementation,4.0,0.95,42,20260644,2,0.9321239628055765,27.974486356037556,True,0.13567752090344692,ok,26.07568907964026,1.4497767959374606,0.006743567150779395,43547920df8caba1ee3ae3432e5bafc35554a71b5df5c2b8dbbfdb968e3c45f0,0.13567752090344692,0.10751414805016284,0.1292786439054841
7e28542fda40db288ad2613b49f17b1248f6f2ce,False,True,article-s-objective-preregistration,article-s-objective-implementation,4.0,0.95,42,20260644,3,0.7023439349061846,33.02286542195035,False,0.9434884430657444,ok,23.19340924232999,1.048407159179796,0.0067010925752359896,c65d3df4560ed90114302a29962cb276cb028c23c6ceaad0167b9951a0992ca3,0.13567752090344692,0.10751414805016284,0.1292786439054841
7e28542fda40db288ad2613b49f17b1248f6f2ce,False,True,article-s-objective-preregistration,article-s-objective-implementation,4.0,0.95,42,20260644,4,0.8638216137448925,29.253224753757177,False,0.40653408346458847,ok,25.269567814032563,1.3175256690545225,0.0066211048720621335,a6c727313926c4040400243d311cdce2baca7af61e3e4c48c8c74adbd60f6b4a,0.13567752090344692,0.10751414805016284,0.1292786439054841
7e28542fda40db288ad2613b49f17b1248f6f2ce,False,True,article-s-objective-preregistration,article-s-objective-implementation,4.0,0.95,42,20260644,5,0.8110700120761924,30.354888579310167,False,0.6119517139296042,ok,24.619939846592573,1.2110258574204107,0.006682322627009185,65a551d7431241d0e563c5a228174e325594f4afdc16cf27a6dfb68a29deb69c,0.13567752090344692,0.10751414805016284,0.1292786439054841
7e28542fda40db288ad2613b49f17b1248f6f2ce,False,True,article-s-objective-preregistration,article-s-objective-implementation,4.0,0.95,43,20260645,1,0.8807458909437673,28.921875666294124,False,0.32494429379698164,ok,25.472823151475083,1.3534545897826988,0.0067309147547995885,175b537984f250dad2ae0a1f1d77e8da0f3353727125933295182d97ff7e4d91,,0.10751414805016284,0.1292786439054841
7e28542fda40db288ad2613b49f17b1248f6f2ce,False,True,article-s-objective-preregistration,article-s-objective-implementation,4.0,0.95,43,20260645,2,0.8433738474024066,29.667417828861414,False,0.4585917724057069,ok,25.020724316821603,1.2901894626788815,0.00668475977147498,d8fd9a2392e371d04e9f1a7e75a40c7fa3aec52d52ba526c53018201edfac995,,0.10751414805016284,0.1292786439054841
7e28542fda40db288ad2613b49f17b1248f6f2ce,False,True,article-s-objective-preregistration,article-s-objective-implementation,4.0,0.95,43,20260645,3,0.8380779361672613,29.777270712206743,False,0.5291379157074441,ok,24.955673583180065,1.2479082128435623,0.006795087736451766,a2e9a47584fc166871e042467b5bbd65142d61d8b0da68f469b4747940a0d2bf,,0.10751414805016284,0.1292786439054841
7e28542fda40db288ad2613b49f17b1248f6f2ce,False,True,article-s-objective-preregistration,article-s-objective-implementation,4.0,0.95,43,20260645,4,0.7326854756547675,32.21651477611095,False,0.8852229876977836,ok,23.604572452673697,1.0739089649237294,0.006722190719604448,1ba81b33d7a76a653dbcd2aea4d5e365ae5df1b84df70ec9cd68b2d4315b6c35,,0.10751414805016284,0.1292786439054841
7e28542fda40db288ad2613b49f17b1248f6f2ce,False,True,article-s-objective-preregistration,article-s-objective-implementation,4.0,0.95,43,20260645,5,0.7525916750767635,31.71517900628094,False,0.816795928173047,ok,23.868579693696375,1.1049018358555036,0.006814241706076807,327d7af55b445e45e1662fdda73ad1fac0c3452798283a24d3aff49b8dd288ec,,0.10751414805016284,0.1292786439054841
7e28542fda40db288ad2613b49f17b1248f6f2ce,False,True,article-s-objective-preregistration,article-s-objective-implementation,4.0,0.95,44,20260646,1,0.7749478777384973,31.176230698549112,False,0.7018325313158417,ok,24.15995381572642,1.169891390862697,0.006614623650824658,4a8d0fbddc38da5bd2c2e16cc471d0e475aa9b4a8bbf1534aae8097b4c262dc2,0.10751414805016284,0.10751414805016284,0.1292786439054841
7e28542fda40db288ad2613b49f17b1248f6f2ce,False,True,article-s-objective-preregistration,article-s-objective-implementation,4.0,0.95,44,20260646,2,0.9585956816667766,27.517835387514786,True,0.10751414805016284,ok,26.378478171288883,1.4645414997870034,0.006711934462254376,af5238976e4c163fbdba3b410be2b20ab2d4e5c24ce8266aa70f5c6b019955c3,0.10751414805016284,0.10751414805016284,0.1292786439054841
7e28542fda40db288ad2613b49f17b1248f6f2ce,False,True,article-s-objective-preregistration,article-s-objective-implementation,4.0,0.95,44,20260646,3,0.8432673367964219,29.669616508611462,False,0.4585917724057069,ok,25.01941849698794,1.2901894626788815,0.00668475977147498,d8fd9a2392e371d04e9f1a7e75a40c7fa3aec52d52ba526c53018201edfac995,0.10751414805016284,0.10751414805016284,0.1292786439054841
7e28542fda40db288ad2613b49f17b1248f6f2ce,False,True,article-s-objective-preregistration,article-s-objective-implementation,4.0,0.95,44,20260646,4,0.7714514560068043,31.258909606968146,False,0.7137549832314543,ok,24.11473132948066,1.1636640800681417,0.0066171033407758095,94dc2eaf02a42f6c08ba34f800685167fd62aa25b567476896a9703dc1aa726e,0.10751414805016284,0.10751414805016284,0.1292786439054841
7e28542fda40db288ad2613b49f17b1248f6f2ce,False,True,article-s-objective-preregistration,article-s-objective-implementation,4.0,0.95,44,20260646,5,0.7421778467887556,31.9748369674155,False,0.8216809128049553,ok,23.73101565189794,1.1028456569358307,0.006816313237516969,20ae0d643ffc20e88c995daab0cbcaeee04e685ec462a35dbed4f7c48c69dbb9,0.10751414805016284,0.10751414805016284,0.1292786439054841
7e28542fda40db288ad2613b49f17b1248f6f2ce,False,True,article-s-objective-preregistration,article-s-objective-implementation,4.0,0.95,45,20260647,1,0.9386592551298998,27.85986275643947,True,0.1292786439054841,ok,26.150918022980708,1.4530625760322384,0.006729459220384371,2431fb704afe597c29223938de870c7b1a94b425b1609954093433f09009e65f,0.1292786439054841,0.10751414805016284,0.1292786439054841
7e28542fda40db288ad2613b49f17b1248f6f2ce,False,True,article-s-objective-preregistration,article-s-objective-implementation,4.0,0.95,45,20260647,2,0.8957044537069598,28.63723545714462,False,0.31583884411143026,ok,25.6504993408193,1.3577395140459105,0.006725177579898212,a62f2e4c90854034b4c8c0a319de7231d8585dd4e18308492f9fed211ef4330a,0.1292786439054841,0.10751414805016284,0.1292786439054841
7e28542fda40db288ad2613b49f17b1248f6f2ce,False,True,article-s-objective-preregistration,article-s-objective-implementation,4.0,0.95,45,20260647,3,0.9693782347093954,27.337490784647894,True,0.10082485468827505,ok,26.50036855820634,1.467803463071971,0.006711734342475406,684819a4032024118551ba94032d391c2be218b703c36b752a96b2065356f34a,0.1292786439054841,0.10751414805016284,0.1292786439054841
7e28542fda40db288ad2613b49f17b1248f6f2ce,False,True,article-s-objective-preregistration,article-s-objective-implementation,4.0,0.95,45,20260647,4,0.7560617602207507,31.62989674073772,False,0.816795928173047,ok,23.914155405402745,1.1049018358555036,0.006814241706076807,327d7af55b445e45e1662fdda73ad1fac0c3452798283a24d3aff49b8dd288ec,0.1292786439054841,0.10751414805016284,0.1292786439054841
7e28542fda40db288ad2613b49f17b1248f6f2ce,False,True,article-s-objective-preregistration,article-s-objective-implementation,4.0,0.95,45,20260647,5,0.7250672855084463,32.41403059962285,False,0.8943101683021287,ok,23.502353179256257,1.0698006492290921,0.006718497921989197,c69adbba323d3fc31f4506519c5099d4233b4e5de40453d6ec8f93c3590d0388,0.1292786439054841,0.10751414805016284,0.1292786439054841
7e28542fda40db288ad2613b49f17b1248f6f2ce,False,True,article-s-objective-preregistration,article-s-objective-implementation,4.0,0.95,46,20260648,1,0.7857622364019132,30.924152368497708,False,0.6282070110859979,ok,24.29903112390428,1.2029541667081753,0.006683664313293036,11a996d9b628e0b3c50b4bba242c1e87b63cb0aa44380acf778a6a0950fb1976,0.13567752090344692,0.10751414805016284,0.1292786439054841
7e28542fda40db288ad2613b49f17b1248f6f2ce,False,True,article-s-objective-preregistration,article-s-objective-implementation,4.0,0.95,46,20260648,2,0.759776115293919,31.539285074949145,False,0.816795928173047,ok,23.96279549339234,1.1049018358555036,0.006814241706076807,327d7af55b445e45e1662fdda73ad1fac0c3452798283a24d3aff49b8dd288ec,0.13567752090344692,0.10751414805016284,0.1292786439054841
7e28542fda40db288ad2613b49f17b1248f6f2ce,False,True,article-s-objective-preregistration,article-s-objective-implementation,4.0,0.95,46,20260648,3,0.8474059013701833,29.584503867544434,False,0.44219938945909004,ok,25.070083166466166,1.2994270193977615,0.006654078215640791,4064c28a4070c2a67ce5b6ccbc2d5e8d425fc8a0f81c65703e6f9cf84f4aeaf9,0.13567752090344692,0.10751414805016284,0.1292786439054841
7e28542fda40db288ad2613b49f17b1248f6f2ce,False,True,article-s-objective-preregistration,article-s-objective-implementation,4.0,0.95,46,20260648,4,0.9348543334034382,27.926444294221998,True,0.13567752090344692,ok,26.107157465003155,1.4497767959374606,0.006743567150779395,43547920df8caba1ee3ae3432e5bafc35554a71b5df5c2b8dbbfdb968e3c45f0,0.13567752090344692,0.10751414805016284,0.1292786439054841
7e28542fda40db288ad2613b49f17b1248f6f2ce,False,True,article-s-objective-preregistration,article-s-objective-implementation,4.0,0.95,46,20260648,5,0.8065853979916615,30.453723857497668,False,0.6154148859201204,ok,24.563528977927913,1.20909160347469,0.006675283997868764,a30a6cdea4e58684ede690fa75925a977b772419906313cf2ec613a0cb42e21a,0.13567752090344692,0.10751414805016284,0.1292786439054841
7e28542fda40db288ad2613b49f17b1248f6f2ce,False,True,article-s-objective-preregistration,article-s-objective-implementation,4.0,0.95,47,20260649,1,0.7786476825289519,31.089374452581655,False,0.6844552974544622,ok,24.20766936877751,1.1784513065064783,0.006622734789242468,97b00825fa3aca9540c0e09811f04dc33bd88f397026f94c46faff5967ee1958,,0.10751414805016284,0.1292786439054841
7e28542fda40db288ad2613b49f17b1248f6f2ce,False,True,article-s-objective-preregistration,article-s-objective-implementation,4.0,0.95,47,20260649,2,0.8600250572704147,29.32895860562148,False,0.4170529751051571,ok,25.223639304481235,1.312072806037498,0.0066192070148454185,9650bb81481a482aecc68faef2a0fee798b90b990de4ab5121827fe8a980a6c4,,0.10751414805016284,0.1292786439054841
7e28542fda40db288ad2613b49f17b1248f6f2ce,False,True,article-s-objective-preregistration,article-s-objective-implementation,4.0,0.95,47,20260649,3,0.7889513078895016,30.850848858284408,False,0.6260572812173107,ok,24.33981755624482,1.204314668987775,0.006688676641774638,9b5fb28b97d37c1a94da660a16abd8c6290c13a9766e7f42e6b4bda2ff823a69,,0.10751414805016284,0.1292786439054841
7e28542fda40db288ad2613b49f17b1248f6f2ce,False,True,article-s-objective-preregistration,article-s-objective-implementation,4.0,0.95,47,20260649,4,0.8215001979277852,30.128294400146345,False,0.5951769611450529,ok,24.750399812946803,1.2189153672133393,0.00670041194636628,9a3114e3bbb3e9dcd725bd6a593510aafcec097b66223c35859c767e90b13dea,,0.10751414805016284,0.1292786439054841
7e28542fda40db288ad2613b49f17b1248f6f2ce,False,True,article-s-objective-preregistration,article-s-objective-implementation,4.0,0.95,47,20260649,5,0.7524080899817701,31.71970794748037,False,0.816795928173047,ok,23.86616487154328,1.1049018358555036,0.006814241706076807,327d7af55b445e45e1662fdda73ad1fac0c3452798283a24d3aff49b8dd288ec,,0.10751414805016284,0.1292786439054841
7e28542fda40db288ad2613b49f17b1248f6f2ce,False,True,article-s-objective-preregistration,article-s-objective-implementation,4.0,0.95,48,20260650,1,0.6757261537131783,33.776168944742544,False,1.0901077680117472,ok,22.82344072819738,0.967681422103251,0.006917470547810112,5d2fcf97aaac427c065211490efd1b99514c17a7aacf370440415780a724599a,,0.10751414805016284,0.1292786439054841
7e28542fda40db288ad2613b49f17b1248f6f2ce,False,True,article-s-objective-preregistration,article-s-objective-implementation,4.0,0.95,48,20260650,2,0.6751398950987083,33.79327766503578,False,1.0901077680117472,ok,22.81518993781378,0.967681422103251,0.006917470547810112,5d2fcf97aaac427c065211490efd1b99514c17a7aacf370440415780a724599a,,0.10751414805016284,0.1292786439054841
7e28542fda40db288ad2613b49f17b1248f6f2ce,False,True,article-s-objective-preregistration,article-s-objective-implementation,4.0,0.95,48,20260650,3,0.6866179550229142,33.46244598379108,False,1.0860431383377436,ok,22.975916231455358,0.9694466726969388,0.00691772139655189,ec95ee0afb5a2a952658a902995b15f13b180a65607579a9dd6e0d6e98d1e10a,,0.10751414805016284,0.1292786439054841
7e28542fda40db288ad2613b49f17b1248f6f2ce,False,True,article-s-objective-preregistration,article-s-objective-implementation,4.0,0.95,48,20260650,4,0.7157042021484444,32.66125592574247,False,0.9020158419645833,ok,23.37579811349967,1.0657887113657503,0.006716497889235118,7a663e248cffa14537aa85267a003208d06ba83c4b7f5b151858e7f9b0461632,,0.10751414805016284,0.1292786439054841
7e28542fda40db288ad2613b49f17b1248f6f2ce,False,True,article-s-objective-preregistration,article-s-objective-implementation,4.0,0.95,48,20260650,5,0.8400357203781257,29.736533953702757,False,0.5256421460443625,ok,24.97975072134729,1.2503867178004322,0.006805385956108356,f0e71d8b35a1d895181776c416f281cbacfe47acd29bcbe4fc665276fdac9a3e,,0.10751414805016284,0.1292786439054841
7e28542fda40db288ad2613b49f17b1248f6f2ce,False,True,article-s-objective-preregistration,article-s-objective-implementation,4.0,0.95,49,20260651,1,0.7196960362950131,32.5552426307629,False,0.8990280267047983,ok,23.42987908198249,1.0674694108831475,0.006722087416312306,dd273c336ec2a3d7daff56e1fcd1b78baf26b35f14442a87413888252fbf3e29,0.1292786439054841,0.10751414805016284,0.1292786439054841
7e28542fda40db288ad2613b49f17b1248f6f2ce,False,True,article-s-objective-preregistration,article-s-objective-implementation,4.0,0.95,49,20260651,2,0.9844690467019156,27.090341984949667,True,0.08107577371357301,ok,26.66960314875228,1.4783997701702654,0.00674899591943845,4150b7cafc6687965f5e97d0ad83b5eacaae78dceefca09bb0015cb09860cc72,0.1292786439054841,0.10751414805016284,0.1292786439054841
7e28542fda40db288ad2613b49f17b1248f6f2ce,False,True,article-s-objective-preregistration,article-s-objective-implementation,4.0,0.95,49,20260651,3,0.8253667806217415,30.045434687175415,False,0.5794169533219308,ok,24.798503700134773,1.2265804762954295,0.006727915710330379,de19629c8d4ed9e013c8f619a00cedf612d28932ee7e70da02eec1dcc37fb590,0.1292786439054841,0.10751414805016284,0.1292786439054841
7e28542fda40db288ad2613b49f17b1248f6f2ce,False,True,article-s-objective-preregistration,article-s-objective-implementation,4.0,0.95,49,20260651,4,0.9721548626455114,27.291562059658652,True,0.10082485468827505,ok,26.531624765488907,1.467803463071971,0.006711734342475406,684819a4032024118551ba94032d391c2be218b703c36b752a96b2065356f34a,0.1292786439054841,0.10751414805016284,0.1292786439054841
7e28542fda40db288ad2613b49f17b1248f6f2ce,False,True,article-s-objective-preregistration,article-s-objective-implementation,4.0,0.95,49,20260651,5,0.9358525286757886,27.908935790139893,True,0.1292786439054841,ok,26.118648131852638,1.4530625760322384,0.006729459220384371,2431fb704afe597c29223938de870c7b1a94b425b1609954093433f09009e65f,0.1292786439054841,0.10751414805016284,0.1292786439054841
7e28542fda40db288ad2613b49f17b1248f6f2ce,False,True,article-s-objective-preregistration,article-s-objective-implementation,4.0,0.9,0,20260602,1,0.9333548852209436,27.952800314414183,True,0.13567752090344692,ok,26.089882729064005,1.4497767959374606,0.006743567150779395,43547920df8caba1ee3ae3432e5bafc35554a71b5df5c2b8dbbfdb968e3c45f0,0.13567752090344692,0.1292786439054841,0.24720503553664835
7e28542fda40db288ad2613b49f17b1248f6f2ce,False,True,article-s-objective-preregistration,article-s-objective-implementation,4.0,0.9,0,20260602,2,0.802692669521896,30.540214511012625,False,0.6181122202839882,ok,24.51440631361607,1.207055385643157,0.006666589197710682,9fdf11aaf22a63b6d2dcceb9ef11f13f815112be6a150116c5cdd009f46d73ad,0.13567752090344692,0.1292786439054841,0.24720503553664835
7e28542fda40db288ad2613b49f17b1248f6f2ce,False,True,article-s-objective-preregistration,article-s-objective-implementation,4.0,0.9,0,20260602,3,0.8338267153315726,29.86624423997887,False,0.5291379157074441,ok,24.90327233391208,1.2479082128435623,0.006795087736451766,a2e9a47584fc166871e042467b5bbd65142d61d8b0da68f469b4747940a0d2bf,0.13567752090344692,0.1292786439054841,0.24720503553664835
7e28542fda40db288ad2613b49f17b1248f6f2ce,False,True,article-s-objective-preregistration,article-s-objective-implementation,4.0,0.9,0,20260602,4,0.6884475204070778,33.410504646970615,False,1.0455550480021572,ok,23.00137907975607,0.993781829080136,0.006843467696140859,de29fd54438a8bf8b215f5a6c015124503ff7cb2b1858e8213220bac0565bac4,0.13567752090344692,0.1292786439054841,0.24720503553664835
7e28542fda40db288ad2613b49f17b1248f6f2ce,False,True,article-s-objective-preregistration,article-s-objective-implementation,4.0,0.9,0,20260602,5,0.9673963383227839,27.37040098219187,True,0.10082485468827505,ok,26.478025688598745,1.467803463071971,0.006711734342475406,684819a4032024118551ba94032d391c2be218b703c36b752a96b2065356f34a,0.13567752090344692,0.1292786439054841,0.24720503553664835
7e28542fda40db288ad2613b49f17b1248f6f2ce,False,True,article-s-objective-preregistration,article-s-objective-implementation,4.0,0.9,1,20260603,1,0.8626307280388037,29.276924245098535,False,0.4128715851604578,ok,25.255174476286253,1.3139090426621858,0.006606880532837867,186d70fee35070808dca658ee4e5e5d790dafcf028a5572295615fd6b64d21e6,,0.1292786439054841,0.24720503553664835
7e28542fda40db288ad2613b49f17b1248f6f2ce,False,True,article-s-objective-preregistration,article-s-objective-implementation,4.0,0.9,1,20260603,2,0.6937979473106936,33.25982791899279,False,0.9832927185335465,ok,23.075600338104095,1.0289503611500364,0.006708827477423185,487e79764cb45d599634172f3ca7efc9f79eb26a3d932adef01c940d05fa339d,,0.1292786439054841,0.24720503553664835
7e28542fda40db288ad2613b49f17b1248f6f2ce,False,True,article-s-objective-preregistration,article-s-objective-implementation,4.0,0.9,1,20260603,3,0.6827201570349696,33.57382402826114,False,1.0860914018054877,ok,22.921526412838883,0.9700905599637338,0.00692570361396605,56d5c728bc8a34814868fbe00bfe41298aa40e7fab404246b4bb32a5b89bdc96,,0.1292786439054841,0.24720503553664835
7e28542fda40db288ad2613b49f17b1248f6f2ce,False,True,article-s-objective-preregistration,article-s-objective-implementation,4.0,0.9,1,20260603,4,0.8936751520816874,28.675410507244017,False,0.3204078238944179,ok,25.626501846066112,1.355605473039067,0.006726664146926797,27c10bd0136a8c0ce6f691874eb130f772bb905d9281d434bbe9b914ea35c2fe,,0.1292786439054841,0.24720503553664835
7e28542fda40db288ad2613b49f17b1248f6f2ce,False,True,article-s-objective-preregistration,article-s-objective-implementation,4.0,0.9,1,20260603,5,0.8242667010564628,30.068947080124076,False,0.5885813232883097,ok,24.78483181397523,1.2220042673004248,0.006711221865999484,54ecb59323f4d0e0b5b705b3daba011522cdfe65f9babd72614347e893d1b0f3,,0.1292786439054841,0.24720503553664835
7e28542fda40db288ad2613b49f17b1248f6f2ce,False,True,article-s-objective-preregistration,article-s-objective-implementation,4.0,0.9,2,20260604,1,0.7174862011849357,32.613817050178795,False,0.9020158419645833,ok,23.39996370147327,1.0657887113657503,0.006716497889235118,7a663e248cffa14537aa85267a003208d06ba83c4b7f5b151858e7f9b0461632,,0.1292786439054841,0.24720503553664835
7e28542fda40db288ad2613b49f17b1248f6f2ce,False,True,article-s-objective-preregistration,article-s-objective-implementation,4.0,0.9,2,20260604,2,0.6843738886384919,33.52644907881388,False,1.0860431383377436,ok,22.944626328308242,0.9694466726969388,0.00691772139655189,ec95ee0afb5a2a952658a902995b15f13b180a65607579a9dd6e0d6e98d1e10a,,0.1292786439054841,0.24720503553664835
7e28542fda40db288ad2613b49f17b1248f6f2ce,False,True,article-s-objective-preregistration,article-s-objective-implementation,4.0,0.9,2,20260604,3,0.8733693723674769,29.06505510563853,False,0.3844790996931174,ok,25.38452893543765,1.3278609210059367,0.006642579918889613,679a500a11b93fa1aa0ad837bf953bccb7b4f809e02ac3116ef5dd07a00c6047,,0.1292786439054841,0.24720503553664835
7e28542fda40db288ad2613b49f17b1248f6f2ce,False,True,article-s-objective-preregistration,article-s-objective-implementation,4.0,0.9,2,20260604,4,0.892975824305166,28.688597810832288,False,0.3204078238944179,ok,25.618224278287343,1.355605473039067,0.006726664146926797,27c10bd0136a8c0ce6f691874eb130f772bb905d9281d434bbe9b914ea35c2fe,,0.1292786439054841,0.24720503553664835
7e28542fda40db288ad2613b49f17b1248f6f2ce,False,True,article-s-objective-preregistration,article-s-objective-implementation,4.0,0.9,2,20260604,5,0.8341006067715665,29.86049056558928,False,0.5291379157074441,ok,24.906653299254657,1.2479082128435623,0.006795087736451766,a2e9a47584fc166871e042467b5bbd65142d61d8b0da68f469b4747940a0d2bf,,0.1292786439054841,0.24720503553664835
7e28542fda40db288ad2613b49f17b1248f6f2ce,False,True,article-s-objective-preregistration,article-s-objective-implementation,4.0,0.9,3,20260605,1,0.9757154508614188,27.232968028103443,True,0.09642298586964951,ok,26.571627677835554,1.4702311790992681,0.0067222533822510755,11c70ae242ff8df1602777379aff474972a2150575860022266b4d5e4537770a,0.29958591661816397,0.1292786439054841,0.24720503553664835
7e28542fda40db288ad2613b49f17b1248f6f2ce,False,True,article-s-objective-preregistration,article-s-objective-implementation,4.0,0.9,3,20260605,2,0.9603380161635924,27.48847737113911,True,0.10751414805016284,ok,26.398229825957532,1.4645414997870034,0.006711934462254376,af5238976e4c163fbdba3b410be2b20ab2d4e5c24ce8266aa70f5c6b019955c3,0.29958591661816397,0.1292786439054841,0.24720503553664835
7e28542fda40db288ad2613b49f17b1248f6f2ce,False,True,article-s-objective-preregistration,article-s-objective-implementation,4.0,0.9,3,20260605,3,0.9065600194975205,28.435309162499404,False,0.31070872451172205,ok,25.778314428773484,1.3605248979016107,0.0067330679836534735,1f261b3e22e7feb822c840e0af58a7cd5dd13153df4db45b57ddc6b6f648654c,0.29958591661816397,0.1292786439054841,0.24720503553664835
7e28542fda40db288ad2613b49f17b1248f6f2ce,False,True,article-s-objective-preregistration,article-s-objective-implementation,4.0,0.9,3,20260605,4,0.9196257374885642,28.197261637881283,True,0.29958591661816397,ok,25.930927528894575,1.3662963877771865,0.0067496602591257115,ddb81f32772fb22a75e20ce08496d7fe3a2208d5529827d937d99386733cb67e,0.29958591661816397,0.1292786439054841,0.24720503553664835
7e28542fda40db288ad2613b49f17b1248f6f2ce,False,True,article-s-objective-preregistration,article-s-objective-implementation,4.0,0.9,3,20260605,5,0.7850511007118641,30.940561856775734,False,0.6282070110859979,ok,24.289922142305308,1.2029541667081753,0.006683664313293036,11a996d9b628e0b3c50b4bba242c1e87b63cb0aa44380acf778a6a0950fb1976,0.29958591661816397,0.1292786439054841,0.24720503553664835
7e28542fda40db288ad2613b49f17b1248f6f2ce,False,True,article-s-objective-preregistration,article-s-objective-implementation,4.0,0.9,4,20260606,1,0.889780495655351,28.749059783033008,False,0.3204078238944179,ok,25.580352663372427,1.355605473039067,0.006726664146926797,27c10bd0136a8c0ce6f691874eb130f772bb905d9281d434bbe9b914ea35c2fe,0.11033615113755478,0.1292786439054841,0.24720503553664835
7e28542fda40db288ad2613b49f17b1248f6f2ce,False,True,article-s-objective-preregistration,article-s-objective-implementation,4.0,0.9,4,20260606,2,0.9551249735267304,27.57656792518906,True,0.11033615113755478,ok,26.339068709504286,1.4627580564392058,0.006703953498921056,930fb8abc2630f8e85bc92bcf1bbf14a0575a8a2f5a51694644e5db61fcdef1c,0.11033615113755478,0.1292786439054841,0.24720503553664835
7e28542fda40db288ad2613b49f17b1248f6f2ce,False,True,article-s-objective-preregistration,article-s-objective-implementation,4.0,0.9,4,20260606,3,0.9820595947483725,27.129399770965048,True,0.08375172719879717,ok,26.642687344840525,1.4770759090996746,0.006752510644213228,081b9c220f24fa16f11631e7f760acf788bdc2b1617c0ccb595ab50f11629c56,0.11033615113755478,0.1292786439054841,0.24720503553664835
7e28542fda40db288ad2613b49f17b1248f6f2ce,False,True,article-s-objective-preregistration,article-s-objective-implementation,4.0,0.9,4,20260606,4,0.738527306080459,32.06720776426868,False,0.8732779970882244,ok,23.682508563667728,1.079986324613114,0.0067427828357504715,192a47e8c823f522a50c21859b69e83a67fed2eacc858b2342c05c3813269856,0.11033615113755478,0.1292786439054841,0.24720503553664835
7e28542fda40db288ad2613b49f17b1248f6f2ce,False,True,article-s-objective-preregistration,article-s-objective-implementation,4.0,0.9,4,20260606,5,0.8214111288011274,30.130210321616012,False,0.5951769611450529,ok,24.749290071293988,1.2189153672133393,0.00670041194636628,9a3114e3bbb3e9dcd725bd6a593510aafcec097b66223c35859c767e90b13dea,0.11033615113755478,0.1292786439054841,0.24720503553664835
7e28542fda40db288ad2613b49f17b1248f6f2ce,False,True,article-s-objective-preregistration,article-s-objective-implementation,4.0,0.9,5,20260607,1,0.9050374349568451,28.463401066714518,False,0.3120327064105777,ok,25.760443491567234,1.3594413615980208,0.006727799170115567,ed2339187da72d0fb971d6f53ed211b3250349501a0de6602e505bcce9f9419f,0.23983009082973733,0.1292786439054841,0.24720503553664835
7e28542fda40db288ad2613b49f17b1248f6f2ce,False,True,article-s-objective-preregistration,article-s-objective-implementation,4.0,0.9,5,20260607,2,0.6972348854584217,33.163986495311065,False,0.9711057343488172,ok,23.123088325402854,1.035275721019661,0.006703223426100635,cfafd7fd6f866e7577bb58353f2d94c549bd433bbcfe778a23976731594320be,0.23983009082973733,0.1292786439054841,0.24720503553664835
7e28542fda40db288ad2613b49f17b1248f6f2ce,False,True,article-s-objective-preregistration,article-s-objective-implementation,4.0,0.9,5,20260607,3,0.8957140155788856,28.63705590212384,False,0.31583884411143026,ok,25.650612336448372,1.3577395140459105,0.006725177579898212,a62f2e4c90854034b4c8c0a319de7231d8585dd4e18308492f9fed211ef4330a,0.23983009082973733,0.1292786439054841,0.24720503553664835
7e28542fda40db288ad2613b49f17b1248f6f2ce,False,True,article-s-objective-preregistration,article-s-objective-implementation,4.0,0.9,5,20260607,4,0.9266445895628699,28.071570798541064,True,0.23983009082973733,ok,26.012369200999128,1.400170534480346,0.006692041915419278,739b245ea9c6e5828fb5a4f72cf092ea9841ec2d220f06686fd8e2f918e94220,0.23983009082973733,0.1292786439054841,0.24720503553664835
7e28542fda40db288ad2613b49f17b1248f6f2ce,False,True,article-s-objective-preregistration,article-s-objective-implementation,4.0,0.9,5,20260607,5,0.6876971605706926,33.43178140681991,False,1.0828117607040406,ok,22.990941146290126,0.9711934138858455,0.006923509580728293,7a480471bcc0fbdfe3e296a35a7c6203cc34dfe5cb946fa420029b006582a42c,0.23983009082973733,0.1292786439054841,0.24720503553664835
7e28542fda40db288ad2613b49f17b1248f6f2ce,False,True,article-s-objective-preregistration,article-s-objective-implementation,4.0,0.9,6,20260608,1,0.7818684615019541,31.01428696571898,False,0.6701874284477073,ok,24.249092834466808,1.1849526057606428,0.006643617059445717,7ff7ac3bdc46a29267c820b22f8c54fe2dbad588d3789274ad8db805589803b2,0.304463530095075,0.1292786439054841,0.24720503553664835
7e28542fda40db288ad2613b49f17b1248f6f2ce,False,True,article-s-objective-preregistration,article-s-objective-implementation,4.0,0.9,6,20260608,2,0.9175748620579983,28.23427360882673,True,0.304463530095075,ok,25.90705971192697,1.3637298103911604,0.006739293891167453,3877cf4eeb6ae7bfb64e07e8d085e82115cb51dd243f4736e4c154784751eece,0.304463530095075,0.1292786439054841,0.24720503553664835
7e28542fda40db288ad2613b49f17b1248f6f2ce,False,True,article-s-objective-preregistration,article-s-objective-implementation,4.0,0.9,6,20260608,3,0.6737657282879941,33.83347026066395,False,1.0901077680117472,ok,22.795832730686435,0.967681422103251,0.006917470547810112,5d2fcf97aaac427c065211490efd1b99514c17a7aacf370440415780a724599a,0.304463530095075,0.1292786439054841,0.24720503553664835
7e28542fda40db288ad2613b49f17b1248f6f2ce,False,True,article-s-objective-preregistration,article-s-objective-implementation,4.0,0.9,6,20260608,4,0.7579703693157974,31.58324971978331,False,0.816795928173047,ok,23.939167454297213,1.1049018358555036,0.006814241706076807,327d7af55b445e45e1662fdda73ad1fac0c3452798283a24d3aff49b8dd288ec,0.304463530095075,0.1292786439054841,0.24720503553664835
7e28542fda40db288ad2613b49f17b1248f6f2ce,False,True,article-s-objective-preregistration,article-s-objective-implementation,4.0,0.9,6,20260608,5,0.8400514877837464,29.736206476493617,False,0.5256421460443625,ok,24.979944491623137,1.2503867178004322,0.006805385956108356,f0e71d8b35a1d895181776c416f281cbacfe47acd29bcbe4fc665276fdac9a3e,0.304463530095075,0.1292786439054841,0.24720503553664835
7e28542fda40db288ad2613b49f17b1248f6f2ce,False,True,article-s-objective-preregistration,article-s-objective-implementation,4.0,0.9,7,20260609,1,0.9989370530361664,26.858951044428895,True,2.0479084583938658e-11,ok,26.830401403964466,1.514312730901594,0.006895834047341953,6b562417b14fd5837d96eb2ae4d4862b24353fbdac76c0c81a6acae6036d9b7a,0.13567752090344692,0.1292786439054841,0.24720503553664835
7e28542fda40db288ad2613b49f17b1248f6f2ce,False,True,article-s-objective-preregistration,article-s-objective-implementation,4.0,0.9,7,20260609,2,0.93316334845263,27.956171792227117,True,0.13567752090344692,ok,26.08767487955162,1.4497767959374606,0.006743567150779395,43547920df8caba1ee3ae3432e5bafc35554a71b5df5c2b8dbbfdb968e3c45f0,0.13567752090344692,0.1292786439054841,0.24720503553664835
7e28542fda40db288ad2613b49f17b1248f6f2ce,False,True,article-s-objective-preregistration,article-s-objective-implementation,4.0,0.9,7,20260609,3,0.6831951227825679,33.56019932818039,False,1.0860914018054877,ok,22.92816450062365,0.9700905599637338,0.00692570361396605,56d5c728bc8a34814868fbe00bfe41298aa40e7fab404246b4bb32a5b89bdc96,0.13567752090344692,0.1292786439054841,0.24720503553664835
7e28542fda40db288ad2613b49f17b1248f6f2ce,False,True,article-s-objective-preregistration,article-s-objective-implementation,4.0,0.9,7,20260609,4,0.9612469845861281,27.473194771674713,True,0.10751414805016284,ok,26.4085256312197,1.4645414997870034,0.006711934462254376,af5238976e4c163fbdba3b410be2b20ab2d4e5c24ce8266aa70f5c6b019955c3,0.13567752090344692,0.1292786439054841,0.24720503553664835
7e28542fda40db288ad2613b49f17b1248f6f2ce,False,True,article-s-objective-preregistration,article-s-objective-implementation,4.0,0.9,7,20260609,5,0.9502528230192913,27.65958678278364,True,0.11421033997324936,ok,26.283600423887233,1.4611389389165972,0.006714742342602165,d46cb4a06ea457db669039afc148a0341c7c016fe933d8f20030074526d08252,0.13567752090344692,0.1292786439054841,0.24720503553664835
7e28542fda40db288ad2613b49f17b1248f6f2ce,False,True,article-s-objective-preregistration,article-s-objective-implementation,4.0,0.9,8,20260610,1,0.7893362145372032,30.842032770963417,False,0.6260572812173107,ok,24.34473339606463,1.204314668987775,0.006688676641774638,9b5fb28b97d37c1a94da660a16abd8c6290c13a9766e7f42e6b4bda2ff823a69,0.10751414805016284,0.1292786439054841,0.24720503553664835
7e28542fda40db288ad2613b49f17b1248f6f2ce,False,True,article-s-objective-preregistration,article-s-objective-implementation,4.0,0.9,8,20260610,2,0.7705837672218474,31.27951827491311,False,0.7137549832314543,ok,24.103489029167164,1.1636640800681417,0.0066171033407758095,94dc2eaf02a42f6c08ba34f800685167fd62aa25b567476896a9703dc1aa726e,0.10751414805016284,0.1292786439054841,0.24720503553664835
7e28542fda40db288ad2613b49f17b1248f6f2ce,False,True,article-s-objective-preregistration,article-s-objective-implementation,4.0,0.9,8,20260610,3,0.8885372265874607,28.77267727424811,False,0.3204078238944179,ok,25.565594866756474,1.355605473039067,0.006726664146926797,27c10bd0136a8c0ce6f691874eb130f772bb905d9281d434bbe9b914ea35c2fe,0.10751414805016284,0.1292786439054841,0.24720503553664835
7e28542fda40db288ad2613b49f17b1248f6f2ce,False,True,article-s-objective-preregistration,article-s-objective-implementation,4.0,0.9,8,20260610,4,0.672678828422378,33.865350809017514,False,1.0901077680117472,ok,22.780504506322732,0.967681422103251,0.006917470547810112,5d2fcf97aaac427c065211490efd1b99514c17a7aacf370440415780a724599a,0.10751414805016284,0.1292786439054841,0.24720503553664835
7e28542fda40db288ad2613b49f17b1248f6f2ce,False,True,article-s-objective-preregistration,article-s-objective-implementation,4.0,0.9,8,20260610,5,0.962123739623057,27.458475379953338,True,0.10751414805016284,ok,26.418451016908346,1.4645414997870034,0.006711934462254376,af5238976e4c163fbdba3b410be2b20ab2d4e5c24ce8266aa70f5c6b019955c3,0.10751414805016284,0.1292786439054841,0.24720503553664835
7e28542fda40db288ad2613b49f17b1248f6f2ce,False,True,article-s-objective-preregistration,article-s-objective-implementation,4.0,0.9,9,20260611,1,0.6869119651360682,33.45408456168694,False,1.0860431383377436,ok,22.98001096809658,0.9694466726969388,0.00691772139655189,ec95ee0afb5a2a952658a902995b15f13b180a65607579a9dd6e0d6e98d1e10a,0.10751414805016284,0.1292786439054841,0.24720503553664835
7e28542fda40db288ad2613b49f17b1248f6f2ce,False,True,article-s-objective-preregistration,article-s-objective-implementation,4.0,0.9,9,20260611,2,0.9636370512645941,27.433118921051413,True,0.10751414805016284,ok,26.435569824072928,1.4645414997870034,0.006711934462254376,af5238976e4c163fbdba3b410be2b20ab2d4e5c24ce8266aa70f5c6b019955c3,0.10751414805016284,0.1292786439054841,0.24720503553664835
7e28542fda40db288ad2613b49f17b1248f6f2ce,False,True,article-s-objective-preregistration,article-s-objective-implementation,4.0,0.9,9,20260611,3,0.7446180416616848,31.91348575475671,False,0.8209869129653933,ok,23.763357265305014,1.1034623995248505,0.006819079391328753,516e037e2722815622c01376e088ffde420ba68327765913944b11825b9d0239,0.10751414805016284,0.1292786439054841,0.24720503553664835
7e28542fda40db288ad2613b49f17b1248f6f2ce,False,True,article-s-objective-preregistration,article-s-objective-implementation,4.0,0.9,9,20260611,4,0.7862733105327742,30.912373636060963,False,0.6282070110859979,ok,24.305574355251704,1.2029541667081753,0.006683664313293036,11a996d9b628e0b3c50b4bba242c1e87b63cb0aa44380acf778a6a0950fb1976,0.10751414805016284,0.1292786439054841,0.24720503553664835
7e28542fda40db288ad2613b49f17b1248f6f2ce,False,True,article-s-objective-preregistration,article-s-objective-implementation,4.0,0.9,9,20260611,5,0.7814235478872582,31.024630651425234,False,0.6701874284477073,ok,24.243376955528486,1.1849526057606428,0.006643617059445717,7ff7ac3bdc46a29267c820b22f8c54fe2dbad588d3789274ad8db805589803b2,0.10751414805016284,0.1292786439054841,0.24720503553664835
7e28542fda40db288ad2613b49f17b1248f6f2ce,False,True,article-s-objective-preregistration,article-s-objective-implementation,4.0,0.9,10,20260612,1,0.7690703471566849,31.315550690415527,False,0.7198105160241128,ok,24.083861440880632,1.1605335832254207,0.006633292194943685,2a4958087b933fd0bd520f987c47f87eb3126dfa86199a414de6733336b3596a,0.08375172719879717,0.1292786439054841,0.24720503553664835
7e28542fda40db288ad2613b49f17b1248f6f2ce,False,True,article-s-objective-preregistration,article-s-objective-implementation,4.0,0.9,10,20260612,2,0.7890968217002555,30.847515149600287,False,0.6260572812173107,ok,24.341676161900068,1.204314668987775,0.006688676641774638,9b5fb28b97d37c1a94da660a16abd8c6290c13a9766e7f42e6b4bda2ff823a69,0.08375172719879717,0.1292786439054841,0.24720503553664835
7e28542fda40db288ad2613b49f17b1248f6f2ce,False,True,article-s-objective-preregistration,article-s-objective-implementation,4.0,0.9,10,20260612,3,0.7438275555347774,31.93332575447166,False,0.8209869129653933,ok,23.752887636044406,1.1034623995248505,0.006819079391328753,516e037e2722815622c01376e088ffde420ba68327765913944b11825b9d0239,0.08375172719879717,0.1292786439054841,0.24720503553664835
7e28542fda40db288ad2613b49f17b1248f6f2ce,False,True,article-s-objective-preregistration,article-s-objective-implementation,4.0,0.9,10,20260612,4,0.9822684874887804,27.126007576667902,True,0.08375172719879717,ok,26.645022433942778,1.4770759090996746,0.006752510644213228,081b9c220f24fa16f11631e7f760acf788bdc2b1617c0ccb595ab50f11629c56,0.08375172719879717,0.1292786439054841,0.24720503553664835
7e28542fda40db288ad2613b49f17b1248f6f2ce,False,True,article-s-objective-preregistration,article-s-objective-implementation,4.0,0.9,10,20260612,5,0.8414417658554685,29.707369282427244,False,0.5256421460443625,ok,24.997021267926083,1.2503867178004322,0.006805385956108356,f0e71d8b35a1d895181776c416f281cbacfe47acd29bcbe4fc665276fdac9a3e,0.08375172719879717,0.1292786439054841,0.24720503553664835
7e28542fda40db288ad2613b49f17b1248f6f2ce,False,True,article-s-objective-preregistration,article-s-objective-implementation,4.0,0.9,11,20260613,1,0.7427556584225101,31.960281288661893,False,0.8216809128049553,ok,23.738679771928695,1.1028456569358307,0.006816313237516969,20ae0d643ffc20e88c995daab0cbcaeee04e685ec462a35dbed4f7c48c69dbb9,0.08982892161159413,0.1292786439054841,0.24720503553664835
7e28542fda40db288ad2613b49f17b1248f6f2ce,False,True,article-s-objective-preregistration,article-s-objective-implementation,4.0,0.9,11,20260613,2,0.980411940131935,27.156195940152426,True,0.08982892161159413,ok,26.624258748287815,1.4740679298290384,0.006739913065474834,7a63334ffd72d72173da81f7d8a9414fc743b78fc0bd80fcb909187c8eb3e5be,0.08982892161159413,0.1292786439054841,0.24720503553664835
7e28542fda40db288ad2613b49f17b1248f6f2ce,False,True,article-s-objective-preregistration,article-s-objective-implementation,4.0,0.9,11,20260613,3,0.7574008404171024,31.597149994831042,False,0.816795928173047,ok,23.931707960870273,1.1049018358555036,0.006814241706076807,327d7af55b445e45e1662fdda73ad1fac0c3452798283a24d3aff49b8dd288ec,0.08982892161159413,0.1292786439054841,0.24720503553664835
7e28542fda40db288ad2613b49f17b1248f6f2ce,False,True,article-s-objective-preregistration,article-s-objective-implementation,4.0,0.9,11,20260613,4,0.984834973149787,27.08442344329938,True,0.07414857459289559,ok,26.673687434559206,1.481685418942373,0.006762544605414256,f40cc03b70afe8f8eb42e112cdb18445841b8ce9a0fb711d6d5b8628209c3728,0.08982892161159413,0.1292786439054841,0.24720503553664835
7e28542fda40db288ad2613b49f17b1248f6f2ce,False,True,article-s-objective-preregistration,article-s-objective-implementation,4.0,0.9,11,20260613,5,0.854426356595353,29.44160446364536,False,0.4265758422300366,ok,25.155682834193986,1.3076855523040585,0.00663100369228431,f3b71b48d2e28ed4994d034c5f11a462dce5fbfb2b338f251bd0a0467a2987da,0.08982892161159413,0.1292786439054841,0.24720503553664835
7e28542fda40db288ad2613b49f17b1248f6f2ce,False,True,article-s-objective-preregistration,article-s-objective-implementation,4.0,0.9,12,20260614,1,0.923508230221553,28.127549467105442,True,0.29385791597093985,ok,25.976023428835735,1.369161654052536,0.006761077188100817,14958db3c2827f700a56955f13fb26505babe33b2ede26119ca031d4b12d6112,0.29385791597093985,0.1292786439054841,0.24720503553664835
7e28542fda40db288ad2613b49f17b1248f6f2ce,False,True,article-s-objective-preregistration,article-s-objective-implementation,4.0,0.9,12,20260614,2,0.731905599463951,32.236587372087605,False,0.8863975059410066,ok,23.594138805239808,1.0739192454245359,0.006732061320574356,296b767f506099534a1c2bc260436c20ad9493261c22b3a4a781883c5134c2a5,0.29385791597093985,0.1292786439054841,0.24720503553664835
7e28542fda40db288ad2613b49f17b1248f6f2ce,False,True,article-s-objective-preregistration,article-s-objective-implementation,4.0,0.9,12,20260614,3,0.8950306680548094,28.64989555597545,False,0.31779972860021377,ok,25.64253515916522,1.3572816784102646,0.006733667915440833,87a1449bfaeb82208fc1c7a2969c185b0db72114a4bc2e52b40c52f9819dbda4,0.29385791597093985,0.1292786439054841,0.24720503553664835
7e28542fda40db288ad2613b49f17b1248f6f2ce,False,True,article-s-objective-preregistration,article-s-objective-implementation,4.0,0.9,12,20260614,4,0.6704239213381789,33.931746329144204,False,1.0901077680117472,ok,22.748654431837213,0.967681422103251,0.006917470547810112,5d2fcf97aaac427c065211490efd1b99514c17a7aacf370440415780a724599a,0.29385791597093985,0.1292786439054841,0.24720503553664835
7e28542fda40db288ad2613b49f17b1248f6f2ce,False,True,article-s-objective-preregistration,article-s-objective-implementation,4.0,0.9,12,20260614,5,0.6998142314838284,33.09254029447384,False,0.9611860378202207,ok,23.158630654024837,1.0400378489072193,0.006695142121417419,fb48cb2367b4cbbaa3710c8f54eeb56228511c493731bb1aa926c0830ec1fa8e,0.29385791597093985,0.1292786439054841,0.24720503553664835
7e28542fda40db288ad2613b49f17b1248f6f2ce,False,True,article-s-objective-preregistration,article-s-objective-implementation,4.0,0.9,13,20260615,1,0.9838693426522647,27.100049197955645,True,0.0813702469010833,ok,26.662907590236653,1.4778171724503113,0.006744421515330057,57993468ef6f91c35c81445ff2e282ee8b1ebae0eaa43e522c835d1d6b1c4486,0.0813702469010833,0.1292786439054841,0.24720503553664835
7e28542fda40db288ad2613b49f17b1248f6f2ce,False,True,article-s-objective-preregistration,article-s-objective-implementation,4.0,0.9,13,20260615,2,0.7773279050260761,31.120283326376953,False,0.6919445933985465,ok,24.190664641910523,1.1745941548737422,0.006609369559083422,29c128bacf3ed9b31e5dd64a34998a71e2006df397327fa8679d103b99f59ed1,0.0813702469010833,0.1292786439054841,0.24720503553664835
7e28542fda40db288ad2613b49f17b1248f6f2ce,False,True,article-s-objective-preregistration,article-s-objective-implementation,4.0,0.9,13,20260615,3,0.8847058136777343,28.845787880707405,False,0.3204078238944179,ok,25.52003623817657,1.355605473039067,0.006726664146926797,27c10bd0136a8c0ce6f691874eb130f772bb905d9281d434bbe9b914ea35c2fe,0.0813702469010833,0.1292786439054841,0.24720503553664835
7e28542fda40db288ad2613b49f17b1248f6f2ce,False,True,article-s-objective-preregistration,article-s-objective-implementation,4.0,0.9,13,20260615,4,0.7448040088403896,31.908823030190486,False,0.8209869129653933,ok,23.765819310264423,1.1034623995248505,0.006819079391328753,516e037e2722815622c01376e088ffde420ba68327765913944b11825b9d0239,0.0813702469010833,0.1292786439054841,0.24720503553664835
7e28542fda40db288ad2613b49f17b1248f6f2ce,False,True,article-s-objective-preregistration,article-s-objective-implementation,4.0,0.9,13,20260615,5,0.8132670501067341,30.306780191239547,False,0.6103361835339698,ok,24.64750572436259,1.2112587562927863,0.006673098311680281,7f09ffbf8fde52a7ee9e812211d7d2e4b869c12160baadab187865a8ab6743cf,0.0813702469010833,0.1292786439054841,0.24720503553664835
7e28542fda40db288ad2613b49f17b1248f6f2ce,False,True,article-s-objective-preregistration,article-s-objective-implementation,4.0,0.9,14,20260616,1,0.6790400418245366,33.67989119210743,False,1.0901077680117472,ok,22.86999472373447,0.967681422103251,0.006917470547810112,5d2fcf97aaac427c065211490efd1b99514c17a7aacf370440415780a724599a,0.24966335043895202,0.1292786439054841,0.24720503553664835
7e28542fda40db288ad2613b49f17b1248f6f2ce,False,True,article-s-objective-preregistration,article-s-objective-implementation,4.0,0.9,14,20260616,2,0.9260805558209197,28.08161580535105,True,0.24966335043895202,ok,26.005838373369023,1.3945111743084755,0.006709216552927,c6c798423f507cb18354769635965f6d1a14f65266f6fba21b5156ae5f8fa49d,0.24966335043895202,0.1292786439054841,0.24720503553664835
7e28542fda40db288ad2613b49f17b1248f6f2ce,False,True,article-s-objective-preregistration,article-s-objective-implementation,4.0,0.9,14,20260616,3,0.9353688759260319,27.917415457782976,True,0.1292786439054841,ok,26.11308151550649,1.4530625760322384,0.006729459220384371,2431fb704afe597c29223938de870c7b1a94b425b1609954093433f09009e65f,0.24966335043895202,0.1292786439054841,0.24720503553664835
7e28542fda40db288ad2613b49f17b1248f6f2ce,False,True,article-s-objective-preregistration,article-s-objective-implementation,4.0,0.9,14,20260616,4,0.6760345926974016,33.767177042202356,False,1.0901077680117472,ok,22.827779778266322,0.967681422103251,0.006917470547810112,5d2fcf97aaac427c065211490efd1b99514c17a7aacf370440415780a724599a,0.24966335043895202,0.1292786439054841,0.24720503553664835
7e28542fda40db288ad2613b49f17b1248f6f2ce,False,True,article-s-objective-preregistration,article-s-objective-implementation,4.0,0.9,14,20260616,5,0.9552377255952491,27.574654603505238,True,0.11033615113755478,ok,26.340350347526908,1.4627580564392058,0.006703953498921056,930fb8abc2630f8e85bc92bcf1bbf14a0575a8a2f5a51694644e5db61fcdef1c,0.24966335043895202,0.1292786439054841,0.24720503553664835
7e28542fda40db288ad2613b49f17b1248f6f2ce,False,True,article-s-objective-preregistration,article-s-objective-implementation,4.0,0.9,15,20260617,1,0.7280856097246682,32.33539012989203,False,0.8907348994463113,ok,23.54293223840746,1.0717043278638732,0.0067247973555528695,d49224e65c4932a2f1be11b46e81042e71dc08a506e4da01aaf2fccbb7eda5aa,,0.1292786439054841,0.24720503553664835
7e28542fda40db288ad2613b49f17b1248f6f2ce,False,True,article-s-objective-preregistration,article-s-objective-implementation,4.0,0.9,15,20260617,2,0.7769209519624646,31.12983060946713,False,0.6963398715954816,ok,24.185417631537472,1.1725824701193366,0.006623451962545879,e822f68b743b9f484da1824f1363abfe687431779b32ade437356ec09cb65509,,0.1292786439054841,0.24720503553664835
7e28542fda40db288ad2613b49f17b1248f6f2ce,False,True,article-s-objective-preregistration,article-s-objective-implementation,4.0,0.9,15,20260617,3,0.888266081690241,28.777834923290822,False,0.3204078238944179,ok,25.562374666840117,1.355605473039067,0.006726664146926797,27c10bd0136a8c0ce6f691874eb130f772bb905d9281d434bbe9b914ea35c2fe,,0.1292786439054841,0.24720503553664835
7e28542fda40db288ad2613b49f17b1248f6f2ce,False,True,article-s-objective-preregistration,article-s-objective-implementation,4.0,0.9,15,20260617,4,0.6862226491969845,33.47369694085333,False,1.0860431383377436,ok,22.970408993169368,0.9694466726969388,0.00691772139655189,ec95ee0afb5a2a952658a902995b15f13b180a65607579a9dd6e0d6e98d1e10a,,0.1292786439054841,0.24720503553664835
7e28542fda40db288ad2613b49f17b1248f6f2ce,False,True,article-s-objective-preregistration,article-s-objective-implementation,4.0,0.9,15,20260617,5,0.7463375658867182,31.870441463114062,False,0.8209869129653933,ok,23.786107705315686,1.1034623995248505,0.006819079391328753,516e037e2722815622c01376e088ffde420ba68327765913944b11825b9d0239,,0.1292786439054841,0.24720503553664835
7e28542fda40db288ad2613b49f17b1248f6f2ce,False,True,article-s-objective-preregistration,article-s-objective-implementation,4.0,0.9,16,20260618,1,0.7250030315868001,32.415710231361516,False,0.8943101683021287,ok,23.501488188776353,1.0698006492290921,0.006718497921989197,c69adbba323d3fc31f4506519c5099d4233b4e5de40453d6ec8f93c3590d0388,0.304463530095075,0.1292786439054841,0.24720503553664835
7e28542fda40db288ad2613b49f17b1248f6f2ce,False,True,article-s-objective-preregistration,article-s-objective-implementation,4.0,0.9,16,20260618,2,0.916417823835948,28.255212122241154,True,0.304463530095075,ok,25.893580005087337,1.3637298103911604,0.006739293891167453,3877cf4eeb6ae7bfb64e07e8d085e82115cb51dd243f4736e4c154784751eece,0.304463530095075,0.1292786439054841,0.24720503553664835
7e28542fda40db288ad2613b49f17b1248f6f2ce,False,True,article-s-objective-preregistration,article-s-objective-implementation,4.0,0.9,16,20260618,3,0.6871044713417495,33.44861284140861,False,1.0860431383377436,ok,22.982691443510916,0.9694466726969388,0.00691772139655189,ec95ee0afb5a2a952658a902995b15f13b180a65607579a9dd6e0d6e98d1e10a,0.304463530095075,0.1292786439054841,0.24720503553664835
7e28542fda40db288ad2613b49f17b1248f6f2ce,False,True,article-s-objective-preregistration,article-s-objective-implementation,4.0,0.9,16,20260618,4,0.6775984436433343,33.72168391542417,False,1.0901077680117472,ok,22.84976053812388,0.967681422103251,0.006917470547810112,5d2fcf97aaac427c065211490efd1b99514c17a7aacf370440415780a724599a,0.304463530095075,0.1292786439054841,0.24720503553664835
7e28542fda40db288ad2613b49f17b1248f6f2ce,False,True,article-s-objective-preregistration,article-s-objective-implementation,4.0,0.9,16,20260618,5,0.910618932008679,28.36078319889417,False,0.31070872451172205,ok,25.825866107506695,1.3605248979016107,0.0067330679836534735,1f261b3e22e7feb822c840e0af58a7cd5dd13153df4db45b57ddc6b6f648654c,0.304463530095075,0.1292786439054841,0.24720503553664835
7e28542fda40db288ad2613b49f17b1248f6f2ce,False,True,article-s-objective-preregistration,article-s-objective-implementation,4.0,0.9,17,20260619,1,0.8494865921820429,29.541958821198403,False,0.43241533223097084,ok,25.09549792540207,1.3047519281183066,0.006645474923971939,2a607698e11c3e8c0d0b2bc4933e1ca82c660f5593b7f919b16a6ae2a1e5dd47,0.29958591661816397,0.1292786439054841,0.24720503553664835
7e28542fda40db288ad2613b49f17b1248f6f2ce,False,True,article-s-objective-preregistration,article-s-objective-implementation,4.0,0.9,17,20260619,2,0.98310661101879,27.11240880359087,True,0.0813702469010833,ok,26.65438833545423,1.4778171724503113,0.006744421515330057,57993468ef6f91c35c81445ff2e282ee8b1ebae0eaa43e522c835d1d6b1c4486,0.29958591661816397,0.1292786439054841,0.24720503553664835
7e28542fda40db288ad2613b49f17b1248f6f2ce,False,True,article-s-objective-preregistration,article-s-objective-implementation,4.0,0.9,17,20260619,3,0.8189226050855687,30.18387159710943,False,0.6010217592256119,ok,24.718254759873158,1.2160771231465648,0.006690385075675653,20866356df685c52d2e4a343a7b7c1ffece604bf1516dd4fd2a4c477dc028941,0.29958591661816397,0.1292786439054841,0.24720503553664835
7e28542fda40db288ad2613b49f17b1248f6f2ce,False,True,article-s-objective-preregistration,article-s-objective-implementation,4.0,0.9,17,20260619,4,0.904562014607161,28.4721878857799,False,0.3120327064105777,ok,25.75485963423467,1.3594413615980208,0.006727799170115567,ed2339187da72d0fb971d6f53ed211b3250349501a0de6602e505bcce9f9419f,0.29958591661816397,0.1292786439054841,0.24720503553664835
7e28542fda40db288ad2613b49f17b1248f6f2ce,False,True,article-s-objective-preregistration,article-s-objective-implementation,4.0,0.9,17,20260619,5,0.9187962478036951,28.21221569319807,True,0.29958591661816397,ok,25.921277921138905,1.3662963877771865,0.0067496602591257115,ddb81f32772fb22a75e20ce08496d7fe3a2208d5529827d937d99386733cb67e,0.29958591661816397,0.1292786439054841,0.24720503553664835
7e28542fda40db288ad2613b49f17b1248f6f2ce,False,True,article-s-objective-preregistration,article-s-objective-implementation,4.0,0.9,18,20260620,1,0.9959397392402256,26.90645118565134,True,0.0023603399533931525,ok,26.79720397771745,1.5121728964065084,0.006884296015793989,980825f875ffb7d7690e6ab791f7f41e5e312bf6576af4b08ec6fcd64cc5a10f,0.29385791597093985,0.1292786439054841,0.24720503553664835
7e28542fda40db288ad2613b49f17b1248f6f2ce,False,True,article-s-objective-preregistration,article-s-objective-implementation,4.0,0.9,18,20260620,2,0.8315403422298966,29.91439023760082,False,0.5291379157074441,ok,24.875022295773263,1.2479082128435623,0.006795087736451766,a2e9a47584fc166871e042467b5bbd65142d61d8b0da68f469b4747940a0d2bf,0.29385791597093985,0.1292786439054841,0.24720503553664835
7e28542fda40db288ad2613b49f17b1248f6f2ce,False,True,article-s-objective-preregistration,article-s-objective-implementation,4.0,0.9,18,20260620,3,0.7570596519511532,31.605485063755847,False,0.816795928173047,ok,23.92723752211437,1.1049018358555036,0.006814241706076807,327d7af55b445e45e1662fdda73ad1fac0c3452798283a24d3aff49b8dd288ec,0.29385791597093985,0.1292786439054841,0.24720503553664835
7e28542fda40db288ad2613b49f17b1248f6f2ce,False,True,article-s-objective-preregistration,article-s-objective-implementation,4.0,0.9,18,20260620,4,0.9247042209744609,28.106167783135415,True,0.29385791597093985,ok,25.989891984481726,1.369161654052536,0.006761077188100817,14958db3c2827f700a56955f13fb26505babe33b2ede26119ca031d4b12d6112,0.29385791597093985,0.1292786439054841,0.24720503553664835
7e28542fda40db288ad2613b49f17b1248f6f2ce,False,True,article-s-objective-preregistration,article-s-objective-implementation,4.0,0.9,18,20260620,5,0.942442963234837,27.79407311834452,True,0.12375568219026067,ok,26.194328630018337,1.455761442684774,0.006716413116976572,834b254019fca723880ed271638fdb07e5edbbce36d2308ae95b04bafa3346c8,0.29385791597093985,0.1292786439054841,0.24720503553664835
7e28542fda40db288ad2613b49f17b1248f6f2ce,False,True,article-s-objective-preregistration,article-s-objective-implementation,4.0,0.9,19,20260621,1,0.8250106208528465,30.053041639947338,False,0.5866582306403084,ok,24.7940785418894,1.223291059757548,0.006716515932653433,1642ba03df5279e7b9e7778102be696ad2f668a7b39b0986b3ac594fbf9be895,,0.1292786439054841,0.24720503553664835
7e28542fda40db288ad2613b49f17b1248f6f2ce,False,True,article-s-objective-preregistration,article-s-objective-implementation,4.0,0.9,19,20260621,2,0.8639671263943632,29.250332463538225,False,0.40653408346458847,ok,25.271325684602875,1.3175256690545225,0.0066211048720621335,a6c727313926c4040400243d311cdce2baca7af61e3e4c48c8c74adbd60f6b4a,,0.1292786439054841,0.24720503553664835
7e28542fda40db288ad2613b49f17b1248f6f2ce,False,True,article-s-objective-preregistration,article-s-objective-implementation,4.0,0.9,19,20260621,3,0.7312916610046845,32.252412475930846,False,0.8863975059410066,ok,23.585920290931675,1.0739192454245359,0.006732061320574356,296b767f506099534a1c2bc260436c20ad9493261c22b3a4a781883c5134c2a5,,0.1292786439054841,0.24720503553664835
7e28542fda40db288ad2613b49f17b1248f6f2ce,False,True,article-s-objective-preregistration,article-s-objective-implementation,4.0,0.9,19,20260621,4,0.773792692435108,31.203482506035115,False,0.7018325313158417,ok,24.1450267416967,1.169891390862697,0.006614623650824658,4a8d0fbddc38da5bd2c2e16cc471d0e475aa9b4a8bbf1534aae8097b4c262dc2,,0.1292786439054841,0.24720503553664835
7e28542fda40db288ad2613b49f17b1248f6f2ce,False,True,article-s-objective-preregistration,article-s-objective-implementation,4.0,0.9,19,20260621,5,0.9073689635912853,28.4204142187548,False,0.31070872451172205,ok,25.78780179450657,1.3605248979016107,0.0067330679836534735,1f261b3e22e7feb822c840e0af58a7cd5dd13153df4db45b57ddc6b6f648654c,,0.1292786439054841,0.24720503553664835
7e28542fda40db288ad2613b49f17b1248f6f2ce,False,True,article-s-objective-preregistration,article-s-objective-implementation,4.0,0.9,20,20260622,1,0.9764392898919323,27.221097629813823,True,0.09642298586964951,ok,26.57974923973437,1.4702311790992681,0.0067222533822510755,11c70ae242ff8df1602777379aff474972a2150575860022266b4d5e4537770a,0.09642298586964951,0.1292786439054841,0.24720503553664835
7e28542fda40db288ad2613b49f17b1248f6f2ce,False,True,article-s-objective-preregistration,article-s-objective-implementation,4.0,0.9,20,20260622,2,0.8998834050831047,28.55904835444105,False,0.31583884411143026,ok,25.699813679127452,1.3577395140459105,0.006725177579898212,a62f2e4c90854034b4c8c0a319de7231d8585dd4e18308492f9fed211ef4330a,0.09642298586964951,0.1292786439054841,0.24720503553664835
7e28542fda40db288ad2613b49f17b1248f6f2ce,False,True,article-s-objective-preregistration,article-s-objective-implementation,4.0,0.9,20,20260622,3,0.7107154893285988,32.79504385176323,False,0.9043095155156308,ok,23.30794563865876,1.065124026070661,0.0067290224293183876,1ed455013a1f8a44d391b90f9b7f0057033b400339cd7d9e65d55cd65eff58d3,0.09642298586964951,0.1292786439054841,0.24720503553664835
7e28542fda40db288ad2613b49f17b1248f6f2ce,False,True,article-s-objective-preregistration,article-s-objective-implementation,4.0,0.9,20,20260622,4,0.8024105434400164,30.546508437712735,False,0.6181122202839882,ok,24.51084043570012,1.207055385643157,0.006666589197710682,9fdf11aaf22a63b6d2dcceb9ef11f13f815112be6a150116c5cdd009f46d73ad,0.09642298586964951,0.1292786439054841,0.24720503553664835
7e28542fda40db288ad2613b49f17b1248f6f2ce,False,True,article-s-objective-preregistration,article-s-objective-implementation,4.0,0.9,20,20260622,5,0.9946609409934883,26.926785894233262,True,0.0023603399533931525,ok,26.783022195488247,1.5121728964065084,0.006884296015793989,980825f875ffb7d7690e6ab791f7f41e5e312bf6576af4b08ec6fcd64cc5a10f,0.09642298586964951,0.1292786439054841,0.24720503553664835
7e28542fda40db288ad2613b49f17b1248f6f2ce,False,True,article-s-objective-preregistration,article-s-objective-implementation,4.0,0.9,21,20260623,1,0.868743511340596,29.155817079665514,False,0.40110911343082617,ok,25.32892690579274,1.3202506691879046,0.00663108368483778,a2a885414c815cb12444c270e5d388c73bd1763bc96976c75a536fe91c8f5ba9,,0.1292786439054841,0.24720503553664835
7e28542fda40db288ad2613b49f17b1248f6f2ce,False,True,article-s-objective-preregistration,article-s-objective-implementation,4.0,0.9,21,20260623,2,0.7633681982761705,31.452311165318488,False,0.7562183031833012,ok,24.009694105890656,1.140878736190761,0.006706412382038174,3fa5f8f373ae417c3a1a9daf2edef6048768598cd3f93f111349c2e1a990a160,,0.1292786439054841,0.24720503553664835
7e28542fda40db288ad2613b49f17b1248f6f2ce,False,True,article-s-objective-preregistration,article-s-objective-implementation,4.0,0.9,21,20260623,3,0.7935314001259803,30.74637806456214,False,0.6232357124355598,ok,24.398216434374724,1.205280127654216,0.0066769490657616615,ac372ff74b48b0653fa12b845462090433268d2e324534a97fceefc9e9a14011,,0.1292786439054841,0.24720503553664835
7e28542fda40db288ad2613b49f17b1248f6f2ce,False,True,article-s-objective-preregistration,article-s-objective-implementation,4.0,0.9,21,20260623,4,0.7998438411778105,30.60392822512429,False,0.6182246595742732,ok,24.478363506713425,1.2075444392964887,0.00667276045315468,0e0d3a79e9e664f9e6bacb37b2b8f46a667fb5de318124c4c40b1202115438ae,,0.1292786439054841,0.24720503553664835
7e28542fda40db288ad2613b49f17b1248f6f2ce,False,True,article-s-objective-preregistration,article-s-objective-implementation,4.0,0.9,21,20260623,5,0.7561377642571622,31.62803566710544,False,0.816795928173047,ok,23.91515217717089,1.1049018358555036,0.006814241706076807,327d7af55b445e45e1662fdda73ad1fac0c3452798283a24d3aff49b8dd288ec,,0.1292786439054841,0.24720503553664835
7e28542fda40db288ad2613b49f17b1248f6f2ce,False,True,article-s-objective-preregistration,article-s-objective-implementation,4.0,0.9,22,20260624,1,0.934281899441331,27.9364981802865,True,0.13567752090344692,ok,26.100564583617356,1.4497767959374606,0.006743567150779395,43547920df8caba1ee3ae3432e5bafc35554a71b5df5c2b8dbbfdb968e3c45f0,0.13567752090344692,0.1292786439054841,0.24720503553664835
7e28542fda40db288ad2613b49f17b1248f6f2ce,False,True,article-s-objective-preregistration,article-s-objective-implementation,4.0,0.9,22,20260624,2,0.9736129504702754,27.267526435969902,True,0.09642298586964951,ok,26.54801686535089,1.4702311790992681,0.0067222533822510755,11c70ae242ff8df1602777379aff474972a2150575860022266b4d5e4537770a,0.13567752090344692,0.1292786439054841,0.24720503553664835
7e28542fda40db288ad2613b49f17b1248f6f2ce,False,True,article-s-objective-preregistration,article-s-objective-implementation,4.0,0.9,22,20260624,3,0.7150894648708759,32.677663586290265,False,0.9020158419645833,ok,23.36745296715081,1.0657887113657503,0.006716497889235118,7a663e248cffa14537aa85267a003208d06ba83c4b7f5b151858e7f9b0461632,0.13567752090344692,0.1292786439054841,0.24720503553664835
7e28542fda40db288ad2613b49f17b1248f6f2ce,False,True,article-s-objective-preregistration,article-s-objective-implementation,4.0,0.9,22,20260624,4,0.744899881318335,31.906419944033463,False,0.8209869129653933,ok,23.767088429603483,1.1034623995248505,0.006819079391328753,516e037e2722815622c01376e088ffde420ba68327765913944b11825b9d0239,0.13567752090344692,0.1292786439054841,0.24720503553664835
7e28542fda40db288ad2613b49f17b1248f6f2ce,False,True,article-s-objective-preregistration,article-s-objective-implementation,4.0,0.9,22,20260624,5,0.9000514680123219,28.555915892163576,False,0.31583884411143026,ok,25.70179401917822,1.3577395140459105,0.006725177579898212,a62f2e4c90854034b4c8c0a319de7231d8585dd4e18308492f9fed211ef4330a,0.13567752090344692,0.1292786439054841,0.24720503553664835
7e28542fda40db288ad2613b49f17b1248f6f2ce,False,True,article-s-objective-preregistration,article-s-objective-implementation,4.0,0.9,23,20260625,1,0.792921123018682,30.760243842125945,False,0.6232357124355598,ok,24.390447091627003,1.205280127654216,0.0066769490657616615,ac372ff74b48b0653fa12b845462090433268d2e324534a97fceefc9e9a14011,0.08375172719879717,0.1292786439054841,0.24720503553664835
7e28542fda40db288ad2613b49f17b1248f6f2ce,False,True,article-s-objective-preregistration,article-s-objective-implementation,4.0,0.9,23,20260625,2,0.9078089103706775,28.412322329593806,False,0.31070872451172205,ok,25.792959375129023,1.3605248979016107,0.0067330679836534735,1f261b3e22e7feb822c840e0af58a7cd5dd13153df4db45b57ddc6b6f648654c,0.08375172719879717,0.1292786439054841,0.24720503553664835
7e28542fda40db288ad2613b49f17b1248f6f2ce,False,True,article-s-objective-preregistration,article-s-objective-implementation,4.0,0.9,23,20260625,3,0.8311611156098655,29.922395982783097,False,0.5291379157074441,ok,24.870332026770157,1.2479082128435623,0.006795087736451766,a2e9a47584fc166871e042467b5bbd65142d61d8b0da68f469b4747940a0d2bf,0.08375172719879717,0.1292786439054841,0.24720503553664835
7e28542fda40db288ad2613b49f17b1248f6f2ce,False,True,article-s-objective-preregistration,article-s-objective-implementation,4.0,0.9,23,20260625,4,0.8640640394027687,29.248406591123693,False,0.40653408346458847,ok,25.2724963452209,1.3175256690545225,0.0066211048720621335,a6c727313926c4040400243d311cdce2baca7af61e3e4c48c8c74adbd60f6b4a,0.08375172719879717,0.1292786439054841,0.24720503553664835
7e28542fda40db288ad2613b49f17b1248f6f2ce,False,True,article-s-objective-preregistration,article-s-objective-implementation,4.0,0.9,23,20260625,5,0.9818345313556947,27.133055835657665,True,0.08375172719879717,ok,26.64017116065084,1.4770759090996746,0.006752510644213228,081b9c220f24fa16f11631e7f760acf788bdc2b1617c0ccb595ab50f11629c56,0.08375172719879717,0.1292786439054841,0.24720503553664835
7e28542fda40db288ad2613b49f17b1248f6f2ce,False,True,article-s-objective-preregistration,article-s-objective-implementation,4.0,0.9,24,20260626,1,0.9693972884080206,27.337174905978674,True,0.10082485468827505,ok,26.500583226591512,1.467803463071971,0.006711734342475406,684819a4032024118551ba94032d391c2be218b703c36b752a96b2065356f34a,0.10082485468827505,0.1292786439054841,0.24720503553664835
7e28542fda40db288ad2613b49f17b1248f6f2ce,False,True,article-s-objective-preregistration,article-s-objective-implementation,4.0,0.9,24,20260626,2,0.6956661546473076,33.20764042178043,False,0.977950903232905,ok,23.10143151713049,1.0316706248848162,0.0066918556871296,08be831bc2a75d527582b947bc83d976fcfc2aaa9461aabccd2f85bc0307a419,0.10082485468827505,0.1292786439054841,0.24720503553664835
7e28542fda40db288ad2613b49f17b1248f6f2ce,False,True,article-s-objective-preregistration,article-s-objective-implementation,4.0,0.9,24,20260626,3,0.6723747257569479,33.87428493995208,False,1.0901077680117472,ok,22.77621304671299,0.967681422103251,0.006917470547810112,5d2fcf97aaac427c065211490efd1b99514c17a7aacf370440415780a724599a,0.10082485468827505,0.1292786439054841,0.24720503553664835
7e28542fda40db288ad2613b49f17b1248f6f2ce,False,True,article-s-objective-preregistration,article-s-objective-implementation,4.0,0.9,24,20260626,4,0.6825027037700687,33.58006672518412,False,1.0860914018054877,ok,22.918486332717478,0.9700905599637338,0.00692570361396605,56d5c728bc8a34814868fbe00bfe41298aa40e7fab404246b4bb32a5b89bdc96,0.10082485468827505,0.1292786439054841,0.24720503553664835
7e28542fda40db288ad2613b49f17b1248f6f2ce,False,True,article-s-objective-preregistration,article-s-objective-implementation,4.0,0.9,24,20260626,5,0.7787952904255702,31.08592259874693,False,0.6844552974544622,ok,24.20957011843791,1.1784513065064783,0.006622734789242468,97b00825fa3aca9540c0e09811f04dc33bd88f397026f94c46faff5967ee1958,0.10082485468827505,0.1292786439054841,0.24720503553664835
7e28542fda40db288ad2613b49f17b1248f6f2ce,False,True,article-s-objective-preregistration,article-s-objective-implementation,4.0,0.9,25,20260627,1,0.9343660899133217,27.93501890040847,True,0.13567752090344692,ok,26.1015343816294,1.4497767959374606,0.006743567150779395,43547920df8caba1ee3ae3432e5bafc35554a71b5df5c2b8dbbfdb968e3c45f0,0.13567752090344692,0.1292786439054841,0.24720503553664835
7e28542fda40db288ad2613b49f17b1248f6f2ce,False,True,article-s-objective-preregistration,article-s-objective-implementation,4.0,0.9,25,20260627,2,0.7350172957892271,32.156695906902826,False,0.880145571725718,ok,23.635727667008226,1.0764004817125228,0.006730319739716162,f9550caeffcb2aa4ec0ce3d996838427628c6176bd740e0fa5521f3764e0c573,0.13567752090344692,0.1292786439054841,0.24720503553664835
7e28542fda40db288ad2613b49f17b1248f6f2ce,False,True,article-s-objective-preregistration,article-s-objective-implementation,4.0,0.9,25,20260627,3,0.9494275519982184,27.673715506416762,True,0.11520955882079661,ok,26.274187967952404,1.4602419080443212,0.00670993972738243,c3c8b6c0204934750a7b051df1e4a411060fb8138ac9ab399011f3f41d5c8791,0.13567752090344692,0.1292786439054841,0.24720503553664835
7e28542fda40db288ad2613b49f17b1248f6f2ce,False,True,article-s-objective-preregistration,article-s-objective-implementation,4.0,0.9,25,20260627,4,0.775231345278391,31.169553148852156,False,0.7018325313158417,ok,24.163614619310966,1.169891390862697,0.006614623650824658,4a8d0fbddc38da5bd2c2e16cc471d0e475aa9b4a8bbf1534aae8097b4c262dc2,0.13567752090344692,0.1292786439054841,0.24720503553664835
7e28542fda40db288ad2613b49f17b1248f6f2ce,False,True,article-s-objective-preregistration,article-s-objective-implementation,4.0,0.9,25,20260627,5,0.9681487808412431,27.357893839040905,True,0.10082485468827505,ok,26.486511566651608,1.467803463071971,0.006711734342475406,684819a4032024118551ba94032d391c2be218b703c36b752a96b2065356f34a,0.13567752090344692,0.1292786439054841,0.24720503553664835
7e28542fda40db288ad2613b49f17b1248f6f2ce,False,True,article-s-objective-preregistration,article-s-objective-implementation,4.0,0.9,26,20260628,1,0.7061003791164151,32.92011918904107,False,0.9091998028055978,ok,23.244908639939467,1.0633892395651472,0.006745000789994293,de827c1ff093decdb385357227aa3bb54ec2e91407a0ca336f7f964e4c19633e,0.1292786439054841,0.1292786439054841,0.24720503553664835
7e28542fda40db288ad2613b49f17b1248f6f2ce,False,True,article-s-objective-preregistration,article-s-objective-implementation,4.0,0.9,26,20260628,2,0.8849031605668767,28.84200997417381,False,0.3204078238944179,ok,25.522385783247785,1.355605473039067,0.006726664146926797,27c10bd0136a8c0ce6f691874eb130f772bb905d9281d434bbe9b914ea35c2fe,0.1292786439054841,0.1292786439054841,0.24720503553664835
7e28542fda40db288ad2613b49f17b1248f6f2ce,False,True,article-s-objective-preregistration,article-s-objective-implementation,4.0,0.9,26,20260628,3,0.9387634962393465,27.8580446529202,True,0.1292786439054841,ok,26.152115396767197,1.4530625760322384,0.006729459220384371,2431fb704afe597c29223938de870c7b1a94b425b1609954093433f09009e65f,0.1292786439054841,0.1292786439054841,0.24720503553664835
7e28542fda40db288ad2613b49f17b1248f6f2ce,False,True,article-s-objective-preregistration,article-s-objective-implementation,4.0,0.9,26,20260628,4,0.964188013976184,27.423902810504046,True,0.10751414805016284,ok,26.441798386335787,1.4645414997870034,0.006711934462254376,af5238976e4c163fbdba3b410be2b20ab2d4e5c24ce8266aa70f5c6b019955c3,0.1292786439054841,0.1292786439054841,0.24720503553664835
7e28542fda40db288ad2613b49f17b1248f6f2ce,False,True,article-s-objective-preregistration,article-s-objective-implementation,4.0,0.9,26,20260628,5,0.7350620040806434,32.15555188007249,False,0.880145571725718,ok,23.636324407285183,1.0764004817125228,0.006730319739716162,f9550caeffcb2aa4ec0ce3d996838427628c6176bd740e0fa5521f3764e0c573,0.1292786439054841,0.1292786439054841,0.24720503553664835
7e28542fda40db288ad2613b49f17b1248f6f2ce,False,True,article-s-objective-preregistration,article-s-objective-implementation,4.0,0.9,27,20260629,1,0.7313919570764065,32.249825794000714,False,0.8863975059410066,ok,23.587263202847357,1.0739192454245359,0.006732061320574356,296b767f506099534a1c2bc260436c20ad9493261c22b3a4a781883c5134c2a5,0.10082485468827505,0.1292786439054841,0.24720503553664835
7e28542fda40db288ad2613b49f17b1248f6f2ce,False,True,article-s-objective-preregistration,article-s-objective-implementation,4.0,0.9,27,20260629,2,0.719021458537535,32.57309345116409,False,0.8990280267047983,ok,23.420753162335433,1.0674694108831475,0.006722087416312306,dd273c336ec2a3d7daff56e1fcd1b78baf26b35f14442a87413888252fbf3e29,0.10082485468827505,0.1292786439054841,0.24720503553664835
7e28542fda40db288ad2613b49f17b1248f6f2ce,False,True,article-s-objective-preregistration,article-s-objective-implementation,4.0,0.9,27,20260629,3,0.9880195079032275,27.03306271426504,True,0.06640534727465344,ok,26.709193320065232,1.4852313222765865,0.006776955459025125,88813eeb54527625ba33201b417a4730696b92a73f12466aa9d0efdb6bfca369,0.10082485468827505,0.1292786439054841,0.24720503553664835
7e28542fda40db288ad2613b49f17b1248f6f2ce,False,True,article-s-objective-preregistration,article-s-objective-implementation,4.0,0.9,27,20260629,4,0.967841719745766,27.362995971782553,True,0.10082485468827505,ok,26.483049078726495,1.467803463071971,0.006711734342475406,684819a4032024118551ba94032d391c2be218b703c36b752a96b2065356f34a,0.10082485468827505,0.1292786439054841,0.24720503553664835
7e28542fda40db288ad2613b49f17b1248f6f2ce,False,True,article-s-objective-preregistration,article-s-objective-implementation,4.0,0.9,27,20260629,5,0.721598278447592,32.505044991762134,False,0.8959803658508143,ok,23.455584506917077,1.0687330291773758,0.00671462173309445,c4519568e63e7360e0c3c8167072862a5450c8c499d0356f4bff8d0f9bb33500,0.10082485468827505,0.1292786439054841,0.24720503553664835
7e28542fda40db288ad2613b49f17b1248f6f2ce,False,True,article-s-objective-preregistration,article-s-objective-implementation,4.0,0.9,28,20260630,1,0.8025571734036316,30.54323685035513,False,0.6181122202839882,ok,24.512693833218652,1.207055385643157,0.006666589197710682,9fdf11aaf22a63b6d2dcceb9ef11f13f815112be6a150116c5cdd009f46d73ad,,0.1292786439054841,0.24720503553664835
7e28542fda40db288ad2613b49f17b1248f6f2ce,False,True,article-s-objective-preregistration,article-s-objective-implementation,4.0,0.9,28,20260630,2,0.8433560161715852,29.66778588547797,False,0.4585917724057069,ok,25.020505713008284,1.2901894626788815,0.00668475977147498,d8fd9a2392e371d04e9f1a7e75a40c7fa3aec52d52ba526c53018201edfac995,,0.1292786439054841,0.24720503553664835
7e28542fda40db288ad2613b49f17b1248f6f2ce,False,True,article-s-objective-preregistration,article-s-objective-implementation,4.0,0.9,28,20260630,3,0.6706363553479855,33.92547646659275,False,1.0901077680117472,ok,22.751657890999613,0.967681422103251,0.006917470547810112,5d2fcf97aaac427c065211490efd1b99514c17a7aacf370440415780a724599a,,0.1292786439054841,0.24720503553664835
7e28542fda40db288ad2613b49f17b1248f6f2ce,False,True,article-s-objective-preregistration,article-s-objective-implementation,4.0,0.9,28,20260630,4,0.9073872215890372,28.420078278724304,False,0.31070872451172205,ok,25.78801586667459,1.3605248979016107,0.0067330679836534735,1f261b3e22e7feb822c840e0af58a7cd5dd13153df4db45b57ddc6b6f648654c,,0.1292786439054841,0.24720503553664835
7e28542fda40db288ad2613b49f17b1248f6f2ce,False,True,article-s-objective-preregistration,article-s-objective-implementation,4.0,0.9,28,20260630,5,0.8377174861231798,29.784787074538094,False,0.5291379157074441,ok,24.95123695279623,1.2479082128435623,0.006795087736451766,a2e9a47584fc166871e042467b5bbd65142d61d8b0da68f469b4747940a0d2bf,,0.1292786439054841,0.24720503553664835
7e28542fda40db288ad2613b49f17b1248f6f2ce,False,True,article-s-objective-preregistration,article-s-objective-implementation,4.0,0.9,29,20260631,1,0.7699682768277631,31.29415890070125,False,0.7137549832314543,ok,24.09550960354715,1.1636640800681417,0.0066171033407758095,94dc2eaf02a42f6c08ba34f800685167fd62aa25b567476896a9703dc1aa726e,0.0023603399533931525,0.1292786439054841,0.24720503553664835
7e28542fda40db288ad2613b49f17b1248f6f2ce,False,True,article-s-objective-preregistration,article-s-objective-implementation,4.0,0.9,29,20260631,2,0.7935320011511727,30.74636441721107,False,0.6232357124355598,ok,24.39822408411271,1.205280127654216,0.0066769490657616615,ac372ff74b48b0653fa12b845462090433268d2e324534a97fceefc9e9a14011,0.0023603399533931525,0.1292786439054841,0.24720503553664835
7e28542fda40db288ad2613b49f17b1248f6f2ce,False,True,article-s-objective-preregistration,article-s-objective-implementation,4.0,0.9,29,20260631,3,0.9963040192223488,26.90066617088176,True,0.0023603399533931525,ok,26.80124182580817,1.5121728964065084,0.006884296015793989,980825f875ffb7d7690e6ab791f7f41e5e312bf6576af4b08ec6fcd64cc5a10f,0.0023603399533931525,0.1292786439054841,0.24720503553664835
7e28542fda40db288ad2613b49f17b1248f6f2ce,False,True,article-s-objective-preregistration,article-s-objective-implementation,4.0,0.9,29,20260631,4,0.696664096341745,33.1798524843924,False,0.9731581142866075,ok,23.115211947791632,1.0340497108763962,0.006699096297191343,0bd63c1b3d1c37561d3b98e0c39cdc1ef5dc9315c553ae01a5ce4a548dc57a17,0.0023603399533931525,0.1292786439054841,0.24720503553664835
7e28542fda40db288ad2613b49f17b1248f6f2ce,False,True,article-s-objective-preregistration,article-s-objective-implementation,4.0,0.9,29,20260631,5,0.8462913350274728,29.60736149877089,False,0.44219938945909004,ok,25.056453489435814,1.2994270193977615,0.006654078215640791,4064c28a4070c2a67ce5b6ccbc2d5e8d425fc8a0f81c65703e6f9cf84f4aeaf9,0.0023603399533931525,0.1292786439054841,0.24720503553664835
7e28542fda40db288ad2613b49f17b1248f6f2ce,False,True,article-s-objective-preregistration,article-s-objective-implementation,4.0,0.9,30,20260632,1,0.73379202571189,32.18809121350944,False,0.8852229876977836,ok,23.619364655360176,1.0739089649237294,0.006722190719604448,1ba81b33d7a76a653dbcd2aea4d5e365ae5df1b84df70ec9cd68b2d4315b6c35,,0.1292786439054841,0.24720503553664835
7e28542fda40db288ad2613b49f17b1248f6f2ce,False,True,article-s-objective-preregistration,article-s-objective-implementation,4.0,0.9,30,20260632,2,0.8189487658370131,30.183306151872387,False,0.6010217592256119,ok,24.718581321956616,1.2160771231465648,0.006690385075675653,20866356df685c52d2e4a343a7b7c1ffece604bf1516dd4fd2a4c477dc028941,,0.1292786439054841,0.24720503553664835
7e28542fda40db288ad2613b49f17b1248f6f2ce,False,True,article-s-objective-preregistration,article-s-objective-implementation,4.0,0.9,30,20260632,3,0.8739611687780802,29.05349820981971,False,0.3844790996931174,ok,25.391629252545894,1.3278609210059367,0.006642579918889613,679a500a11b93fa1aa0ad837bf953bccb7b4f809e02ac3116ef5dd07a00c6047,,0.1292786439054841,0.24720503553664835
7e28542fda40db288ad2613b49f17b1248f6f2ce,False,True,article-s-objective-preregistration,article-s-objective-implementation,4.0,0.9,30,20260632,4,0.8989444451014067,28.576566232789904,False,0.31583884411143026,ok,25.688745475038917,1.3577395140459105,0.006725177579898212,a62f2e4c90854034b4c8c0a319de7231d8585dd4e18308492f9fed211ef4330a,,0.1292786439054841,0.24720503553664835
7e28542fda40db288ad2613b49f17b1248f6f2ce,False,True,article-s-objective-preregistration,article-s-objective-implementation,4.0,0.9,30,20260632,5,0.8412623242910963,29.711087064521976,False,0.5256421460443625,ok,24.994818161114882,1.2503867178004322,0.006805385956108356,f0e71d8b35a1d895181776c416f281cbacfe47acd29bcbe4fc665276fdac9a3e,,0.1292786439054841,0.24720503553664835
7e28542fda40db288ad2613b49f17b1248f6f2ce,False,True,article-s-objective-preregistration,article-s-objective-implementation,4.0,0.9,31,20260633,1,0.8965278570153261,28.62178444336547,False,0.31583884411143026,ok,25.660227070965043,1.3577395140459105,0.006725177579898212,a62f2e4c90854034b4c8c0a319de7231d8585dd4e18308492f9fed211ef4330a,,0.1292786439054841,0.24720503553664835
7e28542fda40db288ad2613b49f17b1248f6f2ce,False,True,article-s-objective-preregistration,article-s-objective-implementation,4.0,0.9,31,20260633,2,0.7538505293062681,31.684170122182124,False,0.816795928173047,ok,23.88512841723684,1.1049018358555036,0.006814241706076807,327d7af55b445e45e1662fdda73ad1fac0c3452798283a24d3aff49b8dd288ec,,0.1292786439054841,0.24720503553664835
7e28542fda40db288ad2613b49f17b1248f6f2ce,False,True,article-s-objective-preregistration,article-s-objective-implementation,4.0,0.9,31,20260633,3,0.6737296370821981,33.834527594482196,False,1.0901077680117472,ok,22.795323997078107,0.967681422103251,0.006917470547810112,5d2fcf97aaac427c065211490efd1b99514c17a7aacf370440415780a724599a,,0.1292786439054841,0.24720503553664835
7e28542fda40db288ad2613b49f17b1248f6f2ce,False,True,article-s-objective-preregistration,article-s-objective-implementation,4.0,0.9,31,20260633,4,0.9004827236259976,28.54788208895878,False,0.31583884411143026,ok,25.706874617219434,1.3577395140459105,0.006725177579898212,a62f2e4c90854034b4c8c0a319de7231d8585dd4e18308492f9fed211ef4330a,,0.1292786439054841,0.24720503553664835
7e28542fda40db288ad2613b49f17b1248f6f2ce,False,True,article-s-objective-preregistration,article-s-objective-implementation,4.0,0.9,31,20260633,5,0.8549619368215429,29.4307785251524,False,0.4265758422300366,ok,25.16219541003017,1.3076855523040585,0.00663100369228431,f3b71b48d2e28ed4994d034c5f11a462dce5fbfb2b338f251bd0a0467a2987da,,0.1292786439054841,0.24720503553664835
7e28542fda40db288ad2613b49f17b1248f6f2ce,False,True,article-s-objective-preregistration,article-s-objective-implementation,4.0,0.9,32,20260634,1,0.9025626142148356,28.509220935303976,False,0.3153714704904106,ok,25.731356976596278,1.3574405447480509,0.0067195151557988275,a15e1f839ebfa8f70bfc3030b3715e8c4c993fa35c5436d17c9d01d4036b7e0c,0.11520955882079661,0.1292786439054841,0.24720503553664835
7e28542fda40db288ad2613b49f17b1248f6f2ce,False,True,article-s-objective-preregistration,article-s-objective-implementation,4.0,0.9,32,20260634,2,0.9481536677418891,27.695562613411504,True,0.11520955882079661,ok,26.25964927208126,1.4602419080443212,0.00670993972738243,c3c8b6c0204934750a7b051df1e4a411060fb8138ac9ab399011f3f41d5c8791,0.11520955882079661,0.1292786439054841,0.24720503553664835
7e28542fda40db288ad2613b49f17b1248f6f2ce,False,True,article-s-objective-preregistration,article-s-objective-implementation,4.0,0.9,32,20260634,3,0.9099258632913818,28.37347161877352,False,0.31070872451172205,ok,25.817755657286018,1.3605248979016107,0.0067330679836534735,1f261b3e22e7feb822c840e0af58a7cd5dd13153df4db45b57ddc6b6f648654c,0.11520955882079661,0.1292786439054841,0.24720503553664835
7e28542fda40db288ad2613b49f17b1248f6f2ce,False,True,article-s-objective-preregistration,article-s-objective-implementation,4.0,0.9,32,20260634,4,0.7526250211140937,31.714356563135794,False,0.816795928173047,ok,23.869018277949973,1.1049018358555036,0.006814241706076807,327d7af55b445e45e1662fdda73ad1fac0c3452798283a24d3aff49b8dd288ec,0.11520955882079661,0.1292786439054841,0.24720503553664835
7e28542fda40db288ad2613b49f17b1248f6f2ce,False,True,article-s-objective-preregistration,article-s-objective-implementation,4.0,0.9,32,20260634,5,0.9658571388203859,27.396033561807904,True,0.10392561784371587,ok,26.46065459103505,1.4666544868474256,0.006721227730375645,40bf837ec5343ef72a95bbcdf15dd563bec55df5799789bc552abc6f337406c2,0.11520955882079661,0.1292786439054841,0.24720503553664835
7e28542fda40db288ad2613b49f17b1248f6f2ce,False,True,article-s-objective-preregistration,article-s-objective-implementation,4.0,0.9,33,20260635,1,0.7062245079856967,32.91673852017132,False,0.9091998028055978,ok,23.24660746590182,1.0633892395651472,0.006745000789994293,de827c1ff093decdb385357227aa3bb54ec2e91407a0ca336f7f964e4c19633e,,0.1292786439054841,0.24720503553664835
7e28542fda40db288ad2613b49f17b1248f6f2ce,False,True,article-s-objective-preregistration,article-s-objective-implementation,4.0,0.9,33,20260635,2,0.9052541551715118,28.45939800837704,False,0.3120327064105777,ok,25.762988300763162,1.3594413615980208,0.006727799170115567,ed2339187da72d0fb971d6f53ed211b3250349501a0de6602e505bcce9f9419f,,0.1292786439054841,0.24720503553664835
7e28542fda40db288ad2613b49f17b1248f6f2ce,False,True,article-s-objective-preregistration,article-s-objective-implementation,4.0,0.9,33,20260635,3,0.7995769872738449,30.60991456539604,False,0.6182246595742732,ok,24.474983268909146,1.2075444392964887,0.00667276045315468,0e0d3a79e9e664f9e6bacb37b2b8f46a667fb5de318124c4c40b1202115438ae,,0.1292786439054841,0.24720503553664835
7e28542fda40db288ad2613b49f17b1248f6f2ce,False,True,article-s-objective-preregistration,article-s-objective-implementation,4.0,0.9,33,20260635,4,0.7397308318169095,32.03667610214359,False,0.8668655797048965,ok,23.698517061687582,1.0829389799893883,0.006752262621048999,43f20937dff47c7cf7c27c9e1ffd2a14b4526beee0977eee30709035c6ca532f,,0.1292786439054841,0.24720503553664835
7e28542fda40db288ad2613b49f17b1248f6f2ce,False,True,article-s-objective-preregistration,article-s-objective-implementation,4.0,0.9,33,20260635,5,0.8853749768729142,28.832983134311945,False,0.3204078238944179,ok,25.528001775718565,1.355605473039067,0.006726664146926797,27c10bd0136a8c0ce6f691874eb130f772bb905d9281d434bbe9b914ea35c2fe,,0.1292786439054841,0.24720503553664835
7e28542fda40db288ad2613b49f17b1248f6f2ce,False,True,article-s-objective-preregistration,article-s-objective-implementation,4.0,0.9,34,20260636,1,0.7014147359575894,33.048412703224436,False,0.9537345108022333,ok,23.180643670049612,1.043789638640748,0.006706983328625515,9730d221d6d443c86462ac756fd97481753b3b7d0882158923773113a2570f7d,0.10751414805016284,0.1292786439054841,0.24720503553664835
7e28542fda40db288ad2613b49f17b1248f6f2ce,False,True,article-s-objective-preregistration,article-s-objective-implementation,4.0,0.9,34,20260636,2,0.770922261040017,31.27147432544206,False,0.7137549832314543,ok,24.107875693024635,1.1636640800681417,0.0066171033407758095,94dc2eaf02a42f6c08ba34f800685167fd62aa25b567476896a9703dc1aa726e,0.10751414805016284,0.1292786439054841,0.24720503553664835
7e28542fda40db288ad2613b49f17b1248f6f2ce,False,True,article-s-objective-preregistration,article-s-objective-implementation,4.0,0.9,34,20260636,3,0.8003750625620929,30.592020617154816,False,0.6182246595742732,ok,24.485090415356122,1.2075444392964887,0.00667276045315468,0e0d3a79e9e664f9e6bacb37b2b8f46a667fb5de318124c4c40b1202115438ae,0.10751414805016284,0.1292786439054841,0.24720503553664835
7e28542fda40db288ad2613b49f17b1248f6f2ce,False,True,article-s-objective-preregistration,article-s-objective-implementation,4.0,0.9,34,20260636,4,0.9641429490007104,27.42465631294849,True,0.10751414805016284,ok,26.441289012897105,1.4645414997870034,0.006711934462254376,af5238976e4c163fbdba3b410be2b20ab2d4e5c24ce8266aa70f5c6b019955c3,0.10751414805016284,0.1292786439054841,0.24720503553664835
7e28542fda40db288ad2613b49f17b1248f6f2ce,False,True,article-s-objective-preregistration,article-s-objective-implementation,4.0,0.9,34,20260636,5,0.7353090735695518,32.14923164801393,False,0.880145571725718,ok,23.639621739074038,1.0764004817125228,0.006730319739716162,f9550caeffcb2aa4ec0ce3d996838427628c6176bd740e0fa5521f3764e0c573,0.10751414805016284,0.1292786439054841,0.24720503553664835
7e28542fda40db288ad2613b49f17b1248f6f2ce,False,True,article-s-objective-preregistration,article-s-objective-implementation,4.0,0.9,35,20260637,1,0.8485022404505211,29.562066009507262,False,0.4355025344805112,ok,25.08347924141311,1.302939336854038,0.0066385995661275565,cc23aab39a39f646cad161e97f9f5e2846bdb8f94e37428e95e4718bbadab67a,,0.1292786439054841,0.24720503553664835
7e28542fda40db288ad2613b49f17b1248f6f2ce,False,True,article-s-objective-preregistration,article-s-objective-implementation,4.0,0.9,35,20260637,2,0.8536119815795402,29.45808623902472,False,0.4265758422300366,ok,25.145775368034876,1.3076855523040585,0.00663100369228431,f3b71b48d2e28ed4994d034c5f11a462dce5fbfb2b338f251bd0a0467a2987da,,0.1292786439054841,0.24720503553664835
7e28542fda40db288ad2613b49f17b1248f6f2ce,False,True,article-s-objective-preregistration,article-s-objective-implementation,4.0,0.9,35,20260637,3,0.7169126150966025,32.62906655685838,False,0.9020158419645833,ok,23.39218943343844,1.0657887113657503,0.006716497889235118,7a663e248cffa14537aa85267a003208d06ba83c4b7f5b151858e7f9b0461632,,0.1292786439054841,0.24720503553664835
7e28542fda40db288ad2613b49f17b1248f6f2ce,False,True,article-s-objective-preregistration,article-s-objective-implementation,4.0,0.9,35,20260637,4,0.8365335899665216,29.809510244568706,False,0.5291379157074441,ok,24.936656620032863,1.2479082128435623,0.006795087736451766,a2e9a47584fc166871e042467b5bbd65142d61d8b0da68f469b4747940a0d2bf,,0.1292786439054841,0.24720503553664835
7e28542fda40db288ad2613b49f17b1248f6f2ce,False,True,article-s-objective-preregistration,article-s-objective-implementation,4.0,0.9,35,20260637,5,0.8078235205207277,30.426351391098276,False,0.6119517139296042,ok,24.57912229735775,1.2110258574204107,0.006682322627009185,65a551d7431241d0e563c5a228174e325594f4afdc16cf27a6dfb68a29deb69c,,0.1292786439054841,0.24720503553664835
7e28542fda40db288ad2613b49f17b1248f6f2ce,False,True,article-s-objective-preregistration,article-s-objective-implementation,4.0,0.9,36,20260638,1,0.9226802495677139,28.142377514136403,True,0.29385791597093985,ok,25.966415908172195,1.369161654052536,0.006761077188100817,14958db3c2827f700a56955f13fb26505babe33b2ede26119ca031d4b12d6112,0.29385791597093985,0.1292786439054841,0.24720503553664835
7e28542fda40db288ad2613b49f17b1248f6f2ce,False,True,article-s-objective-preregistration,article-s-objective-implementation,4.0,0.9,36,20260638,2,0.6811379385796476,33.61931729072375,False,1.0860914018054877,ok,22.899392475858676,0.9700905599637338,0.00692570361396605,56d5c728bc8a34814868fbe00bfe41298aa40e7fab404246b4bb32a5b89bdc96,0.29385791597093985,0.1292786439054841,0.24720503553664835
7e28542fda40db288ad2613b49f17b1248f6f2ce,False,True,article-s-objective-preregistration,article-s-objective-implementation,4.0,0.9,36,20260638,3,0.7783241901590701,31.096942992215087,False,0.6919445933985465,ok,24.203502970838578,1.1745941548737422,0.006609369559083422,29c128bacf3ed9b31e5dd64a34998a71e2006df397327fa8679d103b99f59ed1,0.29385791597093985,0.1292786439054841,0.24720503553664835
7e28542fda40db288ad2613b49f17b1248f6f2ce,False,True,article-s-objective-preregistration,article-s-objective-implementation,4.0,0.9,36,20260638,4,0.8854986446660807,28.830618359796247,False,0.3204078238944179,ok,25.5294734824846,1.355605473039067,0.006726664146926797,27c10bd0136a8c0ce6f691874eb130f772bb905d9281d434bbe9b914ea35c2fe,0.29385791597093985,0.1292786439054841,0.24720503553664835
7e28542fda40db288ad2613b49f17b1248f6f2ce,False,True,article-s-objective-preregistration,article-s-objective-implementation,4.0,0.9,36,20260638,5,0.7656281405974078,31.39791850625405,False,0.7386659859702026,ok,24.03912996457223,1.1508421566314113,0.006668398825136368,6d8d7b74c02bf92cbf87a7856ebf07399d773080649cd4bd2212d7be64077996,0.29385791597093985,0.1292786439054841,0.24720503553664835
7e28542fda40db288ad2613b49f17b1248f6f2ce,False,True,article-s-objective-preregistration,article-s-objective-implementation,4.0,0.9,37,20260639,1,0.9375467388296117,27.879286369965154,True,0.1292786439054841,ok,26.138134017057673,1.4530625760322384,0.006729459220384371,2431fb704afe597c29223938de870c7b1a94b425b1609954093433f09009e65f,0.1292786439054841,0.1292786439054841,0.24720503553664835
7e28542fda40db288ad2613b49f17b1248f6f2ce,False,True,article-s-objective-preregistration,article-s-objective-implementation,4.0,0.9,37,20260639,2,0.9590842470256897,27.509594657680797,True,0.10751414805016284,ok,26.384018878243722,1.4645414997870034,0.006711934462254376,af5238976e4c163fbdba3b410be2b20ab2d4e5c24ce8266aa70f5c6b019955c3,0.1292786439054841,0.1292786439054841,0.24720503553664835
7e28542fda40db288ad2613b49f17b1248f6f2ce,False,True,article-s-objective-preregistration,article-s-objective-implementation,4.0,0.9,37,20260639,3,0.6801818453152173,33.646887231168954,False,1.0860914018054877,ok,22.88600184600952,0.9700905599637338,0.00692570361396605,56d5c728bc8a34814868fbe00bfe41298aa40e7fab404246b4bb32a5b89bdc96,0.1292786439054841,0.1292786439054841,0.24720503553664835
7e28542fda40db288ad2613b49f17b1248f6f2ce,False,True,article-s-objective-preregistration,article-s-objective-implementation,4.0,0.9,37,20260639,4,0.9113090680488387,28.34816356868455,False,0.30995992388933424,ok,25.83393852267396,1.3612974246547658,0.006737382164112127,985b0821d71fb91c9de98079874acc7e7ff604ed60bd6cd725a3c97a1c092c1e,0.1292786439054841,0.1292786439054841,0.24720503553664835
7e28542fda40db288ad2613b49f17b1248f6f2ce,False,True,article-s-objective-preregistration,article-s-objective-implementation,4.0,0.9,37,20260639,5,0.9562328974589502,27.557782693397257,True,0.10751414805016284,ok,26.351658392451373,1.4645414997870034,0.006711934462254376,af5238976e4c163fbdba3b410be2b20ab2d4e5c24ce8266aa70f5c6b019955c3,0.1292786439054841,0.1292786439054841,0.24720503553664835
7e28542fda40db288ad2613b49f17b1248f6f2ce,False,True,article-s-objective-preregistration,article-s-objective-implementation,4.0,0.9,38,20260640,1,0.672079718412742,33.88295785109229,False,1.0901077680117472,ok,22.772048771552917,0.967681422103251,0.006917470547810112,5d2fcf97aaac427c065211490efd1b99514c17a7aacf370440415780a724599a,,0.1292786439054841,0.24720503553664835
7e28542fda40db288ad2613b49f17b1248f6f2ce,False,True,article-s-objective-preregistration,article-s-objective-implementation,4.0,0.9,38,20260640,2,0.8155190086565243,30.257679910072934,False,0.6060789710628954,ok,24.67571312450911,1.213516973814472,0.006681247018036629,ba77368a5d8f4514f450d80392b95edf6682c11361ada13d7b0a269cc99d1907,,0.1292786439054841,0.24720503553664835
7e28542fda40db288ad2613b49f17b1248f6f2ce,False,True,article-s-objective-preregistration,article-s-objective-implementation,4.0,0.9,38,20260640,3,0.7243900932713417,32.431744419836,False,0.8943101683021287,ok,23.493234365237317,1.0698006492290921,0.006718497921989197,c69adbba323d3fc31f4506519c5099d4233b4e5de40453d6ec8f93c3590d0388,,0.1292786439054841,0.24720503553664835
7e28542fda40db288ad2613b49f17b1248f6f2ce,False,True,article-s-objective-preregistration,article-s-objective-implementation,4.0,0.9,38,20260640,4,0.8788074653616713,28.959317822910425,False,0.32492501466805007,ok,25.449664694554983,1.3538976301386905,0.006735280861438486,f3723a0ca95911bfabf781b68e1230b4742c7d1c0344d00fe8b722d42a9f975a,,0.1292786439054841,0.24720503553664835
7e28542fda40db288ad2613b49f17b1248f6f2ce,False,True,article-s-objective-preregistration,article-s-objective-implementation,4.0,0.9,38,20260640,5,0.8961819602140745,28.628272413708892,False,0.31583884411143026,ok,25.656141289260148,1.3577395140459105,0.006725177579898212,a62f2e4c90854034b4c8c0a319de7231d8585dd4e18308492f9fed211ef4330a,,0.1292786439054841,0.24720503553664835
7e28542fda40db288ad2613b49f17b1248f6f2ce,False,True,article-s-objective-preregistration,article-s-objective-implementation,4.0,0.9,39,20260641,1,0.7772728254676198,31.121575058193415,False,0.6919445933985465,ok,24.1899545784846,1.1745941548737422,0.006609369559083422,29c128bacf3ed9b31e5dd64a34998a71e2006df397327fa8679d103b99f59ed1,0.30591846825010227,0.1292786439054841,0.24720503553664835
7e28542fda40db288ad2613b49f17b1248f6f2ce,False,True,article-s-objective-preregistration,article-s-objective-implementation,4.0,0.9,39,20260641,2,0.8023739617819167,30.547324788361657,False,0.6181122202839882,ok,24.510378012276693,1.207055385643157,0.006666589197710682,9fdf11aaf22a63b6d2dcceb9ef11f13f815112be6a150116c5cdd009f46d73ad,0.30591846825010227,0.1292786439054841,0.24720503553664835
7e28542fda40db288ad2613b49f17b1248f6f2ce,False,True,article-s-objective-preregistration,article-s-objective-implementation,4.0,0.9,39,20260641,3,0.921603033316932,28.161700452221147,True,0.29958591661816397,ok,25.953908560129825,1.3662963877771865,0.0067496602591257115,ddb81f32772fb22a75e20ce08496d7fe3a2208d5529827d937d99386733cb67e,0.30591846825010227,0.1292786439054841,0.24720503553664835
7e28542fda40db288ad2613b49f17b1248f6f2ce,False,True,article-s-objective-preregistration,article-s-objective-implementation,4.0,0.9,39,20260641,4,0.9588387978874984,27.513733869013674,True,0.10751414805016284,ok,26.38123550836162,1.4645414997870034,0.006711934462254376,af5238976e4c163fbdba3b410be2b20ab2d4e5c24ce8266aa70f5c6b019955c3,0.30591846825010227,0.1292786439054841,0.24720503553664835
7e28542fda40db288ad2613b49f17b1248f6f2ce,False,True,article-s-objective-preregistration,article-s-objective-implementation,4.0,0.9,39,20260641,5,0.9138848838893354,28.301195516583178,True,0.30591846825010227,ok,25.864034778601997,1.3635496918283683,0.006746586561859225,10f738da8861ca59c22a7a7cd7b1ad94913c009dc261088783569d4568b5fb2a,0.30591846825010227,0.1292786439054841,0.24720503553664835
7e28542fda40db288ad2613b49f17b1248f6f2ce,False,True,article-s-objective-preregistration,article-s-objective-implementation,4.0,0.9,40,20260642,1,0.9105092365926201,28.362790444940853,False,0.31070872451172205,ok,25.824582675659553,1.3605248979016107,0.0067330679836534735,1f261b3e22e7feb822c840e0af58a7cd5dd13153df4db45b57ddc6b6f648654c,,0.1292786439054841,0.24720503553664835
7e28542fda40db288ad2613b49f17b1248f6f2ce,False,True,article-s-objective-preregistration,article-s-objective-implementation,4.0,0.9,40,20260642,2,0.8701059637995832,29.129006262464436,False,0.39771287904009,ok,25.34532206852571,1.3215864183077983,0.006619988720444336,dec48a40fc4ccb62ec254b783cf4228879e86e6740b5d99b8cdab3b079cbc343,,0.1292786439054841,0.24720503553664835
7e28542fda40db288ad2613b49f17b1248f6f2ce,False,True,article-s-objective-preregistration,article-s-objective-implementation,4.0,0.9,40,20260642,3,0.9118021295787183,28.339156798391063,False,0.30995992388933424,ok,25.839703519238185,1.3612974246547658,0.006737382164112127,985b0821d71fb91c9de98079874acc7e7ff604ed60bd6cd725a3c97a1c092c1e,,0.1292786439054841,0.24720503553664835
7e28542fda40db288ad2613b49f17b1248f6f2ce,False,True,article-s-objective-preregistration,article-s-objective-implementation,4.0,0.9,40,20260642,4,0.7457082064829041,31.8861780632844,False,0.8209869129653933,ok,23.777784655166332,1.1034623995248505,0.006819079391328753,516e037e2722815622c01376e088ffde420ba68327765913944b11825b9d0239,,0.1292786439054841,0.24720503553664835
7e28542fda40db288ad2613b49f17b1248f6f2ce,False,True,article-s-objective-preregistration,article-s-objective-implementation,4.0,0.9,40,20260642,5,0.804357563315208,30.503142889941444,False,0.6181122202839882,ok,24.53543368840891,1.207055385643157,0.006666589197710682,9fdf11aaf22a63b6d2dcceb9ef11f13f815112be6a150116c5cdd009f46d73ad,,0.1292786439054841,0.24720503553664835
7e28542fda40db288ad2613b49f17b1248f6f2ce,False,True,article-s-objective-preregistration,article-s-objective-implementation,4.0,0.9,41,20260643,1,0.8268858832066097,30.013046958474092,False,0.5715855144414589,ok,24.817364841979302,1.2300492768326032,0.00673985552121481,0f0c3694f900c35799d885909be649feb8019a3b632c705c7436f5ef761d25f5,,0.1292786439054841,0.24720503553664835
7e28542fda40db288ad2613b49f17b1248f6f2ce,False,True,article-s-objective-preregistration,article-s-objective-implementation,4.0,0.9,41,20260643,2,0.9097208198265385,28.377228388150876,False,0.31070872451172205,ok,25.815355473673538,1.3605248979016107,0.0067330679836534735,1f261b3e22e7feb822c840e0af58a7cd5dd13153df4db45b57ddc6b6f648654c,,0.1292786439054841,0.24720503553664835
7e28542fda40db288ad2613b49f17b1248f6f2ce,False,True,article-s-objective-preregistration,article-s-objective-implementation,4.0,0.9,41,20260643,3,0.7809120857682017,31.03653288099771,False,0.6776021252062623,ok,24.236803627113296,1.1816113037291842,0.006632919374909729,0f2a65b36cafc46f8c237a8ecdf249f2addeb259b62c6680742127f870a7f0c1,,0.1292786439054841,0.24720503553664835
7e28542fda40db288ad2613b49f17b1248f6f2ce,False,True,article-s-objective-preregistration,article-s-objective-implementation,4.0,0.9,41,20260643,4,0.7146863057748701,32.68843603032385,False,0.9020158419645833,ok,23.361977588070314,1.0657887113657503,0.006716497889235118,7a663e248cffa14537aa85267a003208d06ba83c4b7f5b151858e7f9b0461632,,0.1292786439054841,0.24720503553664835
7e28542fda40db288ad2613b49f17b1248f6f2ce,False,True,article-s-objective-preregistration,article-s-objective-implementation,4.0,0.9,41,20260643,5,0.769543444204542,31.304275026060623,False,0.7198105160241128,ok,24.08999962188092,1.1605335832254207,0.006633292194943685,2a4958087b933fd0bd520f987c47f87eb3126dfa86199a414de6733336b3596a,,0.1292786439054841,0.24720503553664835
7e28542fda40db288ad2613b49f17b1248f6f2ce,False,True,article-s-objective-preregistration,article-s-objective-implementation,4.0,0.9,42,20260644,1,0.9740150528572875,27.260908041106237,True,0.09642298586964951,ok,26.552534786595746,1.4702311790992681,0.0067222533822510755,11c70ae242ff8df1602777379aff474972a2150575860022266b4d5e4537770a,0.13567752090344692,0.1292786439054841,0.24720503553664835
7e28542fda40db288ad2613b49f17b1248f6f2ce,False,True,article-s-objective-preregistration,article-s-objective-implementation,4.0,0.9,42,20260644,2,0.9321239628055765,27.974486356037556,True,0.13567752090344692,ok,26.07568907964026,1.4497767959374606,0.006743567150779395,43547920df8caba1ee3ae3432e5bafc35554a71b5df5c2b8dbbfdb968e3c45f0,0.13567752090344692,0.1292786439054841,0.24720503553664835
7e28542fda40db288ad2613b49f17b1248f6f2ce,False,True,article-s-objective-preregistration,article-s-objective-implementation,4.0,0.9,42,20260644,3,0.7023439349061846,33.02286542195035,False,0.9434884430657444,ok,23.19340924232999,1.048407159179796,0.0067010925752359896,c65d3df4560ed90114302a29962cb276cb028c23c6ceaad0167b9951a0992ca3,0.13567752090344692,0.1292786439054841,0.24720503553664835
7e28542fda40db288ad2613b49f17b1248f6f2ce,False,True,article-s-objective-preregistration,article-s-objective-implementation,4.0,0.9,42,20260644,4,0.8638216137448925,29.253224753757177,False,0.40653408346458847,ok,25.269567814032563,1.3175256690545225,0.0066211048720621335,a6c727313926c4040400243d311cdce2baca7af61e3e4c48c8c74adbd60f6b4a,0.13567752090344692,0.1292786439054841,0.24720503553664835
7e28542fda40db288ad2613b49f17b1248f6f2ce,False,True,article-s-objective-preregistration,article-s-objective-implementation,4.0,0.9,42,20260644,5,0.8110700120761924,30.354888579310167,False,0.6119517139296042,ok,24.619939846592573,1.2110258574204107,0.006682322627009185,65a551d7431241d0e563c5a228174e325594f4afdc16cf27a6dfb68a29deb69c,0.13567752090344692,0.1292786439054841,0.24720503553664835
7e28542fda40db288ad2613b49f17b1248f6f2ce,False,True,article-s-objective-preregistration,article-s-objective-implementation,4.0,0.9,43,20260645,1,0.8807458909437673,28.921875666294124,False,0.32494429379698164,ok,25.472823151475083,1.3534545897826988,0.0067309147547995885,175b537984f250dad2ae0a1f1d77e8da0f3353727125933295182d97ff7e4d91,,0.1292786439054841,0.24720503553664835
7e28542fda40db288ad2613b49f17b1248f6f2ce,False,True,article-s-objective-preregistration,article-s-objective-implementation,4.0,0.9,43,20260645,2,0.8433738474024066,29.667417828861414,False,0.4585917724057069,ok,25.020724316821603,1.2901894626788815,0.00668475977147498,d8fd9a2392e371d04e9f1a7e75a40c7fa3aec52d52ba526c53018201edfac995,,0.1292786439054841,0.24720503553664835
7e28542fda40db288ad2613b49f17b1248f6f2ce,False,True,article-s-objective-preregistration,article-s-objective-implementation,4.0,0.9,43,20260645,3,0.8380779361672613,29.777270712206743,False,0.5291379157074441,ok,24.955673583180065,1.2479082128435623,0.006795087736451766,a2e9a47584fc166871e042467b5bbd65142d61d8b0da68f469b4747940a0d2bf,,0.1292786439054841,0.24720503553664835
7e28542fda40db288ad2613b49f17b1248f6f2ce,False,True,article-s-objective-preregistration,article-s-objective-implementation,4.0,0.9,43,20260645,4,0.7326854756547675,32.21651477611095,False,0.8852229876977836,ok,23.604572452673697,1.0739089649237294,0.006722190719604448,1ba81b33d7a76a653dbcd2aea4d5e365ae5df1b84df70ec9cd68b2d4315b6c35,,0.1292786439054841,0.24720503553664835
7e28542fda40db288ad2613b49f17b1248f6f2ce,False,True,article-s-objective-preregistration,article-s-objective-implementation,4.0,0.9,43,20260645,5,0.7525916750767635,31.71517900628094,False,0.816795928173047,ok,23.868579693696375,1.1049018358555036,0.006814241706076807,327d7af55b445e45e1662fdda73ad1fac0c3452798283a24d3aff49b8dd288ec,,0.1292786439054841,0.24720503553664835
7e28542fda40db288ad2613b49f17b1248f6f2ce,False,True,article-s-objective-preregistration,article-s-objective-implementation,4.0,0.9,44,20260646,1,0.7749478777384973,31.176230698549112,False,0.7018325313158417,ok,24.15995381572642,1.169891390862697,0.006614623650824658,4a8d0fbddc38da5bd2c2e16cc471d0e475aa9b4a8bbf1534aae8097b4c262dc2,0.10751414805016284,0.1292786439054841,0.24720503553664835
7e28542fda40db288ad2613b49f17b1248f6f2ce,False,True,article-s-objective-preregistration,article-s-objective-implementation,4.0,0.9,44,20260646,2,0.9585956816667766,27.517835387514786,True,0.10751414805016284,ok,26.378478171288883,1.4645414997870034,0.006711934462254376,af5238976e4c163fbdba3b410be2b20ab2d4e5c24ce8266aa70f5c6b019955c3,0.10751414805016284,0.1292786439054841,0.24720503553664835
7e28542fda40db288ad2613b49f17b1248f6f2ce,False,True,article-s-objective-preregistration,article-s-objective-implementation,4.0,0.9,44,20260646,3,0.8432673367964219,29.669616508611462,False,0.4585917724057069,ok,25.01941849698794,1.2901894626788815,0.00668475977147498,d8fd9a2392e371d04e9f1a7e75a40c7fa3aec52d52ba526c53018201edfac995,0.10751414805016284,0.1292786439054841,0.24720503553664835
7e28542fda40db288ad2613b49f17b1248f6f2ce,False,True,article-s-objective-preregistration,article-s-objective-implementation,4.0,0.9,44,20260646,4,0.7714514560068043,31.258909606968146,False,0.7137549832314543,ok,24.11473132948066,1.1636640800681417,0.0066171033407758095,94dc2eaf02a42f6c08ba34f800685167fd62aa25b567476896a9703dc1aa726e,0.10751414805016284,0.1292786439054841,0.24720503553664835
7e28542fda40db288ad2613b49f17b1248f6f2ce,False,True,article-s-objective-preregistration,article-s-objective-implementation,4.0,0.9,44,20260646,5,0.7421778467887556,31.9748369674155,False,0.8216809128049553,ok,23.73101565189794,1.1028456569358307,0.006816313237516969,20ae0d643ffc20e88c995daab0cbcaeee04e685ec462a35dbed4f7c48c69dbb9,0.10751414805016284,0.1292786439054841,0.24720503553664835
7e28542fda40db288ad2613b49f17b1248f6f2ce,False,True,article-s-objective-preregistration,article-s-objective-implementation,4.0,0.9,45,20260647,1,0.9386592551298998,27.85986275643947,True,0.1292786439054841,ok,26.150918022980708,1.4530625760322384,0.006729459220384371,2431fb704afe597c29223938de870c7b1a94b425b1609954093433f09009e65f,0.1292786439054841,0.1292786439054841,0.24720503553664835
7e28542fda40db288ad2613b49f17b1248f6f2ce,False,True,article-s-objective-preregistration,article-s-objective-implementation,4.0,0.9,45,20260647,2,0.8957044537069598,28.63723545714462,False,0.31583884411143026,ok,25.6504993408193,1.3577395140459105,0.006725177579898212,a62f2e4c90854034b4c8c0a319de7231d8585dd4e18308492f9fed211ef4330a,0.1292786439054841,0.1292786439054841,0.24720503553664835
7e28542fda40db288ad2613b49f17b1248f6f2ce,False,True,article-s-objective-preregistration,article-s-objective-implementation,4.0,0.9,45,20260647,3,0.9693782347093954,27.337490784647894,True,0.10082485468827505,ok,26.50036855820634,1.467803463071971,0.006711734342475406,684819a4032024118551ba94032d391c2be218b703c36b752a96b2065356f34a,0.1292786439054841,0.1292786439054841,0.24720503553664835
7e28542fda40db288ad2613b49f17b1248f6f2ce,False,True,article-s-objective-preregistration,article-s-objective-implementation,4.0,0.9,45,20260647,4,0.7560617602207507,31.62989674073772,False,0.816795928173047,ok,23.914155405402745,1.1049018358555036,0.006814241706076807,327d7af55b445e45e1662fdda73ad1fac0c3452798283a24d3aff49b8dd288ec,0.1292786439054841,0.1292786439054841,0.24720503553664835
7e28542fda40db288ad2613b49f17b1248f6f2ce,False,True,article-s-objective-preregistration,article-s-objective-implementation,4.0,0.9,45,20260647,5,0.7250672855084463,32.41403059962285,False,0.8943101683021287,ok,23.502353179256257,1.0698006492290921,0.006718497921989197,c69adbba323d3fc31f4506519c5099d4233b4e5de40453d6ec8f93c3590d0388,0.1292786439054841,0.1292786439054841,0.24720503553664835
7e28542fda40db288ad2613b49f17b1248f6f2ce,False,True,article-s-objective-preregistration,article-s-objective-implementation,4.0,0.9,46,20260648,1,0.7857622364019132,30.924152368497708,False,0.6282070110859979,ok,24.29903112390428,1.2029541667081753,0.006683664313293036,11a996d9b628e0b3c50b4bba242c1e87b63cb0aa44380acf778a6a0950fb1976,0.13567752090344692,0.1292786439054841,0.24720503553664835
7e28542fda40db288ad2613b49f17b1248f6f2ce,False,True,article-s-objective-preregistration,article-s-objective-implementation,4.0,0.9,46,20260648,2,0.759776115293919,31.539285074949145,False,0.816795928173047,ok,23.96279549339234,1.1049018358555036,0.006814241706076807,327d7af55b445e45e1662fdda73ad1fac0c3452798283a24d3aff49b8dd288ec,0.13567752090344692,0.1292786439054841,0.24720503553664835
7e28542fda40db288ad2613b49f17b1248f6f2ce,False,True,article-s-objective-preregistration,article-s-objective-implementation,4.0,0.9,46,20260648,3,0.8474059013701833,29.584503867544434,False,0.44219938945909004,ok,25.070083166466166,1.2994270193977615,0.006654078215640791,4064c28a4070c2a67ce5b6ccbc2d5e8d425fc8a0f81c65703e6f9cf84f4aeaf9,0.13567752090344692,0.1292786439054841,0.24720503553664835
7e28542fda40db288ad2613b49f17b1248f6f2ce,False,True,article-s-objective-preregistration,article-s-objective-implementation,4.0,0.9,46,20260648,4,0.9348543334034382,27.926444294221998,True,0.13567752090344692,ok,26.107157465003155,1.4497767959374606,0.006743567150779395,43547920df8caba1ee3ae3432e5bafc35554a71b5df5c2b8dbbfdb968e3c45f0,0.13567752090344692,0.1292786439054841,0.24720503553664835
7e28542fda40db288ad2613b49f17b1248f6f2ce,False,True,article-s-objective-preregistration,article-s-objective-implementation,4.0,0.9,46,20260648,5,0.8065853979916615,30.453723857497668,False,0.6154148859201204,ok,24.563528977927913,1.20909160347469,0.006675283997868764,a30a6cdea4e58684ede690fa75925a977b772419906313cf2ec613a0cb42e21a,0.13567752090344692,0.1292786439054841,0.24720503553664835
7e28542fda40db288ad2613b49f17b1248f6f2ce,False,True,article-s-objective-preregistration,article-s-objective-implementation,4.0,0.9,47,20260649,1,0.7786476825289519,31.089374452581655,False,0.6844552974544622,ok,24.20766936877751,1.1784513065064783,0.006622734789242468,97b00825fa3aca9540c0e09811f04dc33bd88f397026f94c46faff5967ee1958,,0.1292786439054841,0.24720503553664835
7e28542fda40db288ad2613b49f17b1248f6f2ce,False,True,article-s-objective-preregistration,article-s-objective-implementation,4.0,0.9,47,20260649,2,0.8600250572704147,29.32895860562148,False,0.4170529751051571,ok,25.223639304481235,1.312072806037498,0.0066192070148454185,9650bb81481a482aecc68faef2a0fee798b90b990de4ab5121827fe8a980a6c4,,0.1292786439054841,0.24720503553664835
7e28542fda40db288ad2613b49f17b1248f6f2ce,False,True,article-s-objective-preregistration,article-s-objective-implementation,4.0,0.9,47,20260649,3,0.7889513078895016,30.850848858284408,False,0.6260572812173107,ok,24.33981755624482,1.204314668987775,0.006688676641774638,9b5fb28b97d37c1a94da660a16abd8c6290c13a9766e7f42e6b4bda2ff823a69,,0.1292786439054841,0.24720503553664835
7e28542fda40db288ad2613b49f17b1248f6f2ce,False,True,article-s-objective-preregistration,article-s-objective-implementation,4.0,0.9,47,20260649,4,0.8215001979277852,30.128294400146345,False,0.5951769611450529,ok,24.750399812946803,1.2189153672133393,0.00670041194636628,9a3114e3bbb3e9dcd725bd6a593510aafcec097b66223c35859c767e90b13dea,,0.1292786439054841,0.24720503553664835
7e28542fda40db288ad2613b49f17b1248f6f2ce,False,True,article-s-objective-preregistration,article-s-objective-implementation,4.0,0.9,47,20260649,5,0.7524080899817701,31.71970794748037,False,0.816795928173047,ok,23.86616487154328,1.1049018358555036,0.006814241706076807,327d7af55b445e45e1662fdda73ad1fac0c3452798283a24d3aff49b8dd288ec,,0.1292786439054841,0.24720503553664835
7e28542fda40db288ad2613b49f17b1248f6f2ce,False,True,article-s-objective-preregistration,article-s-objective-implementation,4.0,0.9,48,20260650,1,0.6757261537131783,33.776168944742544,False,1.0901077680117472,ok,22.82344072819738,0.967681422103251,0.006917470547810112,5d2fcf97aaac427c065211490efd1b99514c17a7aacf370440415780a724599a,,0.1292786439054841,0.24720503553664835
7e28542fda40db288ad2613b49f17b1248f6f2ce,False,True,article-s-objective-preregistration,article-s-objective-implementation,4.0,0.9,48,20260650,2,0.6751398950987083,33.79327766503578,False,1.0901077680117472,ok,22.81518993781378,0.967681422103251,0.006917470547810112,5d2fcf97aaac427c065211490efd1b99514c17a7aacf370440415780a724599a,,0.1292786439054841,0.24720503553664835
7e28542fda40db288ad2613b49f17b1248f6f2ce,False,True,article-s-objective-preregistration,article-s-objective-implementation,4.0,0.9,48,20260650,3,0.6866179550229142,33.46244598379108,False,1.0860431383377436,ok,22.975916231455358,0.9694466726969388,0.00691772139655189,ec95ee0afb5a2a952658a902995b15f13b180a65607579a9dd6e0d6e98d1e10a,,0.1292786439054841,0.24720503553664835
7e28542fda40db288ad2613b49f17b1248f6f2ce,False,True,article-s-objective-preregistration,article-s-objective-implementation,4.0,0.9,48,20260650,4,0.7157042021484444,32.66125592574247,False,0.9020158419645833,ok,23.37579811349967,1.0657887113657503,0.006716497889235118,7a663e248cffa14537aa85267a003208d06ba83c4b7f5b151858e7f9b0461632,,0.1292786439054841,0.24720503553664835
7e28542fda40db288ad2613b49f17b1248f6f2ce,False,True,article-s-objective-preregistration,article-s-objective-implementation,4.0,0.9,48,20260650,5,0.8400357203781257,29.736533953702757,False,0.5256421460443625,ok,24.97975072134729,1.2503867178004322,0.006805385956108356,f0e71d8b35a1d895181776c416f281cbacfe47acd29bcbe4fc665276fdac9a3e,,0.1292786439054841,0.24720503553664835
7e28542fda40db288ad2613b49f17b1248f6f2ce,False,True,article-s-objective-preregistration,article-s-objective-implementation,4.0,0.9,49,20260651,1,0.7196960362950131,32.5552426307629,False,0.8990280267047983,ok,23.42987908198249,1.0674694108831475,0.006722087416312306,dd273c336ec2a3d7daff56e1fcd1b78baf26b35f14442a87413888252fbf3e29,0.1292786439054841,0.1292786439054841,0.24720503553664835
7e28542fda40db288ad2613b49f17b1248f6f2ce,False,True,article-s-objective-preregistration,article-s-objective-implementation,4.0,0.9,49,20260651,2,0.9844690467019156,27.090341984949667,True,0.08107577371357301,ok,26.66960314875228,1.4783997701702654,0.00674899591943845,4150b7cafc6687965f5e97d0ad83b5eacaae78dceefca09bb0015cb09860cc72,0.1292786439054841,0.1292786439054841,0.24720503553664835
7e28542fda40db288ad2613b49f17b1248f6f2ce,False,True,article-s-objective-preregistration,article-s-objective-implementation,4.0,0.9,49,20260651,3,0.8253667806217415,30.045434687175415,False,0.5794169533219308,ok,24.798503700134773,1.2265804762954295,0.006727915710330379,de19629c8d4ed9e013c8f619a00cedf612d28932ee7e70da02eec1dcc37fb590,0.1292786439054841,0.1292786439054841,0.24720503553664835
7e28542fda40db288ad2613b49f17b1248f6f2ce,False,True,article-s-objective-preregistration,article-s-objective-implementation,4.0,0.9,49,20260651,4,0.9721548626455114,27.291562059658652,True,0.10082485468827505,ok,26.531624765488907,1.467803463071971,0.006711734342475406,684819a4032024118551ba94032d391c2be218b703c36b752a96b2065356f34a,0.1292786439054841,0.1292786439054841,0.24720503553664835
7e28542fda40db288ad2613b49f17b1248f6f2ce,False,True,article-s-objective-preregistration,article-s-objective-implementation,4.0,0.9,49,20260651,5,0.9358525286757886,27.908935790139893,True,0.1292786439054841,ok,26.118648131852638,1.4530625760322384,0.006729459220384371,2431fb704afe597c29223938de870c7b1a94b425b1609954093433f09009e65f,0.1292786439054841,0.1292786439054841,0.24720503553664835
