shape_n,scale_a0,deformation_mode,delta,xi,metric,frac_ambiguous,n_placements,mean,std,median,min,max,q5,q25,q75,q95,frac_neg,count
2.0,24.3,area_preserving,0.001,0.024300000000000002,chi_minus,0.0,256,0.0006190384295133577,0.025183001851570668,0.0,-0.06973897807771579,0.05588177669757499,-0.047949454428430904,-0.007713636618666975,0.011855116008430144,0.04913486270308187,0.40625,256
2.0,24.3,area_preserving,0.001,0.024300000000000002,chi_plus,0.0,256,-0.00030118879101696805,0.016263364080827437,0.0,-0.09611583252278066,0.04523116251586856,-0.026477794880852557,-0.0016625712313533825,0.004610901618740115,0.025396411406419794,0.3984375,256
2.0,24.3,area_preserving,0.001,0.024300000000000002,chi_center,0.0,256,0.00015892481925947055,0.01635099544312958,0.0,-0.054407277076506944,0.028458539094611268,-0.02786535660681544,-0.012214106447139272,0.012750766396729674,0.027230103260778016,0.38671875,256
2.0,24.3,area_preserving,0.001,0.024300000000000002,chi_split,0.0,256,-0.0009202272205303258,0.026980381373081397,0.0,-0.08536038281503622,0.05468346395387513,-0.04628444232390727,-0.012697025925878513,0.012010577350896057,0.04694469392019229,0.4765625,256
2.0,24.3,area_preserving,0.001,0.024300000000000002,legacy_raw_ratio,0.0,256,0.07870732593209286,0.04268250277005362,0.08203288398211939,0.0,0.18587359461896824,0.008729647944516472,0.04155307224051885,0.1158490298651671,0.14197156309014858,0.0,256
2.0,24.3,area_preserving,0.001,0.024300000000000002,sorted_baseline_corrected_ratio,0.0,256,0.0019261435583537573,0.02428388302193755,0.0,-0.07675469900503273,0.05468346395387513,-0.042250758738981986,-0.007792641829706959,0.015416227526210413,0.04694469392019229,0.4453125,256
2.0,24.3,area_preserving,0.002,0.048600000000000004,chi_minus,0.0,256,1.8107685681618968e-05,0.01799398908768279,-2.220446049250313e-13,-0.04663455351039403,0.04837440491667344,-0.027650409201940285,-0.011570005234995406,0.009954131666656263,0.027940888348843007,0.5078125,256
2.0,24.3,area_preserving,0.002,0.048600000000000004,chi_plus,0.0,256,-0.0006897586865301647,0.014268369339620347,4.440892098500626e-13,-0.04805791626139033,0.024500874728605737,-0.027849766167487022,-0.007392362707359101,0.007174751686878089,0.020132626303959178,0.44140625,256
2.0,24.3,area_preserving,0.002,0.048600000000000004,chi_center,0.0,256,-0.0003358255004255739,0.010918026246736018,0.0,-0.028397935429858023,0.026389055173048348,-0.019730340346246766,-0.0065281457432009304,0.006926462149614565,0.0138818449563205,0.48828125,256
2.0,24.3,area_preserving,0.002,0.048600000000000004,chi_split,0.0,256,-0.0007078663722117837,0.024040108679062932,0.0,-0.06625173753715963,0.05171133075099199,-0.04361571793332075,-0.013181275742346621,0.0193813860531189,0.03624732655471696,0.49609375,256
2.0,24.3,area_preserving,0.002,0.048600000000000004,legacy_raw_ratio,0.0,256,0.043302208408711566,0.023719377795778294,0.04492703794034547,2.220446049250313e-13,0.09293679730970617,0.007763176403996486,0.019840276811233792,0.0597577888561962,0.08512297633817001,0.0,256
2.0,24.3,area_preserving,0.002,0.048600000000000004,sorted_baseline_corrected_ratio,0.0,256,0.004911617221842017,0.018886489850087913,0.0010555364620135066,-0.04783664509400154,0.05171133075099199,-0.02493160921829274,-0.00621376425363751,0.020590305373824336,0.03624732655471696,0.40625,256
2.0,24.3,area_preserving,0.00205761316872428,0.05,chi_minus,0.0,256,-0.0005018658520250693,0.017706118741954286,0.0,-0.04532878601210299,0.04701992157900658,-0.026876197744070126,-0.011417551175897376,0.008806166175423957,0.0271585434750754,0.4921875,256
2.0,24.3,area_preserving,0.00205761316872428,0.05,chi_plus,0.0,256,-0.000597843810889488,0.013899847529399507,4.316547119742608e-13,-0.046712294606071396,0.0238148502364206,-0.027069972714797382,-0.007185376551391175,0.007156288134973598,0.01956891276782602,0.4453125,256
2.0,24.3,area_preserving,0.00205761316872428,0.05,chi_center,0.0,256,-0.0005498548314585432,0.010668841794438392,0.0,-0.02760279323825365,0.02565016162820299,-0.019177890816282073,-0.006641109385297161,0.006624832043788497,0.013493153297165826,0.484375,256
2.0,24.3,area_preserving,0.00205761316872428,0.05,chi_split,0.0,256,-9.597795886441866e-05,0.02362473414772939,0.0,-0.06439668888633499,0.050263413490180035,-0.042394477831025894,-0.012561130794816132,0.018838707243685526,0.03617629621266438,0.46875,256
2.0,24.3,area_preserving,0.00205761316872428,0.05,legacy_raw_ratio,0.0,256,0.042681814728196446,0.023590753506606228,0.04366908087801579,2.158273559871304e-13,0.10228044586092276,0.007545807464900411,0.019284749060519246,0.058717400876572505,0.08273953300064728,0.0,256
2.0,24.3,area_preserving,0.00205761316872428,0.05,sorted_baseline_corrected_ratio,0.0,256,0.005366160094559248,0.018510756580045966,0.003268547817958822,-0.046497219031801144,0.050263413490180035,-0.02423352416034241,-0.005744150578348649,0.02001377682341121,0.03617629621266438,0.37890625,256
2.0,24.3,area_preserving,0.004,0.09720000000000001,chi_minus,0.015625,256,0.001213737677825699,0.015221702573893981,0.0,-0.03171111589517217,0.03625570046827953,-0.019553588984455583,-0.011508695798911894,0.012659121170544019,0.02846447886682979,0.49206349206349204,252
2.0,24.3,area_preserving,0.004,0.09720000000000001,chi_plus,0.015625,256,-0.0011727739435194028,0.012678925658360844,5.551115123125783e-14,-0.03726783888513552,0.032214431522459286,-0.021879487472897807,-0.008756519070979296,0.007827836065843474,0.015527240490303962,0.4880952380952381,252
2.0,24.3,area_preserving,0.004,0.09720000000000001,chi_center,0.015625,256,2.0481867154249525e-05,0.006758506627867508,1.1102230246251565e-13,-0.02099305222469372,0.016618455697559043,-0.009186484191175959,-0.006365413220299487,0.004833670316173322,0.01332005059090368,0.47619047619047616,252
2.0,24.3,area_preserving,0.004,0.09720000000000001,chi_split,0.015625,256,-0.0023865116213451017,0.02453978652802432,0.0023258626867250776,-0.06100736715541899,0.047933471898131685,-0.04526276915121641,-0.023176542997160876,0.014802253618356742,0.0312658166153279,0.4246031746031746,252
2.0,24.3,area_preserving,0.004,0.09720000000000001,legacy_raw_ratio,0.015625,256,0.028726541677884288,0.014411437751878748,0.028622170111181067,7.029171378292176e-05,0.062235505799201896,0.006791065231792627,0.017420025590020316,0.038988505679488084,0.05594337834313734,0.0,252
2.0,24.3,area_preserving,0.004,0.09720000000000001,sorted_baseline_corrected_ratio,0.015625,256,0.009406355997715155,0.015160483075355268,0.008713802954141148,-0.04074651541863261,0.047933471898131685,-0.01804022718459586,0.0003305262963049227,0.020692966191060425,0.033241588480553697,0.21428571428571427,252
2.0,24.3,area_preserving,0.00411522633744856,0.1,chi_minus,0.015625,256,0.0011038795587094974,0.014838141807636492,0.0,-0.030823204650107346,0.0352405408551677,-0.019006088492950178,-0.011186452316461424,0.012304665777741806,0.027667473458607112,0.4880952380952381,252
2.0,24.3,area_preserving,0.00411522633744856,0.1,chi_plus,0.015625,256,-0.0012211347337191297,0.012990103279414317,5.39568389967826e-14,-0.036224339396351724,0.03339266837266974,-0.022423033328455407,-0.008511336537180725,0.007608656655999856,0.015968020559834727,0.4880952380952381,252
2.0,24.3,area_preserving,0.00411522633744856,0.1,chi_center,0.015625,256,-5.862758750759967e-05,0.006772469406854208,0.0,-0.020405246762402296,0.01615313893802739,-0.009612527904937584,-0.006254172443173943,0.005755910204591429,0.012947089174309815,0.48412698412698413,252
2.0,24.3,area_preserving,0.00411522633744856,0.1,chi_split,0.015625,256,-0.002325014292428627,0.02437952221762145,0.0022607385314967754,-0.059299160875175165,0.04866613222884774,-0.04808347374203045,-0.022527599793348282,0.01754015447131474,0.030390373750098718,0.42857142857142855,252
2.0,24.3,area_preserving,0.00411522633744856,0.1,legacy_raw_ratio,0.015625,256,0.028296560900877208,0.014277067058853742,0.027820749348067993,6.832354579699995e-05,0.06257572630494845,0.0063837123804784575,0.017189065408065862,0.037896827520489396,0.05623439164073173,0.0,252
2.0,24.3,area_preserving,0.00411522633744856,0.1,sorted_baseline_corrected_ratio,0.015625,256,0.009517340419752813,0.01499113160280905,0.00885454213640502,-0.040274368486992174,0.04866613222884774,-0.017535100823308468,0.0003212715602511906,0.020451249127746315,0.03231082400326546,0.21825396825396826,252
2.0,24.3,area_preserving,0.008,0.19440000000000002,chi_minus,0.03125,256,0.0014525334078140152,0.014205328402348075,-0.003212062884394573,-0.02554837679769051,0.029711365170104198,-0.01715835231930196,-0.011831403729012369,0.01438621291474651,0.02209544598447133,0.5443548387096774,248
2.0,24.3,area_preserving,0.008,0.19440000000000002,chi_plus,0.03125,256,-0.001598004601155982,0.011991639176343171,0.00010919715912049988,-0.029119711033642748,0.034327064038663924,-0.024189304078547913,-0.010084000128682269,0.00703066568391586,0.015565884912507868,0.5,248
2.0,24.3,area_preserving,0.008,0.19440000000000002,chi_center,0.03125,256,-7.273559667109544e-05,0.004946421651866227,0.00016128890809041785,-0.013605853362630427,0.020306895807287173,-0.009729096518268365,-0.0033117072533173086,0.0032399979258551648,0.008201813742589319,0.4717741935483871,248
2.0,24.3,area_preserving,0.008,0.19440000000000002,chi_split,0.03125,256,-0.0030505380089699973,0.02435802088996733,0.008134421174199602,-0.04806016398467561,0.03243651413326054,-0.038366117062815785,-0.02711204428502978,0.017428148509482377,0.02793576585597978,0.4475806451612903,248
2.0,24.3,area_preserving,0.008,0.19440000000000002,legacy_raw_ratio,0.03125,256,0.024399993167153796,0.007892581509133306,0.026170145459608607,0.008991783282896737,0.03870594162902474,0.01201376573987667,0.016936770969477877,0.030775104305061363,0.03539761174899403,0.0,248
2.0,24.3,area_preserving,0.008,0.19440000000000002,sorted_baseline_corrected_ratio,0.03125,256,0.014625237921265539,0.008854277468513255,0.014102761616646697,-0.005834141382443647,0.03243651413326054,0.001384241678245579,0.008095114370151868,0.019747763451011258,0.03004052271789459,0.03225806451612903,248
2.0,24.3,area_preserving,0.00823045267489712,0.2,chi_minus,0.03125,256,0.0012035529953178651,0.014239595854837335,-0.0034498436519341254,-0.024833022247301214,0.028879446945395234,-0.01733206652346797,-0.011825778161400844,0.013983398953093138,0.023202475828467448,0.5645161290322581,248
2.0,24.3,area_preserving,0.00823045267489712,0.2,chi_plus,0.03125,256,-0.001620178014742794,0.01188576291401813,3.6519489307607053e-05,-0.028303647198850476,0.033365906245581334,-0.023512003564402525,-0.010098036946963096,0.0068338070447392365,0.01637092756499333,0.5,248
2.0,24.3,area_preserving,0.00823045267489712,0.2,chi_center,0.03125,256,-0.00020831250971453118,0.004859795560800003,5.3367329100884035e-05,-0.013224889468476773,0.019738302724683132,-0.007944418501532713,-0.0032293195631797884,0.003094987345603761,0.007136479926985738,0.49193548387096775,248
2.0,24.3,area_preserving,0.00823045267489712,0.2,chi_split,0.03125,256,-0.002823731010060659,0.024363999030201266,0.008228959610111719,-0.04671447939305073,0.034056166372046226,-0.04071845739436305,-0.027128896939474952,0.018441502849961877,0.027153564411936806,0.43951612903225806,248
2.0,24.3,area_preserving,0.00823045267489712,0.2,legacy_raw_ratio,0.03125,256,0.024436051260896503,0.007907257198276443,0.025608751619533906,0.008740013350975628,0.04008064603062178,0.012086012998330252,0.017001258565017663,0.030326892771200594,0.03650765091752593,0.0,248
2.0,24.3,area_preserving,0.00823045267489712,0.2,sorted_baseline_corrected_ratio,0.03125,256,0.014934989161893114,0.008555436711000659,0.014013673191034191,-0.0015611960042818394,0.036556922697808636,0.00151331838514237,0.008417121901566127,0.019450968222069043,0.029199388081758468,0.008064516129032258,248
2.0,24.3,area_preserving,0.01646090534979424,0.4,chi_minus,0.03125,256,0.0016886973365215223,0.012901131286831983,-0.0036546170951811115,-0.019907647745286527,0.02256276217359576,-0.014917965462644782,-0.010386043688890899,0.014329751396817912,0.018605579619719752,0.5120967741935484,248
2.0,24.3,area_preserving,0.01646090534979424,0.4,chi_plus,0.03125,256,-0.001805696249149846,0.011445314201180785,0.0023578459460827372,-0.019232542910893935,0.017481823979572986,-0.01738060343084724,-0.01308182168050395,0.008475862277750518,0.014455322345042678,0.4879032258064516,248
2.0,24.3,area_preserving,0.01646090534979424,0.4,chi_center,0.03125,256,-5.8499456315630366e-05,0.0029777869548937314,-0.0003828595376356713,-0.009258126412225787,0.009488724138697613,-0.004842123301591833,-0.001966150098783842,0.0016393149869077526,0.005117275465303606,0.5483870967741935,248
2.0,24.3,area_preserving,0.01646090534979424,0.4,chi_split,0.03125,256,-0.0034943935856713683,0.023651637378682755,0.011009485041369447,-0.03524874406752809,0.029699773579222596,-0.03365572215921863,-0.0262859592107012,0.01896377124428067,0.02526874939118572,0.4879032258064516,248
2.0,24.3,area_preserving,0.01646090534979424,0.4,legacy_raw_ratio,0.03125,256,0.023559374520996944,0.003559369114812859,0.02411003443326781,0.014037737886919198,0.03230881620888171,0.017363980279957447,0.021188387819328715,0.025617510749172758,0.02929542959458897,0.0,248
2.0,24.3,area_preserving,0.01646090534979424,0.4,sorted_baseline_corrected_ratio,0.03125,256,0.01892079063548972,0.00367884711483122,0.018377419422420382,0.009740471534949946,0.029699773579222596,0.012739177909063102,0.01666032633861861,0.020817993203616932,0.025380419437754927,0.0,248
2.0,24.3,area_preserving,0.03292181069958848,0.8,chi_minus,0.046875,256,0.00235062817810025,0.0124748737123774,0.009691681768287164,-0.016779013993994174,0.020741719779414854,-0.012459632090685404,-0.01031215636090131,0.014732670183339012,0.01686465139304972,0.48770491803278687,244
2.0,24.3,area_preserving,0.03292181069958848,0.8,chi_plus,0.046875,256,-0.0017828894648227302,0.0116631900598663,-0.010355450265235487,-0.01815113338747887,0.018114363086266516,-0.01469428130418496,-0.012856454533778079,0.009830185379849296,0.011798715103880838,0.5122950819672131,244
2.0,24.3,area_preserving,0.03292181069958848,0.8,chi_center,0.046875,256,0.00028386935663889795,0.001810745810380536,0.00021407106048659805,-0.005617466463136544,0.006387258949239526,-0.002180317959936498,-0.0005436238518546355,0.0013554610682799393,0.002895544896037746,0.44672131147540983,244
2.0,24.3,area_preserving,0.03292181069958848,0.8,chi_split,0.046875,256,-0.00413351764292298,0.023878646349100332,-0.02234769520768728,-0.03168925629543834,0.028271630353355167,-0.02981928340734627,-0.027616113091659022,0.019636266544698355,0.022502462469920388,0.5122950819672131,244
2.0,24.3,area_preserving,0.03292181069958848,0.8,legacy_raw_ratio,0.046875,256,0.02386799360825665,0.002018235994661763,0.0236959118807635,0.01942425985775037,0.029152561186544964,0.020900750801930153,0.022121310264427107,0.025541337564681087,0.027375394082988697,0.0,244
2.0,24.3,area_preserving,0.03292181069958848,0.8,sorted_baseline_corrected_ratio,0.046875,256,0.02152725777534752,0.0023719665825593633,0.021291445511342707,0.017160680039804477,0.028271630353355167,0.01825036685455841,0.019881508338245146,0.022741986307219794,0.025488315669466924,0.0,244
2.0,33.7,area_preserving,0.001,0.0337,chi_minus,0.015625,256,-0.00051792893203329,0.008818777283502053,-1.1102230246251565e-12,-0.015044914289497058,0.038212053049324624,-0.013040819663245884,-0.006712380538065332,0.002034103321113534,0.013881853714736714,0.5317460317460317,252
2.0,33.7,area_preserving,0.001,0.0337,chi_plus,0.015625,256,0.0007424868299940909,0.009210066210178622,0.00040001357493046896,-0.027025940768421464,0.02221339886387952,-0.018208299877642272,-0.0033149907917584542,0.005970266311550176,0.014181906911692188,0.40476190476190477,252
2.0,33.7,area_preserving,0.001,0.0337,chi_center,0.015625,256,0.00011227894899537969,0.006029765757269742,0.0,-0.015359233100475933,0.014791280323667166,-0.00879732805758593,-0.003678128449702278,0.0035741174784220675,0.008251580803975145,0.49603174603174605,252
2.0,33.7,area_preserving,0.001,0.0337,chi_split,0.015625,256,0.001260415762027381,0.013407460773510004,0.002723090202216838,-0.046841545451314914,0.030791516350436865,-0.02508635961580019,-0.0021067430037158275,0.009833462663255688,0.017034723613584823,0.35714285714285715,252
2.0,33.7,area_preserving,0.001,0.0337,legacy_raw_ratio,0.015625,256,0.02063811405338277,0.009869516737192857,0.019386019532330323,0.0,0.04393939095637123,0.005245870982095724,0.013289711929820314,0.028539151227580106,0.038741039937839616,0.0,252
2.0,33.7,area_preserving,0.001,0.0337,sorted_baseline_corrected_ratio,0.015625,256,0.003938972384598394,0.009871149243410352,0.004725418362605538,-0.01861475162456827,0.030791516350436865,-0.014199913757040328,-0.00048438209365730955,0.010551443366146884,0.01794446433884822,0.31746031746031744,252
2.0,33.7,area_preserving,0.001483679525222552,0.05,chi_minus,0.0,256,0.00016014655172830877,0.007841939215246643,-0.0013841688071436486,-0.01705761924143534,0.025754923755244796,-0.010135393789279634,-0.005714905001423354,0.004579147250936444,0.01557828729411792,0.546875,256
2.0,33.7,area_preserving,0.001483679525222552,0.05,chi_plus,0.0,256,-0.0003592847645967727,0.009328076727127283,0.0017370705466581704,-0.031094649203934566,0.020143081456754253,-0.017123663313676207,-0.005816277879016285,0.005771840395497163,0.013368520799281303,0.4375,256
2.0,33.7,area_preserving,0.001483679525222552,0.05,chi_center,0.0,256,-9.956910643832417e-05,0.00513816401067597,-8.958136073156098e-05,-0.019554218360363862,0.010340019060952166,-0.009613171502938389,-0.002476372985166009,0.004277004766461534,0.009909793065524752,0.5703125,256
2.0,33.7,area_preserving,0.001483679525222552,0.05,chi_split,0.0,256,-0.0005194313163250815,0.013835285850436372,0.0038635134438291807,-0.03157120163418625,0.028143291950905258,-0.027776714188816998,-0.00896700474154355,0.009218297763458505,0.016014356762649173,0.359375,256
2.0,33.7,area_preserving,0.001483679525222552,0.05,legacy_raw_ratio,0.0,256,0.016161829134169,0.007549545084909163,0.015514145762583365,2.993161274389422e-13,0.038519006144905,0.003351845958103228,0.010932641443612168,0.02094144392590125,0.027981021083387292,0.0,256
2.0,33.7,area_preserving,0.001483679525222552,0.05,sorted_baseline_corrected_ratio,0.0,256,0.005014888400525334,0.008608600404797875,0.004929825260642229,-0.02298218592090784,0.028143291950905258,-0.010160774287959029,0.0014785440193871846,0.010315287746627044,0.016995722771071975,0.21484375,256
2.0,33.7,area_preserving,0.002,0.0674,chi_minus,0.0,256,-0.00010523427286003584,0.006825477894313615,-0.0011569335379713053,-0.014185446339798347,0.01727211518587346,-0.008867090270814337,-0.004908869087716372,0.0047242679337977656,0.013743101178687045,0.55859375,256
2.0,33.7,area_preserving,0.002,0.0674,chi_plus,0.0,256,0.000362268328751858,0.007958918834856102,0.0015421608747789861,-0.03552410873952638,0.014942938765916125,-0.01557581805683439,-0.004776431649422541,0.00617675265940365,0.010866424426991816,0.41015625,256
2.0,33.7,area_preserving,0.002,0.0674,chi_center,0.0,256,0.00012851702795024789,0.0037506318907443528,8.811404494935005e-06,-0.0147456385726219,0.007670637285794868,-0.007131432865625786,-0.0019371958388525456,0.003172852200972187,0.006125949289670363,0.48046875,256
2.0,33.7,area_preserving,0.002,0.0674,chi_split,0.0,256,0.00046750260161189383,0.012790391576950355,0.005613095482748243,-0.04155694033403101,0.02087781301995939,-0.023108427731954873,-0.009275995465463094,0.00945573736482741,0.015906073648375152,0.34375,256
2.0,33.7,area_preserving,0.002,0.0674,legacy_raw_ratio,0.0,256,0.014401403201308102,0.0063819476447299316,0.014044322994899439,4.440892098500626e-13,0.03359321322182751,0.003984781920929326,0.010359784783808834,0.019203486368246647,0.02403035126086195,0.0,256
2.0,33.7,area_preserving,0.002,0.0674,sorted_baseline_corrected_ratio,0.0,256,0.0061321593336199215,0.007367707423126733,0.0061653001306449795,-0.012184701496886774,0.02562948610962401,-0.007637008648642141,0.0012410681404229074,0.010153818851221796,0.01751938873162384,0.18359375,256
2.0,33.7,area_preserving,0.002967359050445104,0.1,chi_minus,0.015625,256,0.00010694402259444077,0.006892763098170541,-0.001196725311581881,-0.02341742838489047,0.017122549004331855,-0.008602274337409743,-0.004225194618372563,0.006461771868561672,0.01348529783036041,0.5793650793650794,252
2.0,33.7,area_preserving,0.002967359050445104,0.1,chi_plus,0.015625,256,-7.603814838781399e-05,0.007373065489413963,0.0009320172918581004,-0.03414144105785866,0.013756879217011075,-0.012441309443397297,-0.006280553478992701,0.00541547160663991,0.010447695770777976,0.4166666666666667,252
2.0,33.7,area_preserving,0.002967359050445104,0.1,chi_center,0.015625,256,1.545293710212563e-05,0.0031483412110233752,4.549149069088543e-05,-0.015093960271427065,0.007566839689531868,-0.0052143266861881974,-0.0021722073101061445,0.002319651168705028,0.004904218580947495,0.4603174603174603,252
2.0,33.7,area_preserving,0.002967359050445104,0.1,chi_split,0.015625,256,-0.00018298217098225477,0.012810009607847596,0.004269310453675734,-0.0380949615731625,0.026769312192041816,-0.020219612309638823,-0.012489175771189465,0.009021314333145125,0.01643832073117757,0.35714285714285715,252
2.0,33.7,area_preserving,0.002967359050445104,0.1,legacy_raw_ratio,0.015625,256,0.01313334736216327,0.004947410009478739,0.013071591935860827,0.0026803348797366233,0.03272740949953734,0.0053195989358649776,0.009719177766684406,0.015886971929805926,0.02095716877057747,0.0,252
2.0,33.7,area_preserving,0.002967359050445104,0.1,sorted_baseline_corrected_ratio,0.015625,256,0.007540446768422148,0.006043445277662921,0.007870722125594032,-0.004296320698438105,0.027359857425912182,-0.0012588025485925857,0.0033418878113754547,0.010380633297749964,0.01643832073137961,0.11507936507936507,252
2.0,33.7,area_preserving,0.004,0.1348,chi_minus,0.015625,256,0.00022957259702464816,0.006722443494707659,-0.0006621517948390832,-0.015826631972415406,0.014187424394074277,-0.0088100820999637,-0.00550499443330299,0.005777097856707325,0.011571253485942457,0.5277777777777778,252
2.0,33.7,area_preserving,0.004,0.1348,chi_plus,0.015625,256,-0.0003737295948278359,0.007470669479187958,0.002127230496973276,-0.02532747852979078,0.014903351612249871,-0.012281879329717471,-0.0068369503961052125,0.005780231706969952,0.00915439935272322,0.4126984126984127,252
2.0,33.7,area_preserving,0.004,0.1348,chi_center,0.015625,256,-7.207849890577923e-05,0.002816896286454602,-2.5380586410328476e-05,-0.011197299904730507,0.007284160317921895,-0.00453006997980232,-0.0017283943649915035,0.0017713747013925474,0.0046260609216031146,0.5119047619047619,252
2.0,33.7,area_preserving,0.004,0.1348,chi_split,0.015625,256,-0.0006033021918524841,0.013048550849008729,0.005627983677036763,-0.02826035725023157,0.02053260895240605,-0.020886874150560786,-0.014113858751496622,0.00975544298761899,0.015664664935299832,0.4007936507936508,252
2.0,33.7,area_preserving,0.004,0.1348,legacy_raw_ratio,0.015625,256,0.012809993987050386,0.0037810400522284137,0.012436869212040236,0.003333632797919428,0.02427849369412982,0.007231186754541596,0.01010426167302736,0.016063417846434724,0.019058324410625715,0.0,252
2.0,33.7,area_preserving,0.004,0.1348,sorted_baseline_corrected_ratio,0.015625,256,0.008665069141790029,0.004647418835419412,0.008527438586036773,-0.0016246947988074467,0.02053260895240605,0.0017702908281125307,0.005388386792509747,0.011497192962339753,0.01628895719611445,0.023809523809523808,252
2.0,33.7,area_preserving,0.005934718100890208,0.2,chi_minus,0.015625,256,0.000977097333578559,0.006909552069823002,-0.00023257821931288447,-0.012428871033947964,0.013417476957506835,-0.009293237682316702,-0.00446653839621286,0.006662664806614871,0.012385069419738859,0.5,252
2.0,33.7,area_preserving,0.005934718100890208,0.2,chi_plus,0.015625,256,-0.0007919633926949934,0.006703629466478315,0.0014311661909821582,-0.01691189381419278,0.010578703855462557,-0.010478964680114878,-0.00757057194613342,0.005104202052368834,0.008599520679288741,0.46825396825396826,252
2.0,33.7,area_preserving,0.005934718100890208,0.2,chi_center,0.015625,256,9.25669704420797e-05,0.002141023406787381,0.00011512788931855589,-0.0050970319831749045,0.0061588053884509275,-0.002930657741831766,-0.0016323092795518246,0.0013203901067871393,0.0038043443956302992,0.47619047619047616,252
2.0,33.7,area_preserving,0.005934718100890208,0.2,chi_split,0.015625,256,-0.0017690607262735524,0.012923822605760218,0.004989207126308015,-0.02362972366218541,0.017677881557480513,-0.01835840397142966,-0.01499048329497582,0.009162388276683586,0.01517463073845563,0.4642857142857143,252
2.0,33.7,area_preserving,0.005934718100890208,0.2,legacy_raw_ratio,0.015625,256,0.01253601811099384,0.00307248964604808,0.012092691315884085,0.0044867527546357255,0.02094594762537283,0.007902783060813235,0.01019232769131867,0.014690548227075606,0.017701185452383784,0.0,252
2.0,33.7,area_preserving,0.005934718100890208,0.2,sorted_baseline_corrected_ratio,0.015625,256,0.009738079486521056,0.0036588146364314317,0.008927652103665307,0.0021676788320108553,0.01826217158856025,0.004354052578189549,0.00703906818960498,0.012679097077022361,0.016148977525346494,0.0,252
2.0,33.7,area_preserving,0.008,0.2696,chi_minus,0.078125,256,0.001040147161973695,0.006743231316939113,-0.0004817647283883453,-0.01002835047009265,0.014117284755754689,-0.008704045319232745,-0.005135321516580582,0.0069596631002283305,0.011490500802610604,0.5042372881355932,236
2.0,33.7,area_preserving,0.008,0.2696,chi_plus,0.078125,256,-0.0009458954764825905,0.006652145624326162,0.000868118555014119,-0.01254591529248339,0.009240521074760366,-0.010349500568204717,-0.007312421462193908,0.004863896059831285,0.007901955354924772,0.4957627118644068,236
2.0,33.7,area_preserving,0.008,0.2696,chi_center,0.078125,256,4.7125842747198795e-05,0.0019532301998533143,-3.7314711320846072e-06,-0.0041029998212871455,0.006256144204019876,-0.002774131625304932,-0.001627474251822414,0.0011812979602426887,0.0035615560456531137,0.5042372881355932,236
2.0,33.7,area_preserving,0.008,0.2696,chi_split,0.078125,256,-0.0019860426384562856,0.012813429952494465,0.005341175501466511,-0.019547466812486203,0.017405057494424003,-0.017667178544331086,-0.014476064345625428,0.010323229153993974,0.015410440302690565,0.4957627118644068,236
2.0,33.7,area_preserving,0.008,0.2696,legacy_raw_ratio,0.078125,256,0.012541124652038315,0.0024187093141519816,0.012536538098129046,0.006061337979257342,0.01780469755513492,0.009071827316409209,0.010681382910035508,0.014075514172817716,0.016987431078752113,0.0,236
2.0,33.7,area_preserving,0.008,0.2696,sorted_baseline_corrected_ratio,0.078125,256,0.010455206447258145,0.0027612221810443737,0.01020836638238043,0.005341175501438755,0.017405057494424003,0.006328405583497232,0.008522907494812326,0.012597402965733306,0.015486011415988266,0.0,236
2.0,33.7,area_preserving,0.011869436201780416,0.4,chi_minus,0.0625,256,0.0009645510188953395,0.0066608760682390035,0.003711028522561055,-0.009762331991047923,0.012028557827722164,-0.007682730241693414,-0.0053898970608100005,0.006967816586616521,0.01114149346091648,0.49583333333333335,240
2.0,33.7,area_preserving,0.011869436201780416,0.4,chi_plus,0.0625,256,-0.0008415647676702147,0.006397702471297994,-0.0020528935455439434,-0.010918457060544617,0.00858277587142886,-0.008783222054332745,-0.007467306575175053,0.005002730421705293,0.008119238797708562,0.5041666666666667,240
2.0,33.7,area_preserving,0.011869436201780416,0.4,chi_center,0.0625,256,6.14931256139655e-05,0.0015200527894146485,-0.00010963217067105901,-0.003802198118250777,0.004367549217839439,-0.0021150749787040013,-0.0011596761450701765,0.00095841281157788,0.0029634484303251983,0.5166666666666667,240
2.0,33.7,area_preserving,0.011869436201780416,0.4,chi_split,0.0625,256,-0.001806115786565554,0.012702499434557396,-0.009086033336481614,-0.020257224465923263,0.018292517630934646,-0.016636581117585807,-0.014076319590675374,0.01081350928266564,0.013562711997515575,0.5041666666666667,240
2.0,33.7,area_preserving,0.011869436201780416,0.4,legacy_raw_ratio,0.0625,256,0.012523242079123443,0.001964575483601119,0.012706642112790545,0.007962599083657596,0.01900920576267584,0.009524871346349568,0.011283508215677446,0.01376480281999029,0.015372753201930416,0.0,240
2.0,33.7,area_preserving,0.011869436201780416,0.4,sorted_baseline_corrected_ratio,0.0625,256,0.011091406765300104,0.0022884743314049547,0.011043957374804902,0.00655990828266062,0.018292517630934646,0.007711420322544566,0.009293695751089959,0.012704949441197488,0.014321651972218335,0.0,240
2.0,33.7,area_preserving,0.02373887240356083,0.8,chi_minus,0.0625,256,0.0010774361218444935,0.006258138236373743,0.005368050991892415,-0.0073155577687843976,0.008583478831236613,-0.006406594525031045,-0.005585167743509062,0.006837782753824129,0.008104318405169585,0.4625,240
2.0,33.7,area_preserving,0.02373887240356083,0.8,chi_plus,0.0625,256,-0.0007314206103686408,0.006349721104843037,-0.005180998560446293,-0.008234622286907967,0.007795044389234118,-0.0075580770361724,-0.006670601820518651,0.005780296629532833,0.007354887695185323,0.5375,240
2.0,33.7,area_preserving,0.02373887240356083,0.8,chi_center,0.0625,256,0.00017300775573858885,0.000684966276805992,0.00022140795044370276,-0.0016330235985562713,0.0016745652107956754,-0.001015973461684186,-0.0003282588261171032,0.0007581294267587357,0.0011369403652148086,0.4125,240
2.0,33.7,area_preserving,0.02373887240356083,0.8,chi_split,0.0625,256,-0.0018088567322131343,0.012533546560661059,-0.012437433840501,-0.015163924606902524,0.0137771423095433,-0.014405607244104456,-0.013480698514092823,0.011522402536481235,0.012755752184350547,0.5375,240
2.0,33.7,area_preserving,0.02373887240356083,0.8,legacy_raw_ratio,0.0625,256,0.012559441293314249,0.0007700442624146816,0.012513093913673723,0.010716753714516969,0.014425624446668284,0.01148667358086466,0.011928659089535096,0.013208117973316183,0.013790313681282768,0.0,240
2.0,33.7,area_preserving,0.02373887240356083,0.8,sorted_baseline_corrected_ratio,0.0625,256,0.01185596730332192,0.0009175217569779877,0.01186335804063579,0.009517510039219801,0.0137771423095433,0.010544069736769038,0.0112010519779462,0.012495631038960855,0.013264546074029262,0.0,240
2.0,48.2,area_preserving,0.001,0.04820000000000001,chi_minus,0.015625,256,3.0256205216723795e-05,0.004223274326292281,-0.0007692900072520104,-0.010273972661067887,0.012634181514314946,-0.006001156247337214,-0.003080339551764233,0.002467764496194569,0.008411524873919163,0.5714285714285714,252
2.0,48.2,area_preserving,0.001,0.04820000000000001,chi_plus,0.015625,256,0.00021218050198845177,0.0035042279605844565,1.7984588485120412e-05,-0.00890679948195583,0.01152476889432208,-0.006108231362600414,-0.0019817518741582774,0.0023717150551272326,0.006281747977365804,0.47619047619047616,252
2.0,48.2,area_preserving,0.001,0.04820000000000001,chi_center,0.015625,256,0.00012121835360346891,0.0020854764095769108,8.881784197001252e-13,-0.005307389233877302,0.0072036881504367045,-0.002710289208174288,-0.0017038877440089806,0.0015790176464136607,0.003535042480273809,0.49206349206349204,252
2.0,48.2,area_preserving,0.001,0.04820000000000001,chi_split,0.015625,256,0.000181924296771728,0.00654480495126726,0.002225261236166176,-0.017913138703473663,0.013955022443390419,-0.011367672377637916,-0.005528394922516,0.0053525066104898045,0.0085301641570501,0.36507936507936506,252
2.0,48.2,area_preserving,0.001,0.04820000000000001,legacy_raw_ratio,0.015625,256,0.007667015534763513,0.0037584887259093183,0.007172142341804744,0.0,0.018673713487515897,0.002394134679173377,0.004831130168803099,0.009626577065491304,0.014079627282481688,0.0,252
2.0,48.2,area_preserving,0.001,0.04820000000000001,sorted_baseline_corrected_ratio,0.015625,256,0.0031324232804310344,0.003628493018265531,0.0031954882582230226,-0.006760794398541492,0.013955022443390419,-0.0025998444665331633,0.0011157840186237777,0.005813500319473697,0.0085301641570501,0.1984126984126984,252
2.0,48.2,area_preserving,0.001037344398340249,0.05,chi_minus,0.03125,256,7.301361839692319e-05,0.004195347528237347,-0.0005709194684566654,-0.009904109646125647,0.012179350979371506,-0.0057973362880717975,-0.0030097844696048703,0.0023789249765791,0.008108709978479478,0.5483870967741935,248
2.0,48.2,area_preserving,0.001037344398340249,0.05,chi_plus,0.03125,256,0.00019629574857968972,0.003380392833150332,1.7337142015350082e-05,-0.007572030446496569,0.011109877214126485,-0.005888335034146141,-0.0019104088076518089,0.0022740411777624203,0.006107267596044341,0.4838709677419355,248
2.0,48.2,area_preserving,0.001037344398340249,0.05,chi_center,0.03125,256,0.00013465468350297931,0.0020094561854831026,-9.570509140743866e-06,-0.005116323222313923,0.006944355376592881,-0.0025955055302588903,-0.0014301322146952344,0.0015613174959980824,0.0034077809522040426,0.5,248
2.0,48.2,area_preserving,0.001037344398340249,0.05,chi_split,0.03125,256,0.00012328213018276653,0.006473355894151984,0.0018663849055862158,-0.018588827853347922,0.013452641635856466,-0.010958436172042951,-0.005468048611850129,0.0054255021788258695,0.008262338403485088,0.375,248
2.0,48.2,area_preserving,0.001037344398340249,0.05,legacy_raw_ratio,0.03125,256,0.007492301297270535,0.0036470901565053755,0.006735972981103622,0.0,0.018001459802393427,0.0027070083535682527,0.004657209482298086,0.010598986657913034,0.013572760700397968,0.0,248
2.0,48.2,area_preserving,0.001037344398340249,0.05,sorted_baseline_corrected_ratio,0.03125,256,0.0030857184393252614,0.0036226763686268287,0.0029703681310975227,-0.0065174058006221,0.013452641635856466,-0.002919726552439794,0.0010629810835411924,0.005704877809757036,0.008977135608858332,0.18951612903225806,248
2.0,48.2,area_preserving,0.002,0.09640000000000001,chi_minus,0.046875,256,0.0003896445107466868,0.0034494160859070183,-0.00045654629066138597,-0.006610583561661443,0.007378256539958272,-0.004308365798311176,-0.0025744445135145178,0.003982488351372826,0.005308763410549755,0.5122950819672131,244
2.0,48.2,area_preserving,0.002,0.09640000000000001,chi_plus,0.046875,256,-0.0001736125427000203,0.003271277522721127,0.0005199722091786541,-0.0064001667694491005,0.006043241357112095,-0.005026250252404552,-0.003089448637583203,0.0026191300461775313,0.004654951291271913,0.46311475409836067,244
2.0,48.2,area_preserving,0.002,0.09640000000000001,chi_center,0.046875,256,0.00010801598402333322,0.0011531913648270525,6.7481203958053015e-06,-0.0026256242569022703,0.0036018440752183523,-0.0017342373519357857,-0.0008123789943526027,0.0008712059668680716,0.0020609716992470144,0.4672131147540984,244
2.0,48.2,area_preserving,0.002,0.09640000000000001,chi_split,0.046875,256,-0.0005632570534467071,0.0063150656871623825,0.0016938339538752345,-0.010909573889605895,0.010008008422213166,-0.009460495371693689,-0.007012506880343938,0.005031491524365439,0.008171399203860114,0.44672131147540983,244
2.0,48.2,area_preserving,0.002,0.09640000000000001,legacy_raw_ratio,0.046875,256,0.006389842728490903,0.0022569125996489423,0.00642519319649093,0.000583067518045155,0.012368921014527245,0.0025408278936711604,0.004858917244665584,0.007760342787710428,0.010346927509685687,0.0,244
2.0,48.2,area_preserving,0.002,0.09640000000000001,sorted_baseline_corrected_ratio,0.046875,256,0.004068872950330478,0.0027296938808059157,0.004348023109446153,-0.004041254098696712,0.010008008422213166,-0.0007417693134614822,0.0019836982259602287,0.0058643787121948066,0.008863027754091313,0.09016393442622951,244
2.0,48.2,area_preserving,0.002074688796680498,0.1,chi_minus,0.0625,256,0.0003896430234565614,0.003408763823113591,-0.0008121797444449186,-0.00637260255322758,0.0071126393043057234,-0.004153264629411435,-0.002507612648428026,0.0038618948258153374,0.005117647927876989,0.5208333333333334,240
2.0,48.2,area_preserving,0.002074688796680498,0.1,chi_plus,0.0625,256,-0.00012523384892513997,0.0031908340527550746,0.000501253210397401,-0.006169760765748933,0.00582568466847011,-0.0049018668181619145,-0.0029441675167733994,0.002579161460515955,0.004401712644389377,0.4708333333333333,240
2.0,48.2,area_preserving,0.002074688796680498,0.1,chi_center,0.0625,256,0.00013220458727239981,0.001113910583855169,1.0770864119713508e-05,-0.0025311017836537886,0.0034721776887245426,-0.0016778179018413387,-0.0007466018470911884,0.000859705646504505,0.0016665391992859646,0.4583333333333333,240
2.0,48.2,area_preserving,0.002074688796680498,0.1,chi_split,0.0625,256,-0.0005148768723817013,0.006216027537958847,0.0017320644530118834,-0.010516829229366031,0.009647720119013492,-0.00920683910846698,-0.007006506258532719,0.0048503578298628724,0.008016239650857937,0.4375,240
2.0,48.2,area_preserving,0.002074688796680498,0.1,legacy_raw_ratio,0.0625,256,0.006297350244998382,0.002099047115305331,0.006414879369004645,0.0015122273673515707,0.011923639857790214,0.0026838379889875257,0.004696528070242678,0.007509726581558462,0.010031377830329414,0.0,240
2.0,48.2,area_preserving,0.002074688796680498,0.1,sorted_baseline_corrected_ratio,0.0625,256,0.004047855441314093,0.002597979461129923,0.0043739956179229544,-0.0029456186711875887,0.009647720119013492,-0.0007168504331266145,0.0018630469398830396,0.005653261078020666,0.008543958754590842,0.075,240
2.0,48.2,area_preserving,0.004,0.19280000000000003,chi_minus,0.09375,256,0.00038994415666479255,0.003325247691324059,-0.0007809291353022552,-0.004666983048351447,0.006708090343976458,-0.004211388620661838,-0.002604231384623068,0.00379219255533525,0.004591733034964296,0.5129310344827587,232
2.0,48.2,area_preserving,0.004,0.19280000000000003,chi_plus,0.09375,256,-0.0002953806187317079,0.0030617816975636986,0.00045620856359285256,-0.005387044509141958,0.004908564336880694,-0.004718400330228079,-0.003228989673947913,0.002644396537715421,0.0038444928606662368,0.4698275862068966,232
2.0,48.2,area_preserving,0.004,0.19280000000000003,chi_center,0.09375,256,4.728176896845651e-05,0.0008742172224994216,-5.40262964365823e-05,-0.0017943010975907114,0.0029818821428717612,-0.0010572764620853103,-0.0006717455814375661,0.0006340318874364925,0.0013327189858580717,0.5258620689655172,232
2.0,48.2,area_preserving,0.004,0.19280000000000003,chi_split,0.09375,256,-0.0006853247753965004,0.006148701955366981,0.00236019357030548,-0.009406145792922871,0.00842965886971303,-0.008596845243730167,-0.006814214787626005,0.005305683218687074,0.006859541708736922,0.4698275862068966,232
2.0,48.2,area_preserving,0.004,0.19280000000000003,legacy_raw_ratio,0.09375,256,0.006099462765594354,0.0011762355757567065,0.005972425430933459,0.0037852168497387595,0.008531759492225177,0.0043455192222374706,0.005202515095892313,0.007175194979697208,0.0081707584042856,0.0,232
2.0,48.2,area_preserving,0.004,0.19280000000000003,sorted_baseline_corrected_ratio,0.09375,256,0.004963647683596959,0.0014635731230637982,0.004930766162425382,0.0014538056779533903,0.00842965886971303,0.0024313612937254536,0.003873769585605036,0.006126036755566,0.007306770037368569,0.0,232
2.0,48.2,area_preserving,0.004149377593360996,0.2,chi_minus,0.078125,256,0.00030809038262083146,0.003355948761928238,-0.0011729903282882148,-0.004616468023728615,0.00646659909148628,-0.004298884994854646,-0.0027998602717254073,0.003687022945830787,0.004717410315915771,0.5211864406779662,236
2.0,48.2,area_preserving,0.004149377593360996,0.2,chi_plus,0.078125,256,-0.00019731084012112565,0.003080995157227629,0.0006478366016886561,-0.005193110906919873,0.004887970681676901,-0.00462843497232257,-0.0031393759869150495,0.0026017403956949403,0.003987828001298488,0.461864406779661,236
2.0,48.2,area_preserving,0.004149377593360996,0.2,chi_center,0.078125,256,5.538977124849241e-05,0.0008810079682053298,-0.00011595386556351173,-0.0017297062581844713,0.002874534385514327,-0.0010529083170021103,-0.0006300397324425777,0.0007750291104252627,0.0014481310472664877,0.5296610169491526,236
2.0,48.2,area_preserving,0.004149377593360996,0.2,chi_split,0.078125,256,-0.0005054012227419571,0.006197188583779377,0.002675990491926461,-0.0094405216462361,0.008987734185854634,-0.008619536215171753,-0.0067885350361406305,0.005416215537377589,0.0071493864600851165,0.461864406779661,236
2.0,48.2,area_preserving,0.004149377593360996,0.2,legacy_raw_ratio,0.078125,256,0.006149148295703088,0.001173468945472927,0.005770896808533266,0.004112954718183737,0.008998606730299397,0.004494550579600798,0.0051372925176051965,0.007114714094245689,0.0082013760104519,0.0,236
2.0,48.2,area_preserving,0.004149377593360996,0.2,sorted_baseline_corrected_ratio,0.078125,256,0.00506351485902484,0.001457527146841224,0.004950081018344044,0.0018208269298698454,0.008987734185854634,0.002675990492060243,0.004133611356832878,0.006165647809352803,0.00723216427344564,0.0,236
2.0,48.2,area_preserving,0.008,0.38560000000000005,chi_minus,0.09375,256,0.0003050378260835142,0.0033106261825536472,-0.0014719533289464515,-0.004011939128023556,0.006001291036950018,-0.003898256750606288,-0.002895625718049577,0.003493572280549584,0.004545546271850218,0.5129310344827587,232
2.0,48.2,area_preserving,0.008,0.38560000000000005,chi_plus,0.09375,256,-0.00027674973430190424,0.0030264448015551435,0.000797900011145769,-0.004508201768893549,0.005065544806504008,-0.004042047010474614,-0.0033725480993729295,0.0024206138364291085,0.0037726107831814707,0.4870689655172414,232
2.0,48.2,area_preserving,0.008,0.38560000000000005,chi_center,0.09375,256,1.4144045889728258e-05,0.0006747782573258189,-9.897642383460692e-05,-0.0013245243902781922,0.0017636454823777292,-0.0008719962860559427,-0.0005259690609715761,0.00044585553005127565,0.0013215195525662082,0.5129310344827587,232
2.0,48.2,area_preserving,0.008,0.38560000000000005,chi_split,0.09375,256,-0.0005817875603854185,0.006198219496654627,0.002767497459449375,-0.0093078382615297,0.008619003197374298,-0.00809886674321969,-0.006743873826001168,0.005559933935500583,0.006506845685785856,0.4870689655172414,232
2.0,48.2,area_preserving,0.008,0.38560000000000005,legacy_raw_ratio,0.09375,256,0.00613462897558505,0.0008673243799533667,0.006154081522602439,0.003952456209488364,0.008795404895178827,0.004635600923122429,0.00557469671060018,0.006645816495093326,0.007478552411066541,0.0,232
2.0,48.2,area_preserving,0.008,0.38560000000000005,sorted_baseline_corrected_ratio,0.09375,256,0.005537453276964956,0.001062175061022346,0.005606197870489105,0.002767497459255086,0.008619003197374298,0.003555325198187354,0.004862177905726184,0.006311880665035852,0.007055684267584517,0.0,232
2.0,48.2,area_preserving,0.008298755186721992,0.4,chi_minus,0.078125,256,0.00023035216945243,0.00333052405289794,-0.0016736649384733182,-0.003867509319414708,0.005917693787028666,-0.003756545482651086,-0.002856477343820718,0.003391126081887297,0.004696263664521916,0.5211864406779662,236
2.0,48.2,area_preserving,0.008298755186721992,0.4,chi_plus,0.078125,256,-0.00021248931934956966,0.0030337529782643456,0.0009880803441398855,-0.0046307455788769936,0.0052000803787692895,-0.0041669536273024055,-0.0033505874976039185,0.0025308811070136605,0.0037617205987144353,0.4788135593220339,236
2.0,48.2,area_preserving,0.008298755186721992,0.4,chi_center,0.078125,256,8.931425048935942e-06,0.0006722343243961196,-6.394431818956825e-05,-0.0010645740851109586,0.002487869280895616,-0.0008449253084893416,-0.0005544510915926892,0.0004298047309694297,0.001203328459728481,0.5635593220338984,236
2.0,48.2,area_preserving,0.008298755186721992,0.4,chi_split,0.078125,256,-0.00044284148880199966,0.00622772022914789,0.0033682095841354176,-0.009105202913456623,0.008441064023977374,-0.007894306670887197,-0.006722136398117695,0.005565434036524597,0.006470369205768378,0.4788135593220339,236
2.0,48.2,area_preserving,0.008298755186721992,0.4,legacy_raw_ratio,0.078125,256,0.006159449779513304,0.0008531906480644265,0.006237548384210423,0.004183412524529917,0.008611217148240868,0.004566361292076326,0.005660614627571281,0.0066864400543192315,0.007576205321385088,0.0,236
2.0,48.2,area_preserving,0.008298755186721992,0.4,sorted_baseline_corrected_ratio,0.078125,256,0.005588896769158459,0.0010386453099581118,0.00563652302290496,0.002753641938883833,0.008441064023977374,0.003700160533880781,0.004947899485639118,0.006281510815538183,0.007278925898024646,0.0,236
2.0,48.2,area_preserving,0.016597510373443983,0.8,chi_minus,0.109375,256,0.00027732390049152336,0.003127450548459062,0.0027068621928943992,-0.003886399625593784,0.003939753222201858,-0.0031591100460999556,-0.002882992835893855,0.003397827978623008,0.003773138736661938,0.4868421052631579,228
2.0,48.2,area_preserving,0.016597510373443983,0.8,chi_plus,0.109375,256,-0.000170513470484001,0.0031211899638811233,-0.00262401597841333,-0.0036863361470926836,0.004095147818695133,-0.003548436558738405,-0.0032508280517263566,0.00291539216378478,0.0035227422916756933,0.5131578947368421,228
2.0,48.2,area_preserving,0.016597510373443983,0.8,chi_center,0.109375,256,5.3405215004406614e-05,0.00029641850285834834,-3.4696971296099832e-06,-0.0005324088301357222,0.0008334931354399,-0.00042128775622126134,-0.0001198827205147468,0.0002896954676888941,0.0005399154321080347,0.5043859649122807,228
2.0,48.2,area_preserving,0.016597510373443983,0.8,chi_split,0.109375,256,-0.0004478373709755243,0.006220457517902559,-0.005889360442289604,-0.007214914218534152,0.0070854950544463335,-0.0069779863084484025,-0.0064212740991718975,0.005863569211986525,0.0065570491864383575,0.5131578947368421,228
2.0,48.2,area_preserving,0.016597510373443983,0.8,legacy_raw_ratio,0.109375,256,0.0062081114694519605,0.0003307014155238017,0.006159688382013306,0.0055183784302363925,0.00708549505447309,0.005694870361141219,0.005987353584085614,0.006391193781022764,0.006858066654550831,0.0,228
2.0,48.2,area_preserving,0.016597510373443983,0.8,sorted_baseline_corrected_ratio,0.109375,256,0.0059274229354647455,0.00042448949330948143,0.005913416531159288,0.004828789883667084,0.0070854950544463335,0.005166079795987699,0.0056284303337354735,0.006186957801298187,0.006652456371807186,0.0,228
4.0,24.3,area_preserving,0.001,0.024300000000000002,chi_minus,0.0,256,0.0004792988421136596,0.015176921040292602,4.440892098500626e-13,-0.061222693041873555,0.031268493248859386,-0.030703385176633624,-9.992007221626409e-13,0.010020823072331986,0.020995119611955104,0.390625,256
4.0,24.3,area_preserving,0.001,0.024300000000000002,chi_plus,0.0,256,0.0012613636789140376,0.015653138058507376,0.0,-0.04103181590853211,0.051921881018657245,-0.025371829633691334,-0.006675268974909443,0.00548769550468009,0.03483640421653167,0.44921875,256
4.0,24.3,area_preserving,0.001,0.024300000000000002,chi_center,0.0,256,0.0008703312605190527,0.01216389533617585,0.0,-0.04169588558777804,0.03133864390303387,-0.02291883276195339,-8.881784197001252e-13,0.007436705727337234,0.021654835836604214,0.34765625,256
4.0,24.3,area_preserving,0.001,0.024300000000000002,chi_split,0.0,256,0.000782064836800378,0.018944073682487145,0.0,-0.053407880536315844,0.043148007613069694,-0.029475062211847813,-0.0060241054282705875,0.007250028355221261,0.038302177878146715,0.44140625,256
4.0,24.3,area_preserving,0.001,0.024300000000000002,legacy_raw_ratio,0.0,256,0.20061282531477764,0.16979245258920245,0.1303949930304693,4.440892098500626e-13,0.4150076159930016,0.0032121933415396597,0.02486369727339177,0.37618115009652175,0.4050059414906215,0.0,256
4.0,24.3,area_preserving,0.001,0.024300000000000002,sorted_baseline_corrected_ratio,0.0,256,0.0029777649246318094,0.01687890247070005,0.0,-0.053407880536315844,0.043148007613069694,-0.025519836874488,-0.002247649904529858,0.009136904059792172,0.038302177878146715,0.39453125,256
4.0,24.3,area_preserving,0.002,0.048600000000000004,chi_minus,0.015625,256,0.0010029512739682747,0.017276779974917264,1.4251066993153927e-06,-0.10109690122717119,0.0290621702883076,-0.0224376058122866,-0.0026172255290224378,0.008676025821996447,0.02100372342159762,0.373015873015873,252
4.0,24.3,area_preserving,0.002,0.048600000000000004,chi_plus,0.015625,256,-0.010905460515993271,0.03319028019637559,-0.0004541210045783117,-0.11723691965048744,0.02898451155863846,-0.1055156731765039,-0.007930234601494224,0.0027438477521180005,0.023146743425617178,0.5595238095238095,252
4.0,24.3,area_preserving,0.002,0.048600000000000004,chi_center,0.015625,256,-0.0049512546210129385,0.017272962472630455,0.0,-0.0565718401237536,0.01826378794622663,-0.051265040428494224,-0.00808610241098684,0.0047107026978077116,0.01254584469522202,0.44047619047619047,252
4.0,24.3,area_preserving,0.002,0.048600000000000004,chi_split,0.015625,256,-0.011908411789961545,0.040084195405509844,-1.1102230246251565e-13,-0.13378429625743316,0.09966372159686543,-0.11588079303425092,-0.02015661788218326,0.006194378112778232,0.02121774031392798,0.5,252
4.0,24.3,area_preserving,0.002,0.048600000000000004,legacy_raw_ratio,0.015625,256,0.09627993542038207,0.07969935652328795,0.07638468734272319,4.440892098500626e-13,0.2075038079965008,0.004438214752522374,0.015222866390496304,0.18797700054223876,0.20309293124297634,0.0,252
4.0,24.3,area_preserving,0.002,0.048600000000000004,sorted_baseline_corrected_ratio,0.015625,256,-0.00408063340206074,0.04046393932408945,1.1102230246251565e-13,-0.13378429625743316,0.10478988362860875,-0.11588079303425092,-0.008664755330622942,0.01100056977693109,0.03513309028435607,0.4007936507936508,252
4.0,24.3,area_preserving,0.00205761316872428,0.05,chi_minus,0.015625,256,0.001368601875514226,0.016992412794516475,0.0010755889086349057,-0.09826618799259455,0.028248429520234982,-0.021809352850211634,-0.0025439432142098095,0.008909290072769416,0.021909608079787365,0.3531746031746032,252
4.0,24.3,area_preserving,0.00205761316872428,0.05,chi_plus,0.015625,256,-0.010444471036716165,0.0330773662317331,-4.316547119742608e-13,-0.11395428590027377,0.03866283965566808,-0.11068394681033221,-0.0077081880327063415,0.004414176517388846,0.022498634609915722,0.5357142857142857,252
4.0,24.3,area_preserving,0.00205761316872428,0.05,chi_center,0.015625,256,-0.004537934580604823,0.017301244051423758,2.158273559871304e-13,-0.05498782860007267,0.017752401883516455,-0.04982961929639926,-0.00785969154326338,0.004578803022430966,0.015230580936658631,0.4246031746031746,252
4.0,24.3,area_preserving,0.00205761316872428,0.05,chi_split,0.015625,256,-0.011813072912230391,0.03960273116727253,-2.158273559871304e-13,-0.13003833596244085,0.09687313739193736,-0.11939729699751539,-0.020515460537402715,0.006020935525836268,0.020623643585256698,0.5198412698412699,252
4.0,24.3,area_preserving,0.00205761316872428,0.05,legacy_raw_ratio,0.015625,256,0.09334600057623217,0.07746412741648236,0.06701235880178524,4.316547119742608e-13,0.2016937013728146,0.004313944739548869,0.013725344776521318,0.1804534995497091,0.19740632916829168,0.0,252
4.0,24.3,area_preserving,0.00205761316872428,0.05,sorted_baseline_corrected_ratio,0.015625,256,-0.004204472319182243,0.04001122612981988,2.158273559871304e-13,-0.13003833596244085,0.10185576688657604,-0.11939729699751539,-0.011311210083303712,0.010692553823230975,0.042323625989954955,0.42063492063492064,252
4.0,24.3,area_preserving,0.004,0.09720000000000001,chi_minus,0.015625,256,0.002275574337290244,0.017932529514538408,0.0009631757680872433,-0.07625313491610441,0.053707970194327714,-0.02267077011091634,-0.005105322585241545,0.009713308368852758,0.04732600044282109,0.36904761904761907,252
4.0,24.3,area_preserving,0.004,0.09720000000000001,chi_plus,0.015625,256,-0.0047341962979026014,0.02853607210912449,-0.0002260754822791533,-0.0837910648919804,0.06248241807393917,-0.07348423887570399,-0.005362565437483369,0.003695117789248581,0.05637792217166315,0.5396825396825397,252
4.0,24.3,area_preserving,0.004,0.09720000000000001,chi_center,0.015625,256,-0.0012293109803101438,0.015572400682997601,0.0007853540526236991,-0.04468609724073147,0.029440811215253326,-0.03669306528195637,-0.005985639876443516,0.005248665292389987,0.028247799325975542,0.43253968253968256,252
4.0,24.3,area_preserving,0.004,0.09720000000000001,chi_split,0.015625,256,-0.007009770635192846,0.036080013862056566,0.0,-0.1271922090702038,0.07220690638598537,-0.07882369277845136,-0.014378502009138039,0.00909358779102587,0.05585016377689933,0.48412698412698413,252
4.0,24.3,area_preserving,0.004,0.09720000000000001,legacy_raw_ratio,0.015625,256,0.05304433391050319,0.04052363079373134,0.06832571674508792,0.0010918813472260425,0.10742661055562763,0.0022115560435187476,0.009210375952362071,0.0920437881777314,0.10530243222644509,0.0,252
4.0,24.3,area_preserving,0.004,0.09720000000000001,sorted_baseline_corrected_ratio,0.015625,256,0.002891080141667128,0.03240506990121531,0.002139028219216854,-0.08128473491264554,0.07700306406333013,-0.07465698603019155,-0.00822909842579378,0.01009115561612095,0.07220690638570226,0.373015873015873,252
4.0,24.3,area_preserving,0.00411522633744856,0.1,chi_minus,0.015625,256,0.003943036597332131,0.022245285488746956,0.0009362068466347572,-0.07411804713845349,0.08015035372645363,-0.022035988547762116,-0.004962373552854782,0.009919947520807049,0.07381034474027286,0.39285714285714285,252
4.0,24.3,area_preserving,0.00411522633744856,0.1,chi_plus,0.015625,256,-0.0029499565430634355,0.03229319484488372,-0.0008580785881739937,-0.08144491507511287,0.08276609739626249,-0.07319463032544353,-0.005376484883233611,0.0028458636062591576,0.0818142947081233,0.5634920634920635,252
4.0,24.3,area_preserving,0.00411522633744856,0.1,chi_center,0.015625,256,0.0004965400271317788,0.01794841774435694,0.0010862845675774224,-0.043434886518098896,0.042100708394866786,-0.03566565945396447,-0.004791266209623557,0.004523306673063998,0.039882565703844054,0.42857142857142855,252
4.0,24.3,area_preserving,0.00411522633744856,0.1,chi_split,0.015625,256,-0.006892993140395566,0.04227083535284328,0.0,-0.15490267511968936,0.08736746718129805,-0.07833643787349187,-0.01417278938095312,0.008838967332850167,0.0805600231330117,0.49206349206349204,252
4.0,24.3,area_preserving,0.00411522633744856,0.1,legacy_raw_ratio,0.015625,256,0.05331429786867547,0.04165175275406306,0.07503765825981223,0.0010613086693957996,0.10828237328515032,0.0021496324745754027,0.008155506954501845,0.09272318543626666,0.10310999942893802,0.0,252
4.0,24.3,area_preserving,0.00411522633744856,0.1,sorted_baseline_corrected_ratio,0.015625,256,0.004565335205366823,0.03622642204808382,0.0028107543859081647,-0.07900876233519938,0.08736746718129805,-0.07256659042135698,-0.007955530275941314,0.009808697185936688,0.0805600231330117,0.36507936507936506,252
4.0,24.3,area_preserving,0.008,0.19440000000000002,chi_minus,0.0625,256,0.0021969072891439567,0.015461826463162184,-0.0003709374955807032,-0.04491720515609199,0.04080352072022286,-0.019928175431305192,-0.004913419058644175,0.009071977912611384,0.03765594723148524,0.5125,240
4.0,24.3,area_preserving,0.008,0.19440000000000002,chi_plus,0.0625,256,-0.005469348809558859,0.020837451712277043,-0.0007461942474751293,-0.047701086978158,0.0437187158644492,-0.04678668394225427,-0.007632392208425931,0.001559123967265208,0.04232950018432657,0.55,240
4.0,24.3,area_preserving,0.008,0.19440000000000002,chi_center,0.0625,256,-0.0016362207602075667,0.010692302573540927,-0.0009601135062542454,-0.024452168216670955,0.021673889184503636,-0.020288596129056088,-0.006892768180985498,0.002616792474208207,0.018529948642656533,0.5583333333333333,240
4.0,24.3,area_preserving,0.008,0.19440000000000002,chi_split,0.0625,256,-0.007666256098702816,0.029820020214281522,-0.0019783289869346188,-0.08758318939905418,0.04908677348630652,-0.05641401049329141,-0.02195525027492984,0.010190785507305233,0.0440896533598939,0.5041666666666667,240
4.0,24.3,area_preserving,0.008,0.19440000000000002,legacy_raw_ratio,0.0625,256,0.030173797267031566,0.02026974769078543,0.033395566611527094,0.00015169209183207855,0.05579160100593894,0.002320745190798057,0.009428063644706386,0.051041314693869855,0.055243218209824474,0.0,240
4.0,24.3,area_preserving,0.008,0.19440000000000002,sorted_baseline_corrected_ratio,0.0625,256,0.0040352175069658285,0.023268838738957374,0.005757712455312092,-0.05020165758462536,0.04908677348630652,-0.04179275861515841,-0.005046863256585876,0.013643877111571556,0.044132563121973556,0.29583333333333334,240
4.0,24.3,area_preserving,0.00823045267489712,0.2,chi_minus,0.046875,256,0.002207207242992067,0.01527428544851814,-0.0003929266648939888,-0.04365952341166745,0.03966102213994871,-0.018866299303676237,-0.005517922397116958,0.009772040480340749,0.035983228183354435,0.5204918032786885,244
4.0,24.3,area_preserving,0.00823045267489712,0.2,chi_plus,0.046875,256,-0.00505893982793775,0.020689256847822187,-0.0006307713769024836,-0.04833563459414613,0.042494591820244614,-0.045469837956023676,-0.007418685226590004,0.0016401971784533174,0.04112955299990872,0.5245901639344263,244
4.0,24.3,area_preserving,0.00823045267489712,0.2,chi_center,0.046875,256,-0.0014258662924720672,0.010546290203844275,-0.0002544463679774455,-0.025300480374234265,0.021067020287283574,-0.019625534810302315,-0.00640141968371155,0.00282528122678638,0.017945149450841257,0.5327868852459017,244
4.0,24.3,area_preserving,0.00823045267489712,0.2,chi_split,0.046875,256,-0.0072661470709298156,0.029627712390616966,0.0021238845205511225,-0.08513086009593461,0.04771234382858202,-0.05501853637021326,-0.023786110756034592,0.010026429302540052,0.04285514306586812,0.4959016393442623,244
4.0,24.3,area_preserving,0.00823045267489712,0.2,legacy_raw_ratio,0.046875,256,0.029419816175348237,0.019726066294520315,0.03259861681219445,0.00014744471315286667,0.05422943617777264,0.0022557643254638047,0.010197616881452376,0.05040554222049647,0.05370422021173605,0.0,244
4.0,24.3,area_preserving,0.00823045267489712,0.2,sorted_baseline_corrected_ratio,0.046875,256,0.0044197621093427,0.022979124714082897,0.005844532438749605,-0.048796011172363755,0.04771234382858202,-0.04224310371624485,-0.0028982101277575945,0.014741260707089364,0.0437892826908849,0.29098360655737704,244
4.0,24.3,area_preserving,0.01646090534979424,0.4,chi_minus,0.09375,256,0.0037755265347048633,0.015124713617248438,5.298160686123542e-05,-0.025737522469900683,0.030582473275566843,-0.023769905588430732,-0.00497251024603837,0.013226956217411266,0.028532508805051406,0.5,232
4.0,24.3,area_preserving,0.01646090534979424,0.4,chi_plus,0.09375,256,-0.004966091767209694,0.01505001900336864,-0.0016660328890756857,-0.02665660541488479,0.028744919229875873,-0.025777216953517753,-0.018051353472608833,0.00030413071189724916,0.02368441699023596,0.6422413793103449,232
4.0,24.3,area_preserving,0.01646090534979424,0.4,chi_center,0.09375,256,-0.0005952826162531717,0.00744715819702511,-0.0018184544921907018,-0.01317647174878722,0.014542092328874488,-0.012549248817052886,-0.00581692060149197,0.005489673655186571,0.011686666509923957,0.5905172413793104,232
4.0,24.3,area_preserving,0.01646090534979424,0.4,chi_split,0.09375,256,-0.008741618301914557,0.026242701979120767,0.0036987394718174245,-0.05194800267852039,0.030854447296370432,-0.04898059867262625,-0.03399221351404566,0.009668431233627345,0.026254113486906202,0.4870689655172414,232
4.0,24.3,area_preserving,0.01646090534979424,0.4,legacy_raw_ratio,0.09375,256,0.02373076975320705,0.00710413575214539,0.027272876448896862,0.0012054112502127845,0.03139911735863987,0.009451140917665302,0.021968883345002074,0.028790246327524634,0.030152252788522394,0.0,232
4.0,24.3,area_preserving,0.01646090534979424,0.4,sorted_baseline_corrected_ratio,0.09375,256,0.010603243261358282,0.012506075405731855,0.007479388964881538,-0.021633794315662477,0.030854447296370432,-0.01502058702510515,0.004460822594000158,0.0239625584578057,0.026773632176783004,0.10775862068965517,232
4.0,24.3,area_preserving,0.03292181069958848,0.8,chi_minus,0.078125,256,0.0058106530558508646,0.01515921904722957,6.163441940496005e-05,-0.02750811899279437,0.03023339048351364,-0.024146865094795408,-0.003169164082865272,0.01902858945325661,0.029101037343031638,0.5,236
4.0,24.3,area_preserving,0.03292181069958848,0.8,chi_plus,0.078125,256,-0.005527633831654099,0.014503535526688517,-0.0005475126344628156,-0.026779125032971748,0.0300949687162782,-0.025945258230711792,-0.022734105416811656,0.0019848704077383428,0.01586963719385992,0.5254237288135594,236
4.0,24.3,area_preserving,0.03292181069958848,0.8,chi_center,0.078125,256,0.0001415096120980675,0.007559220594043633,-0.0005816897665802123,-0.014142400731392888,0.015491676873468639,-0.012711470911485319,-0.003967409886240433,0.005479627796429339,0.01356944695338509,0.6016949152542372,236
4.0,24.3,area_preserving,0.03292181069958848,0.8,chi_split,0.078125,256,-0.011338286887504965,0.02552923159505489,0.004039019232290192,-0.05262916488598612,0.02949294420991971,-0.051916432229409816,-0.034341308255980696,0.007070346619913125,0.02517808424404871,0.4957627118644068,236
4.0,24.3,area_preserving,0.03292181069958848,0.8,legacy_raw_ratio,0.078125,256,0.023810637783707966,0.007024512939646435,0.023185812684288373,0.015608370655331659,0.04061578869345184,0.016100258243826257,0.017081425032037356,0.028990463009871886,0.03962632345675286,0.0,236
4.0,24.3,area_preserving,0.03292181069958848,0.8,sorted_baseline_corrected_ratio,0.078125,256,0.017319816627490398,0.00840937129572166,0.017742919305355515,0.004039019232283447,0.029820696706898683,0.004497002348970977,0.00706948211112307,0.024958749657021616,0.02866187258777075,0.0,236
4.0,33.7,area_preserving,0.001,0.0337,chi_minus,0.03125,256,0.005251455900829656,0.02322477532728563,1.1102230246251565e-12,-0.027117457440439807,0.08222332344942629,-0.01911200546858005,-0.005580320310061282,0.005646459513397595,0.07984231331781277,0.4274193548387097,248
4.0,33.7,area_preserving,0.001,0.0337,chi_plus,0.03125,256,0.002590841472226471,0.01789699552616358,4.440892098500626e-13,-0.02682167232936905,0.0927331726510161,-0.009059110788478542,-0.002107398569983765,0.0023659256415120566,0.008677259697287276,0.45564516129032256,248
4.0,33.7,area_preserving,0.001,0.0337,chi_center,0.03125,256,0.003921148686523586,0.014251293981062995,0.0,-0.01461242800537832,0.04369048836050382,-0.01170339594731562,-0.00343311172701366,0.005506428568446964,0.04107651338003393,0.4637096774193548,248
4.0,33.7,area_preserving,0.001,0.0337,chi_split,0.03125,256,-0.0026606144286031854,0.030116237401005077,0.0,-0.08127775678534732,0.09808536858102457,-0.07968144927827936,-0.009817273095902301,0.005122980971883351,0.02825240202659618,0.4879032258064516,248
4.0,33.7,area_preserving,0.001,0.0337,legacy_raw_ratio,0.03125,256,0.06037105346524112,0.056779657476438976,0.023137269716144715,0.00031977000469751715,0.14216059604565956,0.0013722952848294057,0.004960562640765609,0.11851685533592615,0.1367902332138904,0.0,248
4.0,33.7,area_preserving,0.001,0.0337,sorted_baseline_corrected_ratio,0.03125,256,-0.0011254516507218685,0.027550721343670974,6.661338147750939e-13,-0.06988293483933816,0.09808536858102457,-0.06497008572425855,-0.008578967955252814,0.0052131530636767565,0.02825240202659618,0.4475806451612903,248
4.0,33.7,area_preserving,0.001483679525222552,0.05,chi_minus,0.015625,256,0.0031448338855564265,0.01617322255375604,0.00018895841133215185,-0.01919524964008712,0.056422546954266295,-0.017657986353210742,-0.005120775659638754,0.005757838903600376,0.05381106135454798,0.4365079365079365,252
4.0,33.7,area_preserving,0.001483679525222552,0.05,chi_plus,0.015625,256,0.0013785518733310895,0.01279818759299933,0.0,-0.025451887910754145,0.06250215836708417,-0.006105840671374674,-0.002200962287918662,0.001988853827737058,0.010478478867535213,0.49603174603174605,252
4.0,33.7,area_preserving,0.001483679525222552,0.05,chi_center,0.015625,256,0.0022616928794425705,0.00987576663205377,1.496580637194711e-13,-0.011286670525967324,0.02964861611233971,-0.009781024631558078,-0.002787357223447362,0.004139823963551947,0.02664646529677599,0.4722222222222222,252
4.0,33.7,area_preserving,0.001483679525222552,0.05,chi_split,0.015625,256,-0.0017662820122253372,0.021461835909226144,0.0,-0.05562002324093651,0.06610953842361056,-0.05431584574980075,-0.009314023166433483,0.005391554846734259,0.020275199212116533,0.49603174603174605,252
4.0,33.7,area_preserving,0.001483679525222552,0.05,legacy_raw_ratio,0.015625,256,0.04083677440990705,0.03830232856768141,0.016843649979283448,0.0005592622881298581,0.09620218133083824,0.0013786136351242374,0.0039976418900131705,0.07867197440686091,0.0924467537019682,0.0,252
4.0,33.7,area_preserving,0.001483679525222552,0.05,sorted_baseline_corrected_ratio,0.015625,256,4.355150924997698e-05,0.01947928918931866,0.0009905054051047024,-0.04518637165553496,0.06610953842361056,-0.04327002421559656,-0.007735758452048769,0.006208265850052408,0.020275199212116533,0.4166666666666667,252
4.0,33.7,area_preserving,0.002,0.0674,chi_minus,0.015625,256,0.0021180956968911355,0.013351479138049753,0.0008272205784809472,-0.01954088011957289,0.04234513065126677,-0.018672504341721297,-0.00465423593959402,0.006037767614763823,0.04099060124151954,0.45634920634920634,252
4.0,33.7,area_preserving,0.002,0.0674,chi_plus,0.015625,256,0.0013651931530395034,0.009409728842586628,0.0,-0.018827474391303056,0.04772789309281933,-0.004276157714022677,-0.0017560103385827475,0.0025606758387586304,0.007773352275619594,0.4880952380952381,252
4.0,33.7,area_preserving,0.002,0.0674,chi_center,0.015625,256,0.0017416444249644383,0.007707205698410542,1.1102230246251565e-13,-0.01062464710388511,0.021994522337864808,-0.009443567565714517,-0.002213186315491722,0.0034863500634196853,0.02046299076906566,0.4722222222222222,252
4.0,33.7,area_preserving,0.002,0.0674,chi_split,0.015625,256,-0.0007529025438516319,0.01720482215599156,3.3306690738754696e-13,-0.042400041411427836,0.05382743423298919,-0.04105522094621783,-0.007784287446521709,0.006162835571310588,0.019825263978479057,0.48412698412698413,252
4.0,33.7,area_preserving,0.002,0.0674,legacy_raw_ratio,0.015625,256,0.030948395206798283,0.02835742550533124,0.012495289302361101,0.00041488300306369297,0.07577164658201241,0.0017817161013455873,0.003350660572221109,0.058314461622299696,0.0694332106735307,0.0,252
4.0,33.7,area_preserving,0.002,0.0674,sorted_baseline_corrected_ratio,0.015625,256,0.0006863604140259675,0.015315299078071762,0.0009923563205616048,-0.032754261113154826,0.05382743423298919,-0.03159498393889848,-0.006252932570394165,0.007032360772374346,0.019825263978479057,0.4365079365079365,252
4.0,33.7,area_preserving,0.002967359050445104,0.1,chi_minus,0.0625,256,0.002100746307127586,0.010545118264285194,0.0005068887179509041,-0.017758318202981904,0.029864997234663182,-0.013628314617072767,-0.004910170849716788,0.007470491267632773,0.028643687811529706,0.4791666666666667,240
4.0,33.7,area_preserving,0.002967359050445104,0.1,chi_plus,0.0625,256,4.7542306929077016e-05,0.007692118919349949,-6.536252245958885e-05,-0.01579688858768069,0.03216859994426091,-0.010193607354868206,-0.0024081804991356037,0.0017371925213848227,0.01001040147907255,0.5083333333333333,240
4.0,33.7,area_preserving,0.002967359050445104,0.1,chi_center,0.0625,256,0.001074144307028955,0.0057157186052398685,0.00028953933040387625,-0.009495651413055306,0.016142719395244143,-0.0061639868685804166,-0.002135972998489888,0.0030739405175792545,0.01416330954648437,0.4666666666666667,240
4.0,33.7,area_preserving,0.002967359050445104,0.1,chi_split,0.0625,256,-0.002053204000198509,0.014493400865810066,-0.001442605952166609,-0.034323049441712605,0.036279690673034715,-0.02896793799023125,-0.010776221858692536,0.0049169757673405146,0.017410156267099564,0.5083333333333333,240
4.0,33.7,area_preserving,0.002967359050445104,0.1,legacy_raw_ratio,0.0625,256,0.022816744718556835,0.01818419477286064,0.019605479218798294,0.000748332988505851,0.05129666737630112,0.001725275018002881,0.004457702941458197,0.04120502790029923,0.04850918544352258,0.0,240
4.0,33.7,area_preserving,0.002967359050445104,0.1,sorted_baseline_corrected_ratio,0.0625,256,0.0014953510882441642,0.011918325572572093,0.0023397788417165444,-0.020964387271298346,0.036279690673034715,-0.01840916386787006,-0.006065503465810473,0.006578008734309138,0.017410156267099564,0.35833333333333334,240
4.0,33.7,area_preserving,0.004,0.1348,chi_minus,0.0625,256,0.0021186411969390897,0.009660901288618332,0.0007246025702789538,-0.014655376732064518,0.02440931712099914,-0.013992069128776485,-0.004592506348016778,0.006594312919633305,0.021249026566416696,0.4791666666666667,240
4.0,33.7,area_preserving,0.004,0.1348,chi_plus,0.0625,256,-0.001973452359356013,0.010063553483083432,6.36513549090445e-05,-0.02615408121342533,0.023863946546298642,-0.022886101573416084,-0.002418495344880256,0.0014681278827644029,0.014295116951623665,0.49166666666666664,240
4.0,33.7,area_preserving,0.004,0.1348,chi_center,0.0625,256,7.25944187910758e-05,0.006000696407134512,1.5623633775607715e-05,-0.012714739321628699,0.013468567825025701,-0.010520435527960892,-0.0028245076388044854,0.0030469953948286665,0.010631351155648838,0.49166666666666664,240
4.0,33.7,area_preserving,0.004,0.1348,chi_split,0.0625,256,-0.004092093556295103,0.015658314575591473,-0.0012879412368271836,-0.042204842272353105,0.026913717116605618,-0.028479036516787515,-0.016693482585705688,0.005638354975828763,0.019327261041818256,0.5041666666666667,240
4.0,33.7,area_preserving,0.004,0.1348,legacy_raw_ratio,0.0625,256,0.01861368161698712,0.01360589335783517,0.021330488621296162,0.0008908580505506691,0.03805390754918481,0.0018260150682569698,0.0033069012920217133,0.03226896041333416,0.0375481250751708,0.0,240
4.0,33.7,area_preserving,0.004,0.1348,sorted_baseline_corrected_ratio,0.0625,256,0.0027966240277343957,0.012536012221296826,0.0029627669113629906,-0.028849959572974093,0.026913717116605618,-0.0181281896465324,-0.005253681498090801,0.008161522769195573,0.022437546224579597,0.30416666666666664,240
4.0,33.7,area_preserving,0.005934718100890208,0.2,chi_minus,0.03125,256,0.0027478637293472134,0.010056236876864409,3.977804829502496e-05,-0.019870156177290266,0.025470901288975556,-0.012042440315268133,-0.0042460550749572334,0.00890081800898812,0.02408304376627225,0.4959677419354839,248
4.0,33.7,area_preserving,0.005934718100890208,0.2,chi_plus,0.03125,256,-0.001666344321921046,0.008481881836909323,-0.0001771029080908093,-0.021344597129597576,0.02151743246878457,-0.020303746846710925,-0.0014855061794085689,0.0012041266408902573,0.013505446185038794,0.5241935483870968,248
4.0,33.7,area_preserving,0.005934718100890208,0.2,chi_center,0.03125,256,0.0005407597037120277,0.005506746540689616,0.00031413529928903117,-0.01083136174919086,0.013605769413577606,-0.009591977972317044,-0.002502005238883387,0.004323037692564702,0.011551374727461183,0.42338709677419356,248
4.0,33.7,area_preserving,0.005934718100890208,0.2,chi_split,0.03125,256,-0.00441420805126826,0.014994779404317433,-0.0014524643258292391,-0.04329601569788566,0.02563834337979265,-0.028220758613499708,-0.015707428685074853,0.00527984227703715,0.019803145733273474,0.5201612903225806,248
4.0,33.7,area_preserving,0.005934718100890208,0.2,legacy_raw_ratio,0.03125,256,0.014265544259162015,0.010185158651114407,0.012117418328437823,0.00118282792782054,0.028107034571967837,0.0015961711310012784,0.003337770856850386,0.024932742836592914,0.02694847036305049,0.0,248
4.0,33.7,area_preserving,0.005934718100890208,0.2,sorted_baseline_corrected_ratio,0.03125,256,0.00391329373927281,0.010591554452429642,0.0027147529257142144,-0.017975139874495838,0.02563834337979265,-0.014938207334771702,-3.3631453708160564e-05,0.011117793767305706,0.020798518645378305,0.2620967741935484,248
4.0,33.7,area_preserving,0.008,0.2696,chi_minus,0.046875,256,0.0026656264896987446,0.00922889744427035,0.000250969733384121,-0.01643128699191365,0.019191677071317415,-0.01039518104655468,-0.0041297312492055704,0.012067945218421916,0.017999667457016533,0.44672131147540983,244
4.0,33.7,area_preserving,0.008,0.2696,chi_plus,0.046875,256,-0.0024713153266823617,0.0077534187696214705,-0.00012682011746312227,-0.017497283509249062,0.017722660398511447,-0.0172776679647213,-0.007154174642698408,0.0009313528787358027,0.010451386498450121,0.5081967213114754,244
4.0,33.7,area_preserving,0.008,0.2696,chi_center,0.046875,256,9.715558150819128e-05,0.004710466624608772,0.00018584061253767992,-0.008744499138624295,0.009964283598395962,-0.00795241969530347,-0.0029597736778547157,0.0035974763812895993,0.008339825903314058,0.46311475409836067,244
4.0,33.7,area_preserving,0.008,0.2696,chi_split,0.046875,256,-0.005136941816381106,0.014206411159112605,-0.0014833814094006303,-0.03526615368643071,0.021301890256952838,-0.027948387499024396,-0.017505568741180144,0.005229227993633345,0.015466645785500166,0.5122950819672131,244
4.0,33.7,area_preserving,0.008,0.2696,legacy_raw_ratio,0.046875,256,0.012796609189195928,0.007711709926798964,0.016004427994292802,0.0005777929090178269,0.02305005923747272,0.0016097312234841787,0.0032539263593173162,0.019968110930371208,0.02103521911073214,0.0,244
4.0,33.7,area_preserving,0.008,0.2696,sorted_baseline_corrected_ratio,0.046875,256,0.005002928057454964,0.008876287699164579,0.005012706534746059,-0.015839092666614096,0.021301890256952838,-0.010817564981613348,0.0013083724265949837,0.01255638332020581,0.017249094431126544,0.19262295081967212,244
4.0,33.7,area_preserving,0.011869436201780416,0.4,chi_minus,0.078125,256,0.003440038465467068,0.009902267374599674,0.0005010859790594568,-0.011636336095878885,0.02885132853043304,-0.008284063709169592,-0.0037485483108445072,0.013019827274544427,0.02681141733807224,0.4872881355932203,236
4.0,33.7,area_preserving,0.011869436201780416,0.4,chi_plus,0.078125,256,-0.00271383203353016,0.007334095879336901,9.404734423845706e-05,-0.014091208441552094,0.026682336578816246,-0.013487770364004364,-0.009598055190745913,0.0010741736090570386,0.008251403995698459,0.4830508474576271,236
4.0,33.7,area_preserving,0.011869436201780416,0.4,chi_center,0.078125,256,0.00036310321596805766,0.0048402281838647206,-0.000625306578908913,-0.007077295712564768,0.015236544165231014,-0.0064084466885395985,-0.003646855253667619,0.0034333445899924764,0.009700110817021518,0.5127118644067796,236
4.0,33.7,area_preserving,0.011869436201780416,0.4,chi_split,0.078125,256,-0.006153870498997228,0.014490565467336701,-0.008929193995937723,-0.03875088199625165,0.029261271109351616,-0.02780760567483012,-0.01771070948191039,0.004955481102593723,0.012959624917196405,0.5127118644067796,236
4.0,33.7,area_preserving,0.011869436201780416,0.4,legacy_raw_ratio,0.078125,256,0.013058246583481668,0.005783032785327433,0.014501823066553343,0.0014705842239343125,0.02926127110938903,0.0021132887465016847,0.011102757477214426,0.015443375705367052,0.024114416368424763,0.0,236
4.0,33.7,area_preserving,0.011869436201780416,0.4,sorted_baseline_corrected_ratio,0.078125,256,0.0076310949723537285,0.0063815841986227285,0.007894841968106137,-0.0054631782702526666,0.029261271109351616,-0.003636282407629088,0.0036802873667821367,0.011985196435751161,0.017156046953441,0.07627118644067797,236
4.0,33.7,area_preserving,0.02373887240356083,0.8,chi_minus,0.109375,256,0.0023798434406338783,0.008459445923076294,-0.001710458033072404,-0.011942588488434713,0.014531725523736383,-0.010965596216433119,-0.0028624472916190663,0.012779127806110666,0.013562875640695082,0.5043859649122807,228
4.0,33.7,area_preserving,0.02373887240356083,0.8,chi_plus,0.109375,256,-0.0017385563965958322,0.006354166828548627,0.0010919043235093906,-0.011471360305149947,0.013333727643803972,-0.010985157582567328,-0.007347393724870657,0.002128812705844599,0.011236088334114158,0.4956140350877193,228
4.0,33.7,area_preserving,0.02373887240356083,0.8,chi_center,0.109375,256,0.0003206435220184076,0.0031042430991518434,-6.988237131769215e-05,-0.005342644014455,0.005690932696469864,-0.004489836450020832,-0.002374833064255899,0.0029519021338040574,0.005538493801716116,0.5087719298245614,228
4.0,33.7,area_preserving,0.02373887240356083,0.8,chi_split,0.109375,256,-0.00411839983722971,0.013613596951078865,0.0033725735917065347,-0.02503239399197965,0.015373235205486002,-0.023755570453944608,-0.018165846919926024,0.006516775690944623,0.01370861611041197,0.4956140350877193,228
4.0,33.7,area_preserving,0.02373887240356083,0.8,legacy_raw_ratio,0.109375,256,0.012704660779776271,0.0033433422874338667,0.013296848829633418,0.00856366335869585,0.019450866600176808,0.00882875189289517,0.00923901886868711,0.01527248568149471,0.018989307679981086,0.0,228
4.0,33.7,area_preserving,0.02373887240356083,0.8,sorted_baseline_corrected_ratio,0.109375,256,0.009912206917072045,0.003718422657787888,0.009792674877741742,0.003372573591678474,0.01640798189648518,0.0038403931487612786,0.006516775690939947,0.013426193312059367,0.014973169014607665,0.0,228
4.0,33.7,legacy_fixed_major_axis,0.001483679525222552,0.05,chi_minus,0.015625,256,0.012920889546259464,0.01614635753912389,0.0058923492614488815,-2.993161274389422e-13,0.06452835085334385,0.0009017427790416477,0.003815863457034663,0.017710469460476164,0.06154829576412828,0.011904761904761904,252
4.0,33.7,legacy_fixed_major_axis,0.001483679525222552,0.05,chi_plus,0.015625,256,0.009051453988634356,0.013346553931479318,0.0056312638437137075,-0.00043930900611410806,0.0679283280503098,-7.033928994815136e-13,0.0037412581629325814,0.007746322979540254,0.05573190096678506,0.05555555555555555,252
4.0,33.7,legacy_fixed_major_axis,0.001483679525222552,0.05,chi_center,0.015625,256,0.010986171767438001,0.009849827523447978,0.007332674587402721,-5.986322548778844e-13,0.036566286921344116,0.0018069239262064052,0.0037743042551650063,0.013545431731844637,0.0337166535044684,0.003968253968253968,252
4.0,33.7,legacy_fixed_major_axis,0.001483679525222552,0.05,chi_split,0.015625,256,-0.003869435557625109,0.022126778307890053,-0.0007700062486977188,-0.05828557320645178,0.06272408225823067,-0.05476413299847405,-0.011053055919100663,0.002956238122997945,0.05264784107372833,0.5357142857142857,252
4.0,33.7,legacy_fixed_major_axis,0.001483679525222552,0.05,legacy_raw_ratio,0.015625,256,0.03907607862667077,0.03458419298846338,0.028298952967476865,8.979483823168266e-13,0.09257443274539146,0.0014607843488251505,0.0057087144347531815,0.07740847964200182,0.088964763560009,0.0,252
4.0,33.7,legacy_fixed_major_axis,0.001483679525222552,0.05,sorted_baseline_corrected_ratio,0.015625,256,-0.0017514872704898672,0.01967443105642405,0.0003864691344830362,-0.04473104881785961,0.06272408225823067,-0.04028547264363076,-0.008715409970285526,0.003043635632182573,0.05264784107372833,0.43253968253968256,252
4.0,33.7,legacy_fixed_major_axis,0.002967359050445104,0.1,chi_minus,0.015625,256,0.013521785926290159,0.015356138555054941,0.005252496552810237,0.0009828510060496676,0.05424994963326313,0.0016767758099800467,0.0037079591001955015,0.021063103254694404,0.05258331766052822,0.0,252
4.0,33.7,legacy_fixed_major_axis,0.002967359050445104,0.1,chi_plus,0.015625,256,0.009244260937486568,0.010773035323336984,0.006301827075379851,7.911136355875925e-05,0.05036897659707318,0.001990100692311403,0.004618976399116792,0.007538628393536584,0.03453744516213466,0.0,252
4.0,33.7,legacy_fixed_major_axis,0.002967359050445104,0.1,chi_center,0.015625,256,0.011383023431887473,0.008651730370592229,0.006696135142024717,0.0019496036340584944,0.030829292755480076,0.0026754733131963302,0.004710364452309657,0.017782411130258247,0.02902066461505177,0.0,252
4.0,33.7,legacy_fixed_major_axis,0.002967359050445104,0.1,chi_split,0.015625,256,-0.00427752498880359,0.020107929012647206,0.0006579240480149018,-0.047125306091252206,0.0451686447331654,-0.046495593838244954,-0.01517768059462321,0.0030070631804433035,0.031239834636448194,0.4801587301587302,252
4.0,33.7,legacy_fixed_major_axis,0.002967359050445104,0.1,legacy_raw_ratio,0.015625,256,0.01997002619314814,0.01719515848463596,0.01238117478709766,0.00027099968707577915,0.04853128038208565,0.0016247339849901454,0.003907519657182279,0.03908409209429198,0.04656282608971847,0.0,252
4.0,33.7,legacy_fixed_major_axis,0.002967359050445104,0.1,sorted_baseline_corrected_ratio,0.015625,256,-0.0004070786948184698,0.016511912733370156,0.0015483739290340637,-0.03571216229562957,0.0451686447331654,-0.03052758683897685,-0.011370167025763989,0.0033241966011613444,0.031239834636448194,0.3611111111111111,252
4.0,33.7,legacy_fixed_major_axis,0.005934718100890208,0.2,chi_minus,0.03125,256,0.014589686906853161,0.01619605101106531,0.0049393297025622784,0.0020235589692509937,0.06141149177922611,0.003160346981065032,0.003948613419087754,0.030461246179600887,0.05176660517540027,0.0,248
4.0,33.7,legacy_fixed_major_axis,0.005934718100890208,0.2,chi_plus,0.03125,256,0.008424973941991121,0.008371835230087499,0.006097777163833973,0.003025445447392361,0.0591098041348439,0.003967121671655693,0.005043552439212895,0.006996564151687423,0.027447247613884007,0.0,248
4.0,33.7,legacy_fixed_major_axis,0.005934718100890208,0.2,chi_center,0.03125,256,0.011507330424421387,0.008503918532482365,0.006022450396192758,0.003016451712978707,0.03541532289727578,0.004170527880298369,0.004981861968946399,0.0178789647529492,0.03208017817967691,0.0,248
4.0,33.7,legacy_fixed_major_axis,0.005934718100890208,0.2,chi_split,0.03125,256,-0.006164712964862041,0.019378670370211112,0.0014396807463536998,-0.052880756573154164,0.05113614127823762,-0.04470495528393139,-0.0257107657131313,0.0028819667965707674,0.022343851591463754,0.3911290322580645,248
4.0,33.7,legacy_fixed_major_axis,0.005934718100890208,0.2,legacy_raw_ratio,0.03125,256,0.013959824871489175,0.011410603111017914,0.009639036826285863,0.0010750796879503977,0.05135375879002879,0.002011303722523239,0.0037511912824546023,0.023513152489731404,0.030569871524050673,0.0,248
4.0,33.7,legacy_fixed_major_axis,0.005934718100890208,0.2,sorted_baseline_corrected_ratio,0.03125,256,0.0035920356597991345,0.012255683368003065,0.002278830131588694,-0.015013513922396138,0.05113614127823762,-0.01288521093961561,0.0005315989687827982,0.0034286020100516845,0.028849911036588308,0.21774193548387097,248
4.0,33.7,legacy_fixed_major_axis,0.011869436201780416,0.4,chi_minus,0.0625,256,0.013809713056669993,0.011912985565436506,0.007144955279493714,0.0035573150761694095,0.03329486425063766,0.003817974146514208,0.004553678559124891,0.030202064916980326,0.03234929958246634,0.0,240
4.0,33.7,legacy_fixed_major_axis,0.011869436201780416,0.4,chi_plus,0.0625,256,0.008173551401152947,0.006367407660717052,0.006179054638996595,0.003406176396100302,0.03051156196483551,0.0038009323687069997,0.0046757779661252274,0.009079959838344559,0.02734191548142349,0.0,240
4.0,33.7,legacy_fixed_major_axis,0.011869436201780416,0.4,chi_center,0.0625,256,0.010991632228911,0.005611028559356018,0.007099859071685755,0.004930003592854226,0.019702326526414016,0.005593834199519898,0.006016825879701704,0.01761547852961015,0.01902160832207665,0.0,240
4.0,33.7,legacy_fixed_major_axis,0.011869436201780416,0.4,chi_split,0.0625,256,-0.005636161655517045,0.015459354605689441,-0.003102242159827906,-0.027185075448447282,0.02597058676744446,-0.02665538252077937,-0.025275679598134454,0.0043465847420255666,0.02292980008547047,0.5208333333333334,240
4.0,33.7,legacy_fixed_major_axis,0.011869436201780416,0.4,legacy_raw_ratio,0.0625,256,0.012720932312117409,0.007200938377729147,0.014199935295463484,0.0025791144726939885,0.026760547948952662,0.002977697808559737,0.005582759116840252,0.015832822092650023,0.02641414986489321,0.0,240
4.0,33.7,legacy_fixed_major_axis,0.011869436201780416,0.4,sorted_baseline_corrected_ratio,0.0625,256,0.007380955913634535,0.006803360598981992,0.004720525607544435,0.0014002948532938486,0.026313170076514014,0.0023458441794577123,0.003329115263476401,0.0062106285022504315,0.02431294276246876,0.0,240
4.0,33.7,legacy_fixed_major_axis,0.02373887240356083,0.8,chi_minus,0.109375,256,0.011627710220802391,0.007051653823882207,0.0059986173499382844,0.004043435045808341,0.021534695960293337,0.00433571896491893,0.004638631471970495,0.018723121280352875,0.02139690517619311,0.0,228
4.0,33.7,legacy_fixed_major_axis,0.02373887240356083,0.8,chi_plus,0.109375,256,0.010770412104993044,0.006345956850262876,0.013750693673436093,0.004123553825682635,0.021890774085597642,0.004242878583263793,0.004561017569711806,0.016529782726149786,0.021129586284479484,0.0,228
4.0,33.7,legacy_fixed_major_axis,0.02373887240356083,0.8,chi_center,0.109375,256,0.011199061162896734,0.0012668273439678795,0.01127832582552965,0.008929372666769797,0.014094665818494168,0.009217348914710318,0.01044788841603464,0.011870086520693435,0.01338307857207166,0.0,228
4.0,33.7,legacy_fixed_major_axis,0.02373887240356083,0.8,chi_split,0.109375,256,-0.0008572981158093465,0.013174770355374081,0.009089787570126628,-0.016366798926307546,0.016476053189640072,-0.016187056790025304,-0.014150216306371047,0.011540154661058274,0.01626760007317057,0.4956140350877193,228
4.0,33.7,legacy_fixed_major_axis,0.02373887240356083,0.8,legacy_raw_ratio,0.109375,256,0.013004478527125994,0.003638442380002388,0.01211108825892021,0.008798736647783134,0.021306896658469687,0.008972190565065267,0.00936664853553297,0.015319060741758983,0.02110702805692305,0.0,228
4.0,33.7,legacy_fixed_major_axis,0.02373887240356083,0.8,sorted_baseline_corrected_ratio,0.109375,256,0.010212024664425055,0.004181275275322937,0.010195714327185662,0.0032713697733716685,0.016476053189640072,0.00349913105469144,0.0063239227870708625,0.01326207875021354,0.016276371321874348,0.0,228
4.0,48.2,area_preserving,0.001,0.04820000000000001,chi_minus,0.0,256,0.0013249180080745354,0.008348431897223278,-1.1102230246251565e-12,-0.01038374950868004,0.02906217862497229,-0.009391334164665643,-0.0029710957357709233,0.002531094549396151,0.02779949407727411,0.51953125,256
4.0,48.2,area_preserving,0.001,0.04820000000000001,chi_plus,0.0,256,0.0011335758408927143,0.006238666258663905,0.0003093033364987008,-0.00919505839780399,0.02638598289328442,-0.0029101372077677823,-0.0008995738480788162,0.0009285441139317285,0.023973233104102043,0.421875,256
4.0,48.2,area_preserving,0.001,0.04820000000000001,chi_center,0.0,256,0.001229246924467145,0.004732364792225376,0.0,-0.005667272243048416,0.014933257941773803,-0.003805887929586582,-0.0010628618530850176,0.0016468940760017148,0.01344771643096987,0.4765625,256
4.0,48.2,area_preserving,0.001,0.04820000000000001,chi_split,0.0,256,-0.00019134216718182107,0.011298382076762576,0.00034214890187733715,-0.028703555293940752,0.03395291003149836,-0.028013331067389124,-0.003614046360955747,0.003976145888540117,0.025824808803753818,0.421875,256
4.0,48.2,area_preserving,0.001,0.04820000000000001,legacy_raw_ratio,0.0,256,0.02029050142451569,0.018458419204781373,0.007601300304527214,0.0003350869262064293,0.04742542829960783,0.0013313609893428335,0.0025909482888053503,0.03825560253700733,0.04596229937725571,0.0,256
4.0,48.2,area_preserving,0.001,0.04820000000000001,sorted_baseline_corrected_ratio,0.0,256,0.0006825512665602912,0.01015283252479708,0.0007951651184168185,-0.02281007828575099,0.03395291003149836,-0.021276570851602727,-0.0023013169869745553,0.003976145888540117,0.025824808803753818,0.3515625,256
4.0,48.2,area_preserving,0.001037344398340249,0.05,chi_minus,0.015625,256,0.0011952151797068507,0.00822148383697111,-4.2810199829546036e-13,-0.010622385054137595,0.028015940194473288,-0.009390428807456885,-0.002965810375066269,0.0025252610311916612,0.026798712290321002,0.5079365079365079,252
4.0,48.2,area_preserving,0.001037344398340249,0.05,chi_plus,0.015625,256,0.001130581472478387,0.006068047920516489,0.00029816841659879856,-0.008891591293370027,0.02543608750869808,-0.0028053722681383063,-0.0008682706455114264,0.0009726176011044529,0.023110196712204534,0.4365079365079365,252
4.0,48.2,area_preserving,0.001037344398340249,0.05,chi_center,0.015625,256,0.0011628983260815766,0.004658835111396977,0.00013054575064419538,-0.006095239367608585,0.014395660655441844,-0.0045211494342783706,-0.0010693391919169848,0.0015997870912172196,0.012963598639048257,0.4603174603174603,252
4.0,48.2,area_preserving,0.001037344398340249,0.05,chi_split,0.015625,256,-6.463370722846363e-05,0.01104576958447793,0.000329831542694059,-0.027670227303358885,0.03273060526993632,-0.02700485114885609,-0.003532579415840509,0.003961023230785177,0.024895115688167203,0.4365079365079365,252
4.0,48.2,area_preserving,0.001037344398340249,0.05,legacy_raw_ratio,0.015625,256,0.019966229068212556,0.01781114897015801,0.009224456865776887,0.0003230237960067939,0.04571811288167815,0.001283431993833517,0.002567383652976929,0.03687840084556804,0.04430765659999558,0.0,252
4.0,48.2,area_preserving,0.001037344398340249,0.05,sorted_baseline_corrected_ratio,0.015625,256,0.0007911715196423694,0.00992945270182267,0.000766539173939762,-0.021988915468320158,0.03273060526993632,-0.02051061430068817,-0.0022264209997229223,0.003961023230785177,0.024895115688167203,0.36507936507936506,252
4.0,48.2,area_preserving,0.002,0.09640000000000001,chi_minus,0.015625,256,0.0008608576779500599,0.00500704781855335,0.00012690683159899407,-0.007771657881683325,0.014572592334838319,-0.007310921270820003,-0.002291329532499997,0.0032626835352322914,0.014227601812100144,0.4801587301587302,252
4.0,48.2,area_preserving,0.002,0.09640000000000001,chi_plus,0.015625,256,0.00045016030914354866,0.0032876087462156605,9.949883916782198e-05,-0.007252922477718471,0.01373878322685762,-0.0038395954613301697,-0.0005908691889100481,0.0006819620305686946,0.0056323939085833885,0.46825396825396826,252
4.0,48.2,area_preserving,0.002,0.09640000000000001,chi_center,0.015625,256,0.0006555089935538534,0.0025802882675605493,0.00020546824597289515,-0.0040421000377932614,0.007169222219438609,-0.0035903284541949354,-0.0008461086609123925,0.0019077941608158788,0.00686700380958527,0.47619047619047616,252
4.0,48.2,area_preserving,0.002,0.09640000000000001,chi_split,0.015625,256,-0.00041069736880651133,0.006717607317795778,0.0005350461314002075,-0.015098662396351159,0.01692179599421806,-0.014603387222911213,-0.0037768777415569943,0.0029438326960562478,0.008418856641034811,0.4801587301587302,252
4.0,48.2,area_preserving,0.002,0.09640000000000001,legacy_raw_ratio,0.015625,256,0.010644911226838824,0.009125662365742524,0.008954129215865692,0.0003796493881491614,0.025448836285857368,0.0006394955458510765,0.0016852556110613648,0.02001121038086584,0.023689885280420153,0.0,252
4.0,48.2,area_preserving,0.002,0.09640000000000001,sorted_baseline_corrected_ratio,0.015625,256,0.0007084628478209744,0.005657907237619957,0.0009562097457171959,-0.01050943565106266,0.01692179599421806,-0.010080522780508971,-0.0025282400252235604,0.0029438326960562478,0.008418856641034811,0.3611111111111111,252
4.0,48.2,area_preserving,0.002074688796680498,0.1,chi_minus,0.03125,256,0.0008484287189939715,0.004935269325516401,9.891394695271671e-05,-0.007491878198156776,0.014047979011212242,-0.007047728105070483,-0.0022484287340045483,0.003740927260448279,0.013661342629690409,0.4879032258064516,248
4.0,48.2,area_preserving,0.002074688796680498,0.1,chi_plus,0.03125,256,8.570806419745893e-05,0.003453724633129349,1.6381798265019398e-05,-0.007694375917704832,0.013244187029834542,-0.004391955195157049,-0.0007931122361997112,0.0005994373435653788,0.005429627727681741,0.46774193548387094,248
4.0,48.2,area_preserving,0.002074688796680498,0.1,chi_center,0.03125,256,0.0004670683916000308,0.0025108029654768286,6.809066204649383e-06,-0.003896584436646755,0.006911130219538819,-0.003461076630025861,-0.0010996395530684655,0.0015705958370302309,0.0064204090694044424,0.5,248
4.0,48.2,area_preserving,0.002074688796680498,0.1,chi_split,0.03125,256,-0.0007627206547965126,0.006881400161881179,0.0005534538405096434,-0.017161343305241772,0.016312611337784055,-0.014129194769865006,-0.004797408404351389,0.003098860085468891,0.008115777801861235,0.4717741935483871,248
4.0,48.2,area_preserving,0.002074688796680498,0.1,legacy_raw_ratio,0.03125,256,0.010540005070061286,0.008531335586537965,0.009049587405103754,0.00036598201017579157,0.024532678179780554,0.000951607260110654,0.0021914014253698877,0.019398909360893724,0.02283704941003606,0.0,248
4.0,48.2,area_preserving,0.002074688796680498,0.1,sorted_baseline_corrected_ratio,0.03125,256,0.0008175598224057044,0.005606388521493823,0.0012061052744427592,-0.009772877232719246,0.016312611337784055,-0.009298359020070457,-0.0026926590350504487,0.0032420020557140106,0.008115777801861235,0.31048387096774194,248
4.0,48.2,area_preserving,0.004,0.19280000000000003,chi_minus,0.03125,256,0.001307466412719501,0.004643480592294661,0.00016008740216788553,-0.005865610540278787,0.011981758202161963,-0.005260218409219863,-0.0021744790592859164,0.0041556100723316725,0.011402311547797916,0.4879032258064516,248
4.0,48.2,area_preserving,0.004,0.19280000000000003,chi_plus,0.03125,256,-0.0005546738985519373,0.0043771705808492095,1.1400774324599183e-05,-0.010487978920448171,0.011688976604085077,-0.009950755061305383,-0.0007901537918408863,0.0004095326859299142,0.007106922719174458,0.49193548387096775,248
4.0,48.2,area_preserving,0.004,0.19280000000000003,chi_center,0.03125,256,0.00037639625708311037,0.002591762408244371,6.458669404851847e-05,-0.00532627704785682,0.006102489501058628,-0.004767620964907238,-0.0010803440555762212,0.0019062990946894232,0.005596462615736764,0.4717741935483871,248
4.0,48.2,area_preserving,0.004,0.19280000000000003,chi_split,0.03125,256,-0.0018621403112714383,0.007387431156128675,-0.001103170416072441,-0.020944099704989227,0.013342067448740558,-0.013400785218159461,-0.007959759247860854,0.0031958590490932526,0.009597924447024564,0.5201612903225806,248
4.0,48.2,area_preserving,0.004,0.19280000000000003,legacy_raw_ratio,0.03125,256,0.007051211853410117,0.005024374334110791,0.006167877811935618,0.0007058869567755366,0.014468153984759091,0.0011338185713527515,0.00150036206167381,0.012681072414255645,0.013426586275117058,0.0,248
4.0,48.2,area_preserving,0.004,0.19280000000000003,sorted_baseline_corrected_ratio,0.03125,256,0.0020103101344323424,0.005033941893611274,0.0014903405069488507,-0.008787822846412219,0.013342067448740558,-0.0068666708955167355,0.0005155171761139776,0.005343487070957886,0.009727479444754383,0.22983870967741934,248
4.0,48.2,area_preserving,0.004149377593360996,0.2,chi_minus,0.046875,256,0.0012957895154106192,0.004536285880603212,0.00015432425558281615,-0.005654448560721725,0.011550414906884132,-0.005160916506533697,-0.0021262498576186672,0.004177247916464677,0.011001752683594757,0.48770491803278687,244
4.0,48.2,area_preserving,0.004149377593360996,0.2,chi_plus,0.046875,256,-0.000560849053267809,0.004348351347471386,7.808017323540639e-05,-0.01011648626022943,0.011268173446230989,-0.009841292378849342,-0.0007323220758728155,0.00044342094374261176,0.006953151978764826,0.47540983606557374,244
4.0,48.2,area_preserving,0.004149377593360996,0.2,chi_center,0.046875,256,0.0003674702310646064,0.0025342253618492188,6.22615727416953e-05,-0.0051345310739199235,0.005882799879127543,-0.004421701213837758,-0.0011731598444251201,0.0018477496265368876,0.00528479033740834,0.4959016393442623,244
4.0,48.2,area_preserving,0.004149377593360996,0.2,chi_split,0.046875,256,-0.0018566385686784282,0.007299514047157514,-0.0009441422991340875,-0.02066988595563979,0.012980155595438525,-0.01327070984840648,-0.007872766718200808,0.0032346842774031437,0.00926737727595477,0.5122950819672131,244
4.0,48.2,area_preserving,0.004149377593360996,0.2,legacy_raw_ratio,0.046875,256,0.006933185645870885,0.004863975756552856,0.005843332107161814,0.0006804750262245918,0.01394730044141479,0.0010812686650774062,0.001637791641269093,0.012354233758110511,0.013238156976234094,0.0,244
4.0,48.2,area_preserving,0.004149377593360996,0.2,sorted_baseline_corrected_ratio,0.046875,256,0.001999575397675301,0.0049566017736039645,0.002119300315362116,-0.007787843493455515,0.012980155595438525,-0.006507679338905415,0.000485463662029062,0.005298625068804963,0.00955540523588574,0.2336065573770492,244
4.0,48.2,area_preserving,0.008,0.38560000000000005,chi_minus,0.09375,256,0.001329580285187583,0.004230082229114379,0.00012814586966558572,-0.005529140397309007,0.008644095016496767,-0.003919765636661854,-0.0018864830114428965,0.006364754278578855,0.007981968800363504,0.4956896551724138,232
4.0,48.2,area_preserving,0.008,0.38560000000000005,chi_plus,0.09375,256,-0.001228772767297858,0.0033724706004106863,0.00020795623811853403,-0.006997379331574738,0.007421620365266612,-0.006581086278564796,-0.004051441777716547,0.00065461235279618,0.004109861951040461,0.45689655172413796,232
4.0,48.2,area_preserving,0.008,0.38560000000000005,chi_center,0.09375,256,5.04037589451018e-05,0.0019244654114784047,5.5732448406287105e-05,-0.003434616730968454,0.004777795221844183,-0.0029715197567253826,-0.0014717002863734452,0.001345271454400443,0.0031235031167586857,0.4870689655172414,232
4.0,48.2,area_preserving,0.008,0.38560000000000005,chi_split,0.09375,256,-0.002558353052485441,0.006612113032266983,-0.0009684793172703987,-0.013513310376411791,0.008955796974297048,-0.012670611133600018,-0.008556098742451557,0.0027326736017491138,0.0063778765565208895,0.5043103448275862,232
4.0,48.2,area_preserving,0.008,0.38560000000000005,legacy_raw_ratio,0.09375,256,0.006089703850970155,0.0024279860498373365,0.007133875337517193,0.0009665812633063986,0.00916708207626682,0.001299048204622677,0.005052979507744193,0.007685655568481775,0.008712101245078596,0.0,232
4.0,48.2,area_preserving,0.008,0.38560000000000005,sorted_baseline_corrected_ratio,0.09375,256,0.0034128467180410387,0.0027594026468297523,0.002881468379095642,-0.0028546267454299112,0.008955796974297048,-0.002192186343064062,0.0018461963492005795,0.005932722258863987,0.007975953412589498,0.09051724137931035,232
4.0,48.2,area_preserving,0.008298755186721992,0.4,chi_minus,0.078125,256,0.001547166596506109,0.004859383707815469,-0.00018686835975001426,-0.005509623083809867,0.01352868056953227,-0.00393802627124934,-0.002067876803863944,0.006179045633169289,0.012701034464014771,0.5042372881355932,236
4.0,48.2,area_preserving,0.008298755186721992,0.4,chi_plus,0.078125,256,-0.0011052707181178835,0.003433591425290492,0.0002634721668151041,-0.006786973075898928,0.012400193171625995,-0.006298526972013108,-0.004233156497960522,0.0007805163181029973,0.004050546600081084,0.4491525423728814,236
4.0,48.2,area_preserving,0.008298755186721992,0.4,chi_center,0.078125,256,0.0002209479391929791,0.0022071268787633206,2.1692877007928324e-05,-0.003350556590445697,0.0072333552159600245,-0.0028058597077385006,-0.001498404868212344,0.0013831819739143492,0.004339634136196091,0.4957627118644068,236
4.0,48.2,area_preserving,0.008298755186721992,0.4,chi_split,0.078125,256,-0.0026524373146239923,0.00716384561219288,0.0011125276458959776,-0.018605661252183436,0.013985270724416798,-0.013528674689818887,-0.008813857042776985,0.0027815147557344044,0.007261668748432926,0.4957627118644068,236
4.0,48.2,area_preserving,0.008298755186721992,0.4,legacy_raw_ratio,0.078125,256,0.006413661237747314,0.00280989473736393,0.007130565369544151,0.0009469971266882204,0.013985270724416798,0.001252282469291044,0.005555526873939065,0.00761308462822452,0.011607118969144958,0.0,236
4.0,48.2,area_preserving,0.008298755186721992,0.4,sorted_baseline_corrected_ratio,0.078125,256,0.0038709518835802503,0.003010559648451835,0.003572445188106843,-0.0022380324520161476,0.013985270724416798,-0.0014688153680878502,0.00214786352941565,0.006052127697134424,0.008252489053444279,0.07627118644067797,236
4.0,48.2,area_preserving,0.016597510373443983,0.8,chi_minus,0.109375,256,0.0010863755566885636,0.0040947524517515104,-0.00097666941468888,-0.005652627816648215,0.006624851156923017,-0.005380305613951047,-0.0015760238232247203,0.00615279662330559,0.006563973878943169,0.5043859649122807,228
4.0,48.2,area_preserving,0.016597510373443983,0.8,chi_plus,0.109375,256,-0.0008447825517694591,0.003108774782087639,0.0006800147984222238,-0.005556886885558221,0.0063660156129889955,-0.005248532350686297,-0.0034606694355150958,0.001092722225567555,0.005399336056214188,0.4956140350877193,228
4.0,48.2,area_preserving,0.016597510373443983,0.8,chi_center,0.109375,256,0.00012079650246054978,0.0014394945688056024,-0.00011140237663781472,-0.002370534718854511,0.0026976139361415408,-0.002156503757296402,-0.0010494092921765341,0.001488881353533672,0.002536166865069889,0.5263157894736842,228
4.0,48.2,area_preserving,0.016597510373443983,0.8,chi_split,0.109375,256,-0.0019311581084580228,0.006676404580254488,0.002013030890393064,-0.011844803645669755,0.007555901830214928,-0.011428055452633812,-0.008836977237045046,0.0033992148058690497,0.006862650548179689,0.4956140350877193,228
4.0,48.2,area_preserving,0.016597510373443983,0.8,legacy_raw_ratio,0.109375,256,0.006281210538650592,0.0015526685901961414,0.006488483353084551,0.004401483363848935,0.009419888592368197,0.004494124860400833,0.004698267974571679,0.007486783142438114,0.009194525023378215,0.0,228
4.0,48.2,area_preserving,0.016597510373443983,0.8,sorted_baseline_corrected_ratio,0.109375,256,0.004969202664428862,0.0017246088604620314,0.004919664545656177,0.001978416212341405,0.007884293321453906,0.002241222755905814,0.0033992148058556715,0.006577800456389393,0.007281664878898397,0.0,228
