geometry_label,n,a,rAR,lead_width,energy,transmission,conductance_spinless_units,lead_mode_count_if_available
n1.2_W4,1.2,30.0,1.0,4,-3.8,0.0,0.0,0
n1.2_W4,1.2,30.0,1.0,4,-3.7966666666666664,0.0,0.0,0
n1.2_W4,1.2,30.0,1.0,4,-3.793333333333333,0.0,0.0,0
n1.2_W4,1.2,30.0,1.0,4,-3.79,0.0,0.0,0
n1.2_W4,1.2,30.0,1.0,4,-3.7866666666666666,0.0,0.0,0
n1.2_W4,1.2,30.0,1.0,4,-3.783333333333333,0.0,0.0,0
n1.2_W4,1.2,30.0,1.0,4,-3.78,0.0,0.0,0
n1.2_W4,1.2,30.0,1.0,4,-3.7766666666666664,0.0,0.0,0
n1.2_W4,1.2,30.0,1.0,4,-3.773333333333333,0.0,0.0,0
n1.2_W4,1.2,30.0,1.0,4,-3.77,0.0,0.0,0
n1.2_W4,1.2,30.0,1.0,4,-3.7666666666666666,0.0,0.0,0
n1.2_W4,1.2,30.0,1.0,4,-3.763333333333333,0.0,0.0,0
n1.2_W4,1.2,30.0,1.0,4,-3.76,0.0,0.0,0
n1.2_W4,1.2,30.0,1.0,4,-3.7566666666666664,0.0,0.0,0
n1.2_W4,1.2,30.0,1.0,4,-3.753333333333333,0.0,0.0,0
n1.2_W4,1.2,30.0,1.0,4,-3.75,0.0,0.0,0
n1.2_W4,1.2,30.0,1.0,4,-3.7466666666666666,0.0,0.0,0
n1.2_W4,1.2,30.0,1.0,4,-3.743333333333333,0.0,0.0,0
n1.2_W4,1.2,30.0,1.0,4,-3.7399999999999998,0.0,0.0,0
n1.2_W4,1.2,30.0,1.0,4,-3.7366666666666664,0.0,0.0,0
n1.2_W4,1.2,30.0,1.0,4,-3.7333333333333334,0.0,0.0,0
n1.2_W4,1.2,30.0,1.0,4,-3.73,0.0,0.0,0
n1.2_W4,1.2,30.0,1.0,4,-3.7266666666666666,0.0,0.0,0
n1.2_W4,1.2,30.0,1.0,4,-3.723333333333333,0.0,0.0,0
n1.2_W4,1.2,30.0,1.0,4,-3.7199999999999998,0.0,0.0,0
n1.2_W4,1.2,30.0,1.0,4,-3.7166666666666663,0.0,0.0,0
n1.2_W4,1.2,30.0,1.0,4,-3.7133333333333334,0.0,0.0,0
n1.2_W4,1.2,30.0,1.0,4,-3.71,0.0,0.0,0
n1.2_W4,1.2,30.0,1.0,4,-3.7066666666666666,0.0,0.0,0
n1.2_W4,1.2,30.0,1.0,4,-3.703333333333333,0.0,0.0,0
n1.2_W4,1.2,30.0,1.0,4,-3.6999999999999997,0.0,0.0,0
n1.2_W4,1.2,30.0,1.0,4,-3.6966666666666663,0.0,0.0,0
n1.2_W4,1.2,30.0,1.0,4,-3.6933333333333334,0.0,0.0,0
n1.2_W4,1.2,30.0,1.0,4,-3.69,0.0,0.0,0
n1.2_W4,1.2,30.0,1.0,4,-3.6866666666666665,0.0,0.0,0
n1.2_W4,1.2,30.0,1.0,4,-3.683333333333333,0.0,0.0,0
n1.2_W4,1.2,30.0,1.0,4,-3.6799999999999997,0.0,0.0,0
n1.2_W4,1.2,30.0,1.0,4,-3.6766666666666663,0.0,0.0,0
n1.2_W4,1.2,30.0,1.0,4,-3.6733333333333333,0.0,0.0,0
n1.2_W4,1.2,30.0,1.0,4,-3.67,0.0,0.0,0
n1.2_W4,1.2,30.0,1.0,4,-3.6666666666666665,0.0,0.0,0
n1.2_W4,1.2,30.0,1.0,4,-3.663333333333333,0.0,0.0,0
n1.2_W4,1.2,30.0,1.0,4,-3.6599999999999997,0.0,0.0,0
n1.2_W4,1.2,30.0,1.0,4,-3.6566666666666663,0.0,0.0,0
n1.2_W4,1.2,30.0,1.0,4,-3.6533333333333333,0.0,0.0,0
n1.2_W4,1.2,30.0,1.0,4,-3.65,0.0,0.0,0
n1.2_W4,1.2,30.0,1.0,4,-3.6466666666666665,0.0,0.0,0
n1.2_W4,1.2,30.0,1.0,4,-3.643333333333333,0.0,0.0,0
n1.2_W4,1.2,30.0,1.0,4,-3.6399999999999997,0.0,0.0,0
n1.2_W4,1.2,30.0,1.0,4,-3.6366666666666667,0.0,0.0,0
n1.2_W4,1.2,30.0,1.0,4,-3.6333333333333333,0.0,0.0,0
n1.2_W4,1.2,30.0,1.0,4,-3.63,0.0,0.0,0
n1.2_W4,1.2,30.0,1.0,4,-3.6266666666666665,0.0,0.0,0
n1.2_W4,1.2,30.0,1.0,4,-3.623333333333333,0.0,0.0,0
n1.2_W4,1.2,30.0,1.0,4,-3.6199999999999997,0.0,0.0,0
n1.2_W4,1.2,30.0,1.0,4,-3.6166666666666667,0.5987404245856641,0.5987404245856641,1
n1.2_W4,1.2,30.0,1.0,4,-3.6133333333333333,0.3496360500517447,0.3496360500517447,1
n1.2_W4,1.2,30.0,1.0,4,-3.61,0.3413737584594286,0.3413737584594286,1
n1.2_W4,1.2,30.0,1.0,4,-3.6066666666666665,0.49038738753798705,0.49038738753798705,1
n1.2_W4,1.2,30.0,1.0,4,-3.603333333333333,0.9799667599240808,0.9799667599240808,1
n1.2_W4,1.2,30.0,1.0,4,-3.5999999999999996,0.060932919544015196,0.060932919544015196,1
n1.2_W4,1.2,30.0,1.0,4,-3.5966666666666667,0.0012776835446322494,0.0012776835446322494,1
n1.2_W4,1.2,30.0,1.0,4,-3.5933333333333333,0.021819577312630272,0.021819577312630272,1
n1.2_W4,1.2,30.0,1.0,4,-3.59,0.06330680918048794,0.06330680918048794,1
n1.2_W4,1.2,30.0,1.0,4,-3.5866666666666664,0.27567461035225205,0.27567461035225205,1
n1.2_W4,1.2,30.0,1.0,4,-3.583333333333333,0.9847385251008928,0.9847385251008928,1
n1.2_W4,1.2,30.0,1.0,4,-3.58,0.962729289791988,0.962729289791988,1
n1.2_W4,1.2,30.0,1.0,4,-3.5766666666666667,0.9526492667734803,0.9526492667734803,1
n1.2_W4,1.2,30.0,1.0,4,-3.5733333333333333,0.8604807329952812,0.8604807329952812,1
n1.2_W4,1.2,30.0,1.0,4,-3.57,0.9056118151497352,0.9056118151497352,1
n1.2_W4,1.2,30.0,1.0,4,-3.5666666666666664,0.9546898452827369,0.9546898452827369,1
n1.2_W4,1.2,30.0,1.0,4,-3.563333333333333,0.9969887116027808,0.9969887116027808,1
n1.2_W4,1.2,30.0,1.0,4,-3.56,0.8888017383512226,0.8888017383512226,1
n1.2_W4,1.2,30.0,1.0,4,-3.5566666666666666,0.6805867728638445,0.6805867728638445,1
n1.2_W4,1.2,30.0,1.0,4,-3.5533333333333332,0.466077825538219,0.466077825538219,1
n1.2_W4,1.2,30.0,1.0,4,-3.55,0.27175050094852354,0.27175050094852354,1
n1.2_W4,1.2,30.0,1.0,4,-3.5466666666666664,0.8496657499051463,0.8496657499051463,1
n1.2_W4,1.2,30.0,1.0,4,-3.543333333333333,0.13562205402568225,0.13562205402568225,1
n1.2_W4,1.2,30.0,1.0,4,-3.54,0.027550166599224123,0.027550166599224123,1
n1.2_W4,1.2,30.0,1.0,4,-3.5366666666666666,0.042215132351915936,0.042215132351915936,1
n1.2_W4,1.2,30.0,1.0,4,-3.533333333333333,0.3417982751755333,0.3417982751755333,1
n1.2_W4,1.2,30.0,1.0,4,-3.53,0.6843532873580112,0.6843532873580112,1
n1.2_W4,1.2,30.0,1.0,4,-3.5266666666666664,0.7340318799791122,0.7340318799791122,1
n1.2_W4,1.2,30.0,1.0,4,-3.5233333333333334,0.47008399316662386,0.47008399316662386,1
n1.2_W4,1.2,30.0,1.0,4,-3.52,0.4170398424089952,0.4170398424089952,1
n1.2_W4,1.2,30.0,1.0,4,-3.5166666666666666,0.004607782000121177,0.004607782000121177,1
n1.2_W4,1.2,30.0,1.0,4,-3.513333333333333,0.09262846888112294,0.09262846888112294,1
n1.2_W4,1.2,30.0,1.0,4,-3.51,0.26180059268060335,0.26180059268060335,1
n1.2_W4,1.2,30.0,1.0,4,-3.5066666666666664,0.4144778965419179,0.4144778965419179,1
n1.2_W4,1.2,30.0,1.0,4,-3.503333333333333,0.5397030002698819,0.5397030002698819,1
n1.2_W4,1.2,30.0,1.0,4,-3.5,0.617355982066282,0.617355982066282,1
n1.2_W4,1.2,30.0,1.0,4,-3.4966666666666666,0.5932347602969309,0.5932347602969309,1
n1.2_W4,1.2,30.0,1.0,4,-3.493333333333333,0.3522326946230976,0.3522326946230976,1
n1.2_W4,1.2,30.0,1.0,4,-3.4899999999999998,0.019113707474366547,0.019113707474366547,1
n1.2_W4,1.2,30.0,1.0,4,-3.4866666666666664,0.013565327693357039,0.013565327693357039,1
n1.2_W4,1.2,30.0,1.0,4,-3.4833333333333334,0.03777013263378166,0.03777013263378166,1
n1.2_W4,1.2,30.0,1.0,4,-3.48,0.03568069594155072,0.03568069594155072,1
n1.2_W4,1.2,30.0,1.0,4,-3.4766666666666666,0.018222481602488048,0.018222481602488048,1
n1.2_W4,1.2,30.0,1.0,4,-3.473333333333333,0.0031420576660538204,0.0031420576660538204,1
n1.2_W4,1.2,30.0,1.0,4,-3.4699999999999998,0.0006801695981798092,0.0006801695981798092,1
n1.2_W4,1.2,30.0,1.0,4,-3.466666666666667,0.0009553231645708872,0.0009553231645708872,1
n1.2_W4,1.2,30.0,1.0,4,-3.4633333333333334,0.19998552593312763,0.19998552593312763,1
n1.2_W4,1.2,30.0,1.0,4,-3.46,0.9602678479100302,0.9602678479100302,1
n1.2_W4,1.2,30.0,1.0,4,-3.4566666666666666,0.9974796808010412,0.9974796808010412,1
n1.2_W4,1.2,30.0,1.0,4,-3.453333333333333,0.9951491723226065,0.9951491723226065,1
n1.2_W4,1.2,30.0,1.0,4,-3.4499999999999997,0.9920343249614365,0.9920343249614365,1
n1.2_W4,1.2,30.0,1.0,4,-3.4466666666666663,0.9999372979609423,0.9999372979609423,1
n1.2_W4,1.2,30.0,1.0,4,-3.4433333333333334,0.9884252179830509,0.9884252179830509,1
n1.2_W4,1.2,30.0,1.0,4,-3.44,0.9998403323001848,0.9998403323001848,1
n1.2_W4,1.2,30.0,1.0,4,-3.4366666666666665,0.9709387590679315,0.9709387590679315,1
n1.2_W4,1.2,30.0,1.0,4,-3.433333333333333,0.147426711831658,0.147426711831658,1
n1.2_W4,1.2,30.0,1.0,4,-3.4299999999999997,0.9998436633986231,0.9998436633986231,1
n1.2_W4,1.2,30.0,1.0,4,-3.4266666666666667,0.9162019296145302,0.9162019296145302,1
n1.2_W4,1.2,30.0,1.0,4,-3.4233333333333333,0.7467580906967854,0.7467580906967854,1
n1.2_W4,1.2,30.0,1.0,4,-3.42,0.5006106341831152,0.5006106341831152,1
n1.2_W4,1.2,30.0,1.0,4,-3.4166666666666665,0.23663292711478034,0.23663292711478034,1
n1.2_W4,1.2,30.0,1.0,4,-3.413333333333333,0.08990994028519393,0.08990994028519393,1
n1.2_W4,1.2,30.0,1.0,4,-3.41,0.00394007720042173,0.00394007720042173,1
n1.2_W4,1.2,30.0,1.0,4,-3.4066666666666667,0.008659574959147124,0.008659574959147124,1
n1.2_W4,1.2,30.0,1.0,4,-3.4033333333333333,0.17198982809205138,0.17198982809205138,1
n1.2_W4,1.2,30.0,1.0,4,-3.4,0.9760206101276424,0.9760206101276424,1
n1.2_W4,1.2,30.0,1.0,4,-3.3966666666666665,0.2551674718096439,0.2551674718096439,1
n1.2_W4,1.2,30.0,1.0,4,-3.393333333333333,0.1057887337544926,0.1057887337544926,1
n1.2_W4,1.2,30.0,1.0,4,-3.3899999999999997,0.3370971346986247,0.3370971346986247,1
n1.2_W4,1.2,30.0,1.0,4,-3.3866666666666667,0.10787560478919668,0.10787560478919668,1
n1.2_W4,1.2,30.0,1.0,4,-3.3833333333333333,0.20953787873949326,0.20953787873949326,1
n1.2_W4,1.2,30.0,1.0,4,-3.38,0.23716008066794628,0.23716008066794628,1
n1.2_W4,1.2,30.0,1.0,4,-3.3766666666666665,0.21801849551437535,0.21801849551437535,1
n1.2_W4,1.2,30.0,1.0,4,-3.373333333333333,0.15742819218621673,0.15742819218621673,1
n1.2_W4,1.2,30.0,1.0,4,-3.37,0.06540554192796583,0.06540554192796583,1
n1.2_W4,1.2,30.0,1.0,4,-3.3666666666666667,0.0002631085911603182,0.0002631085911603182,1
n1.2_W4,1.2,30.0,1.0,4,-3.3633333333333333,0.9749912821093366,0.9749912821093366,1
n1.2_W4,1.2,30.0,1.0,4,-3.36,0.003009384992585614,0.003009384992585614,1
n1.2_W4,1.2,30.0,1.0,4,-3.3566666666666665,0.0036546195013281257,0.0036546195013281257,1
n1.2_W4,1.2,30.0,1.0,4,-3.353333333333333,0.0028831295143876595,0.0028831295143876595,1
n1.2_W4,1.2,30.0,1.0,4,-3.35,0.04773105104904788,0.04773105104904788,1
n1.2_W4,1.2,30.0,1.0,4,-3.3466666666666667,0.15018735472620645,0.15018735472620645,1
n1.2_W4,1.2,30.0,1.0,4,-3.3433333333333333,0.2885708022409154,0.2885708022409154,1
n1.2_W4,1.2,30.0,1.0,4,-3.34,0.4376247812993928,0.4376247812993928,1
n1.2_W4,1.2,30.0,1.0,4,-3.3366666666666664,0.585565747665412,0.585565747665412,1
n1.2_W4,1.2,30.0,1.0,4,-3.333333333333333,0.7710842013700706,0.7710842013700706,1
n1.2_W4,1.2,30.0,1.0,4,-3.33,0.0023699798681252244,0.0023699798681252244,1
n1.2_W4,1.2,30.0,1.0,4,-3.3266666666666667,0.9492583246920072,0.9492583246920072,1
n1.2_W4,1.2,30.0,1.0,4,-3.3233333333333333,0.987675111313078,0.987675111313078,1
n1.2_W4,1.2,30.0,1.0,4,-3.32,0.9861127996900015,0.9861127996900015,1
n1.2_W4,1.2,30.0,1.0,4,-3.3166666666666664,0.989538975916902,0.989538975916902,1
n1.2_W4,1.2,30.0,1.0,4,-3.3133333333333335,0.987380315000556,0.987380315000556,1
n1.2_W4,1.2,30.0,1.0,4,-3.31,0.3099344772817901,0.3099344772817901,1
n1.2_W4,1.2,30.0,1.0,4,-3.3066666666666666,0.8297033929311739,0.8297033929311739,1
n1.2_W4,1.2,30.0,1.0,4,-3.3033333333333332,0.6826047632527412,0.6826047632527412,1
n1.2_W4,1.2,30.0,1.0,4,-3.3,0.9360791548698957,0.9360791548698957,1
n1.2_W4,1.2,30.0,1.0,4,-3.296666666666667,0.9698305923281666,0.9698305923281666,1
n1.2_W4,1.2,30.0,1.0,4,-3.293333333333333,0.9890246321186854,0.9890246321186854,1
n1.2_W4,1.2,30.0,1.0,4,-3.29,0.9976141031856304,0.9976141031856304,1
n1.2_W4,1.2,30.0,1.0,4,-3.2866666666666666,0.9983089990151601,0.9983089990151601,1
n1.2_W4,1.2,30.0,1.0,4,-3.283333333333333,0.9781849802823135,0.9781849802823135,1
n1.2_W4,1.2,30.0,1.0,4,-3.28,0.8528680107331871,0.8528680107331871,1
n1.2_W4,1.2,30.0,1.0,4,-3.2766666666666664,0.762683959290048,0.762683959290048,1
n1.2_W4,1.2,30.0,1.0,4,-3.2733333333333334,0.6590147281295623,0.6590147281295623,1
n1.2_W4,1.2,30.0,1.0,4,-3.27,0.633316890836593,0.633316890836593,1
n1.2_W4,1.2,30.0,1.0,4,-3.2666666666666666,0.7221033986548586,0.7221033986548586,1
n1.2_W4,1.2,30.0,1.0,4,-3.263333333333333,0.2541734609586216,0.2541734609586216,1
n1.2_W4,1.2,30.0,1.0,4,-3.26,0.8150872524459664,0.8150872524459664,1
n1.2_W4,1.2,30.0,1.0,4,-3.256666666666667,0.24180095782637942,0.24180095782637942,1
n1.2_W4,1.2,30.0,1.0,4,-3.2533333333333334,0.0861466581582196,0.0861466581582196,1
n1.2_W4,1.2,30.0,1.0,4,-3.25,0.10031355948059195,0.10031355948059195,1
n1.2_W4,1.2,30.0,1.0,4,-3.2466666666666666,0.052378807111158304,0.052378807111158304,1
n1.2_W4,1.2,30.0,1.0,4,-3.243333333333333,0.006981140866829336,0.006981140866829336,1
n1.2_W4,1.2,30.0,1.0,4,-3.2399999999999998,0.011822518009672971,0.011822518009672971,1
n1.2_W4,1.2,30.0,1.0,4,-3.2366666666666664,0.11385200633613257,0.11385200633613257,1
n1.2_W4,1.2,30.0,1.0,4,-3.2333333333333334,0.33521285236568205,0.33521285236568205,1
n1.2_W4,1.2,30.0,1.0,4,-3.23,0.6382614923297971,0.6382614923297971,1
n1.2_W4,1.2,30.0,1.0,4,-3.2266666666666666,0.9813198874880037,0.9813198874880037,1
n1.2_W4,1.2,30.0,1.0,4,-3.223333333333333,0.8844578300749117,0.8844578300749117,1
n1.2_W4,1.2,30.0,1.0,4,-3.2199999999999998,0.009562952841976292,0.009562952841976292,1
n1.2_W4,1.2,30.0,1.0,4,-3.216666666666667,0.03588694500640123,0.03588694500640123,1
n1.2_W4,1.2,30.0,1.0,4,-3.2133333333333334,0.8225890474432598,0.8225890474432598,1
n1.2_W4,1.2,30.0,1.0,4,-3.21,0.9957893584934171,0.9957893584934171,1
n1.2_W4,1.2,30.0,1.0,4,-3.2066666666666666,0.9986147698900925,0.9986147698900925,1
n1.2_W4,1.2,30.0,1.0,4,-3.203333333333333,0.9903656813289102,0.9903656813289102,1
n1.2_W4,1.2,30.0,1.0,4,-3.2,0.9676547151314104,0.9676547151314104,1
n1.2_W4,1.2,30.0,1.0,4,-3.1966666666666668,0.8905502711341645,0.8905502711341645,1
n1.2_W4,1.2,30.0,1.0,4,-3.1933333333333334,0.17923271276925604,0.17923271276925604,1
n1.2_W4,1.2,30.0,1.0,4,-3.19,0.25456349326108524,0.25456349326108524,1
n1.2_W4,1.2,30.0,1.0,4,-3.1866666666666665,0.07108803398906481,0.07108803398906481,1
n1.2_W4,1.2,30.0,1.0,4,-3.183333333333333,0.9997928804307027,0.9997928804307027,1
n1.2_W4,1.2,30.0,1.0,4,-3.1799999999999997,0.6725237416271901,0.6725237416271901,1
n1.2_W4,1.2,30.0,1.0,4,-3.1766666666666667,0.9213074600915347,0.9213074600915347,1
n1.2_W4,1.2,30.0,1.0,4,-3.1733333333333333,0.931100496524885,0.931100496524885,1
n1.2_W4,1.2,30.0,1.0,4,-3.17,0.9057179332769304,0.9057179332769304,1
n1.2_W4,1.2,30.0,1.0,4,-3.1666666666666665,0.7878771449126065,0.7878771449126065,1
n1.2_W4,1.2,30.0,1.0,4,-3.163333333333333,0.7206559061631345,0.7206559061631345,1
n1.2_W4,1.2,30.0,1.0,4,-3.16,0.2701718361363428,0.2701718361363428,1
n1.2_W4,1.2,30.0,1.0,4,-3.1566666666666667,0.006593593797177103,0.006593593797177103,1
n1.2_W4,1.2,30.0,1.0,4,-3.1533333333333333,0.11667194658534179,0.11667194658534179,1
n1.2_W4,1.2,30.0,1.0,4,-3.15,0.1528167785634532,0.1528167785634532,1
n1.2_W4,1.2,30.0,1.0,4,-3.1466666666666665,0.3263337911470446,0.3263337911470446,1
n1.2_W4,1.2,30.0,1.0,4,-3.1433333333333335,0.4725955750093297,0.4725955750093297,1
n1.2_W4,1.2,30.0,1.0,4,-3.1399999999999997,0.6723140320249882,0.6723140320249882,1
n1.2_W4,1.2,30.0,1.0,4,-3.1366666666666667,0.9177876354976888,0.9177876354976888,1
n1.2_W4,1.2,30.0,1.0,4,-3.1333333333333333,0.9972288825977208,0.9972288825977208,1
n1.2_W4,1.2,30.0,1.0,4,-3.13,0.8964799885702687,0.8964799885702687,1
n1.2_W4,1.2,30.0,1.0,4,-3.1266666666666665,0.8049708741994186,0.8049708741994186,1
n1.2_W4,1.2,30.0,1.0,4,-3.123333333333333,0.7885171861973564,0.7885171861973564,1
n1.2_W4,1.2,30.0,1.0,4,-3.12,0.825863499572027,0.825863499572027,1
n1.2_W4,1.2,30.0,1.0,4,-3.1166666666666667,0.9996539688097303,0.9996539688097303,1
n1.2_W4,1.2,30.0,1.0,4,-3.1133333333333333,0.9969495394340342,0.9969495394340342,1
n1.2_W4,1.2,30.0,1.0,4,-3.11,0.26988587291066485,0.26988587291066485,1
n1.2_W4,1.2,30.0,1.0,4,-3.1066666666666665,0.5732042220078495,0.5732042220078495,1
n1.2_W4,1.2,30.0,1.0,4,-3.1033333333333335,0.291701077643043,0.291701077643043,1
n1.2_W4,1.2,30.0,1.0,4,-3.1,0.020178431792830315,0.020178431792830315,1
n1.2_W4,1.2,30.0,1.0,4,-3.0966666666666667,0.5583908810306168,0.5583908810306168,1
n1.2_W4,1.2,30.0,1.0,4,-3.0933333333333333,0.8397718470719424,0.8397718470719424,1
n1.2_W4,1.2,30.0,1.0,4,-3.09,0.9310882884979068,0.9310882884979068,1
n1.2_W4,1.2,30.0,1.0,4,-3.086666666666667,0.9561917177294805,0.9561917177294805,1
n1.2_W4,1.2,30.0,1.0,4,-3.083333333333333,0.8475587681143882,0.8475587681143882,1
n1.2_W4,1.2,30.0,1.0,4,-3.08,0.9820320156462367,0.9820320156462367,1
n1.2_W4,1.2,30.0,1.0,4,-3.0766666666666667,0.8508052178404382,0.8508052178404382,1
n1.2_W4,1.2,30.0,1.0,4,-3.0733333333333333,0.6960484177044366,0.6960484177044366,1
n1.2_W4,1.2,30.0,1.0,4,-3.07,0.07195964206611757,0.07195964206611757,1
n1.2_W4,1.2,30.0,1.0,4,-3.0666666666666664,0.98869076506392,0.98869076506392,1
n1.2_W4,1.2,30.0,1.0,4,-3.0633333333333335,0.01959468505845656,0.01959468505845656,1
n1.2_W4,1.2,30.0,1.0,4,-3.06,0.7276467522938825,0.7276467522938825,1
n1.2_W4,1.2,30.0,1.0,4,-3.0566666666666666,0.6960949546402415,0.6960949546402415,1
n1.2_W4,1.2,30.0,1.0,4,-3.0533333333333332,0.6497864302767704,0.6497864302767704,1
n1.2_W4,1.2,30.0,1.0,4,-3.05,0.5318701339998283,0.5318701339998283,1
n1.2_W4,1.2,30.0,1.0,4,-3.046666666666667,0.13825928564289555,0.13825928564289555,1
n1.2_W4,1.2,30.0,1.0,4,-3.0433333333333334,0.000982618276531493,0.000982618276531493,1
n1.2_W4,1.2,30.0,1.0,4,-3.04,0.07502007124280614,0.07502007124280614,1
n1.2_W4,1.2,30.0,1.0,4,-3.0366666666666666,7.717795747046813e-05,7.717795747046813e-05,1
n1.2_W4,1.2,30.0,1.0,4,-3.033333333333333,0.6576741561367233,0.6576741561367233,1
n1.2_W4,1.2,30.0,1.0,4,-3.0300000000000002,0.9055624723354032,0.9055624723354032,1
n1.2_W4,1.2,30.0,1.0,4,-3.0266666666666664,0.8465427785416527,0.8465427785416527,1
n1.2_W4,1.2,30.0,1.0,4,-3.0233333333333334,0.8384695451455876,0.8384695451455876,1
n1.2_W4,1.2,30.0,1.0,4,-3.02,0.8378840559909632,0.8378840559909632,1
n1.2_W4,1.2,30.0,1.0,4,-3.0166666666666666,0.8312390103152416,0.8312390103152416,1
n1.2_W4,1.2,30.0,1.0,4,-3.013333333333333,0.805435004379511,0.805435004379511,1
n1.2_W4,1.2,30.0,1.0,4,-3.01,0.6303059942161009,0.6303059942161009,1
n1.2_W4,1.2,30.0,1.0,4,-3.006666666666667,0.7384681352611543,0.7384681352611543,1
n1.2_W4,1.2,30.0,1.0,4,-3.0033333333333334,0.5818899041016943,0.5818899041016943,1
n1.2_W4,1.2,30.0,1.0,4,-3.0,0.3859670169316912,0.3859670169316912,1
n2.0_W4,2.0,30.0,1.0,4,-3.8,0.0,0.0,0
n2.0_W4,2.0,30.0,1.0,4,-3.7966666666666664,0.0,0.0,0
n2.0_W4,2.0,30.0,1.0,4,-3.793333333333333,0.0,0.0,0
n2.0_W4,2.0,30.0,1.0,4,-3.79,0.0,0.0,0
n2.0_W4,2.0,30.0,1.0,4,-3.7866666666666666,0.0,0.0,0
n2.0_W4,2.0,30.0,1.0,4,-3.783333333333333,0.0,0.0,0
n2.0_W4,2.0,30.0,1.0,4,-3.78,0.0,0.0,0
n2.0_W4,2.0,30.0,1.0,4,-3.7766666666666664,0.0,0.0,0
n2.0_W4,2.0,30.0,1.0,4,-3.773333333333333,0.0,0.0,0
n2.0_W4,2.0,30.0,1.0,4,-3.77,0.0,0.0,0
n2.0_W4,2.0,30.0,1.0,4,-3.7666666666666666,0.0,0.0,0
n2.0_W4,2.0,30.0,1.0,4,-3.763333333333333,0.0,0.0,0
n2.0_W4,2.0,30.0,1.0,4,-3.76,0.0,0.0,0
n2.0_W4,2.0,30.0,1.0,4,-3.7566666666666664,0.0,0.0,0
n2.0_W4,2.0,30.0,1.0,4,-3.753333333333333,0.0,0.0,0
n2.0_W4,2.0,30.0,1.0,4,-3.75,0.0,0.0,0
n2.0_W4,2.0,30.0,1.0,4,-3.7466666666666666,0.0,0.0,0
n2.0_W4,2.0,30.0,1.0,4,-3.743333333333333,0.0,0.0,0
n2.0_W4,2.0,30.0,1.0,4,-3.7399999999999998,0.0,0.0,0
n2.0_W4,2.0,30.0,1.0,4,-3.7366666666666664,0.0,0.0,0
n2.0_W4,2.0,30.0,1.0,4,-3.7333333333333334,0.0,0.0,0
n2.0_W4,2.0,30.0,1.0,4,-3.73,0.0,0.0,0
n2.0_W4,2.0,30.0,1.0,4,-3.7266666666666666,0.0,0.0,0
n2.0_W4,2.0,30.0,1.0,4,-3.723333333333333,0.0,0.0,0
n2.0_W4,2.0,30.0,1.0,4,-3.7199999999999998,0.0,0.0,0
n2.0_W4,2.0,30.0,1.0,4,-3.7166666666666663,0.0,0.0,0
n2.0_W4,2.0,30.0,1.0,4,-3.7133333333333334,0.0,0.0,0
n2.0_W4,2.0,30.0,1.0,4,-3.71,0.0,0.0,0
n2.0_W4,2.0,30.0,1.0,4,-3.7066666666666666,0.0,0.0,0
n2.0_W4,2.0,30.0,1.0,4,-3.703333333333333,0.0,0.0,0
n2.0_W4,2.0,30.0,1.0,4,-3.6999999999999997,0.0,0.0,0
n2.0_W4,2.0,30.0,1.0,4,-3.6966666666666663,0.0,0.0,0
n2.0_W4,2.0,30.0,1.0,4,-3.6933333333333334,0.0,0.0,0
n2.0_W4,2.0,30.0,1.0,4,-3.69,0.0,0.0,0
n2.0_W4,2.0,30.0,1.0,4,-3.6866666666666665,0.0,0.0,0
n2.0_W4,2.0,30.0,1.0,4,-3.683333333333333,0.0,0.0,0
n2.0_W4,2.0,30.0,1.0,4,-3.6799999999999997,0.0,0.0,0
n2.0_W4,2.0,30.0,1.0,4,-3.6766666666666663,0.0,0.0,0
n2.0_W4,2.0,30.0,1.0,4,-3.6733333333333333,0.0,0.0,0
n2.0_W4,2.0,30.0,1.0,4,-3.67,0.0,0.0,0
n2.0_W4,2.0,30.0,1.0,4,-3.6666666666666665,0.0,0.0,0
n2.0_W4,2.0,30.0,1.0,4,-3.663333333333333,0.0,0.0,0
n2.0_W4,2.0,30.0,1.0,4,-3.6599999999999997,0.0,0.0,0
n2.0_W4,2.0,30.0,1.0,4,-3.6566666666666663,0.0,0.0,0
n2.0_W4,2.0,30.0,1.0,4,-3.6533333333333333,0.0,0.0,0
n2.0_W4,2.0,30.0,1.0,4,-3.65,0.0,0.0,0
n2.0_W4,2.0,30.0,1.0,4,-3.6466666666666665,0.0,0.0,0
n2.0_W4,2.0,30.0,1.0,4,-3.643333333333333,0.0,0.0,0
n2.0_W4,2.0,30.0,1.0,4,-3.6399999999999997,0.0,0.0,0
n2.0_W4,2.0,30.0,1.0,4,-3.6366666666666667,0.0,0.0,0
n2.0_W4,2.0,30.0,1.0,4,-3.6333333333333333,0.0,0.0,0
n2.0_W4,2.0,30.0,1.0,4,-3.63,0.0,0.0,0
n2.0_W4,2.0,30.0,1.0,4,-3.6266666666666665,0.0,0.0,0
n2.0_W4,2.0,30.0,1.0,4,-3.623333333333333,0.0,0.0,0
n2.0_W4,2.0,30.0,1.0,4,-3.6199999999999997,0.0,0.0,0
n2.0_W4,2.0,30.0,1.0,4,-3.6166666666666667,0.00045335612153438995,0.00045335612153438995,1
n2.0_W4,2.0,30.0,1.0,4,-3.6133333333333333,0.0014804612486053808,0.0014804612486053808,1
n2.0_W4,2.0,30.0,1.0,4,-3.61,0.11754349967699172,0.11754349967699172,1
n2.0_W4,2.0,30.0,1.0,4,-3.6066666666666665,0.8259230446926313,0.8259230446926313,1
n2.0_W4,2.0,30.0,1.0,4,-3.603333333333333,0.5066914830260274,0.5066914830260274,1
n2.0_W4,2.0,30.0,1.0,4,-3.5999999999999996,0.9870083181638044,0.9870083181638044,1
n2.0_W4,2.0,30.0,1.0,4,-3.5966666666666667,0.9273432182662029,0.9273432182662029,1
n2.0_W4,2.0,30.0,1.0,4,-3.5933333333333333,0.0512560462414235,0.0512560462414235,1
n2.0_W4,2.0,30.0,1.0,4,-3.59,0.041626482075435976,0.041626482075435976,1
n2.0_W4,2.0,30.0,1.0,4,-3.5866666666666664,0.0404431214853902,0.0404431214853902,1
n2.0_W4,2.0,30.0,1.0,4,-3.583333333333333,0.0030021569231213512,0.0030021569231213512,1
n2.0_W4,2.0,30.0,1.0,4,-3.58,0.9886173992397895,0.9886173992397895,1
n2.0_W4,2.0,30.0,1.0,4,-3.5766666666666667,0.07705606585852806,0.07705606585852806,1
n2.0_W4,2.0,30.0,1.0,4,-3.5733333333333333,0.8265049659093114,0.8265049659093114,1
n2.0_W4,2.0,30.0,1.0,4,-3.57,0.9856281821510995,0.9856281821510995,1
n2.0_W4,2.0,30.0,1.0,4,-3.5666666666666664,0.6563966040226739,0.6563966040226739,1
n2.0_W4,2.0,30.0,1.0,4,-3.563333333333333,0.28415777323838426,0.28415777323838426,1
n2.0_W4,2.0,30.0,1.0,4,-3.56,0.07330979198512436,0.07330979198512436,1
n2.0_W4,2.0,30.0,1.0,4,-3.5566666666666666,0.005581407860519386,0.005581407860519386,1
n2.0_W4,2.0,30.0,1.0,4,-3.5533333333333332,0.2784704640547098,0.2784704640547098,1
n2.0_W4,2.0,30.0,1.0,4,-3.55,0.43534105134411927,0.43534105134411927,1
n2.0_W4,2.0,30.0,1.0,4,-3.5466666666666664,0.09767452179141999,0.09767452179141999,1
n2.0_W4,2.0,30.0,1.0,4,-3.543333333333333,0.012089489906275074,0.012089489906275074,1
n2.0_W4,2.0,30.0,1.0,4,-3.54,0.002155180148034095,0.002155180148034095,1
n2.0_W4,2.0,30.0,1.0,4,-3.5366666666666666,0.9820949447468728,0.9820949447468728,1
n2.0_W4,2.0,30.0,1.0,4,-3.533333333333333,0.6557134294562733,0.6557134294562733,1
n2.0_W4,2.0,30.0,1.0,4,-3.53,0.9991390868046778,0.9991390868046778,1
n2.0_W4,2.0,30.0,1.0,4,-3.5266666666666664,0.965403083563041,0.965403083563041,1
n2.0_W4,2.0,30.0,1.0,4,-3.5233333333333334,0.6514293827583255,0.6514293827583255,1
n2.0_W4,2.0,30.0,1.0,4,-3.52,0.7803630316734652,0.7803630316734652,1
n2.0_W4,2.0,30.0,1.0,4,-3.5166666666666666,0.933865816440718,0.933865816440718,1
n2.0_W4,2.0,30.0,1.0,4,-3.513333333333333,0.9956963585101222,0.9956963585101222,1
n2.0_W4,2.0,30.0,1.0,4,-3.51,0.7792775009763738,0.7792775009763738,1
n2.0_W4,2.0,30.0,1.0,4,-3.5066666666666664,0.22580846764185927,0.22580846764185927,1
n2.0_W4,2.0,30.0,1.0,4,-3.503333333333333,0.0019146350297961612,0.0019146350297961612,1
n2.0_W4,2.0,30.0,1.0,4,-3.5,0.33533558339695835,0.33533558339695835,1
n2.0_W4,2.0,30.0,1.0,4,-3.4966666666666666,0.7586560754835554,0.7586560754835554,1
n2.0_W4,2.0,30.0,1.0,4,-3.493333333333333,0.8953390415860977,0.8953390415860977,1
n2.0_W4,2.0,30.0,1.0,4,-3.4899999999999998,0.08231483179237715,0.08231483179237715,1
n2.0_W4,2.0,30.0,1.0,4,-3.4866666666666664,0.5868281955615335,0.5868281955615335,1
n2.0_W4,2.0,30.0,1.0,4,-3.4833333333333334,0.2107193356099238,0.2107193356099238,1
n2.0_W4,2.0,30.0,1.0,4,-3.48,0.1579610779120078,0.1579610779120078,1
n2.0_W4,2.0,30.0,1.0,4,-3.4766666666666666,0.3381339411330853,0.3381339411330853,1
n2.0_W4,2.0,30.0,1.0,4,-3.473333333333333,0.22554057251651458,0.22554057251651458,1
n2.0_W4,2.0,30.0,1.0,4,-3.4699999999999998,0.05618980137725478,0.05618980137725478,1
n2.0_W4,2.0,30.0,1.0,4,-3.466666666666667,0.9988313738625835,0.9988313738625835,1
n2.0_W4,2.0,30.0,1.0,4,-3.4633333333333334,0.959811721496025,0.959811721496025,1
n2.0_W4,2.0,30.0,1.0,4,-3.46,0.8703211537155189,0.8703211537155189,1
n2.0_W4,2.0,30.0,1.0,4,-3.4566666666666666,0.5298565934153575,0.5298565934153575,1
n2.0_W4,2.0,30.0,1.0,4,-3.453333333333333,0.820137550660651,0.820137550660651,1
n2.0_W4,2.0,30.0,1.0,4,-3.4499999999999997,0.6944851845596703,0.6944851845596703,1
n2.0_W4,2.0,30.0,1.0,4,-3.4466666666666663,0.2706146685281375,0.2706146685281375,1
n2.0_W4,2.0,30.0,1.0,4,-3.4433333333333334,0.5928376827453359,0.5928376827453359,1
n2.0_W4,2.0,30.0,1.0,4,-3.44,0.1219194867531454,0.1219194867531454,1
n2.0_W4,2.0,30.0,1.0,4,-3.4366666666666665,0.007785704099061731,0.007785704099061731,1
n2.0_W4,2.0,30.0,1.0,4,-3.433333333333333,0.01459103999506285,0.01459103999506285,1
n2.0_W4,2.0,30.0,1.0,4,-3.4299999999999997,0.10993636452951755,0.10993636452951755,1
n2.0_W4,2.0,30.0,1.0,4,-3.4266666666666667,0.2530085038699118,0.2530085038699118,1
n2.0_W4,2.0,30.0,1.0,4,-3.4233333333333333,0.8358682148318033,0.8358682148318033,1
n2.0_W4,2.0,30.0,1.0,4,-3.42,0.8949553516091763,0.8949553516091763,1
n2.0_W4,2.0,30.0,1.0,4,-3.4166666666666665,0.7926199672520794,0.7926199672520794,1
n2.0_W4,2.0,30.0,1.0,4,-3.413333333333333,0.5941987159059684,0.5941987159059684,1
n2.0_W4,2.0,30.0,1.0,4,-3.41,0.38476100601846847,0.38476100601846847,1
n2.0_W4,2.0,30.0,1.0,4,-3.4066666666666667,0.11232836899543626,0.11232836899543626,1
n2.0_W4,2.0,30.0,1.0,4,-3.4033333333333333,0.08156316639508898,0.08156316639508898,1
n2.0_W4,2.0,30.0,1.0,4,-3.4,0.6728555914099749,0.6728555914099749,1
n2.0_W4,2.0,30.0,1.0,4,-3.3966666666666665,0.9555081952405613,0.9555081952405613,1
n2.0_W4,2.0,30.0,1.0,4,-3.393333333333333,0.984566548553529,0.984566548553529,1
n2.0_W4,2.0,30.0,1.0,4,-3.3899999999999997,0.004720176639116102,0.004720176639116102,1
n2.0_W4,2.0,30.0,1.0,4,-3.3866666666666667,0.10705502123450449,0.10705502123450449,1
n2.0_W4,2.0,30.0,1.0,4,-3.3833333333333333,0.021327488104760543,0.021327488104760543,1
n2.0_W4,2.0,30.0,1.0,4,-3.38,0.9655486684506911,0.9655486684506911,1
n2.0_W4,2.0,30.0,1.0,4,-3.3766666666666665,0.8940774836645716,0.8940774836645716,1
n2.0_W4,2.0,30.0,1.0,4,-3.373333333333333,0.3961847804162125,0.3961847804162125,1
n2.0_W4,2.0,30.0,1.0,4,-3.37,0.17958667384783422,0.17958667384783422,1
n2.0_W4,2.0,30.0,1.0,4,-3.3666666666666667,0.2150011158435224,0.2150011158435224,1
n2.0_W4,2.0,30.0,1.0,4,-3.3633333333333333,0.3809237076804847,0.3809237076804847,1
n2.0_W4,2.0,30.0,1.0,4,-3.36,0.7109982287781704,0.7109982287781704,1
n2.0_W4,2.0,30.0,1.0,4,-3.3566666666666665,0.9945938566910042,0.9945938566910042,1
n2.0_W4,2.0,30.0,1.0,4,-3.353333333333333,0.9862294142098416,0.9862294142098416,1
n2.0_W4,2.0,30.0,1.0,4,-3.35,0.46788027934403636,0.46788027934403636,1
n2.0_W4,2.0,30.0,1.0,4,-3.3466666666666667,0.24041250683115442,0.24041250683115442,1
n2.0_W4,2.0,30.0,1.0,4,-3.3433333333333333,0.09547469549744639,0.09547469549744639,1
n2.0_W4,2.0,30.0,1.0,4,-3.34,0.017273919417958528,0.017273919417958528,1
n2.0_W4,2.0,30.0,1.0,4,-3.3366666666666664,0.12405551873600439,0.12405551873600439,1
n2.0_W4,2.0,30.0,1.0,4,-3.333333333333333,0.041264506303546306,0.041264506303546306,1
n2.0_W4,2.0,30.0,1.0,4,-3.33,0.11104159055138542,0.11104159055138542,1
n2.0_W4,2.0,30.0,1.0,4,-3.3266666666666667,0.24387495713884183,0.24387495713884183,1
n2.0_W4,2.0,30.0,1.0,4,-3.3233333333333333,0.9963713237656264,0.9963713237656264,1
n2.0_W4,2.0,30.0,1.0,4,-3.32,0.12735002341259674,0.12735002341259674,1
n2.0_W4,2.0,30.0,1.0,4,-3.3166666666666664,0.8801889985099404,0.8801889985099404,1
n2.0_W4,2.0,30.0,1.0,4,-3.3133333333333335,0.43464823516349854,0.43464823516349854,1
n2.0_W4,2.0,30.0,1.0,4,-3.31,0.2635279295829112,0.2635279295829112,1
n2.0_W4,2.0,30.0,1.0,4,-3.3066666666666666,0.14650932880943796,0.14650932880943796,1
n2.0_W4,2.0,30.0,1.0,4,-3.3033333333333332,0.9926795934339617,0.9926795934339617,1
n2.0_W4,2.0,30.0,1.0,4,-3.3,0.4908204326866666,0.4908204326866666,1
n2.0_W4,2.0,30.0,1.0,4,-3.296666666666667,0.4854945284111439,0.4854945284111439,1
n2.0_W4,2.0,30.0,1.0,4,-3.293333333333333,0.5760559786790491,0.5760559786790491,1
n2.0_W4,2.0,30.0,1.0,4,-3.29,0.7417762175560343,0.7417762175560343,1
n2.0_W4,2.0,30.0,1.0,4,-3.2866666666666666,0.6355940254830278,0.6355940254830278,1
n2.0_W4,2.0,30.0,1.0,4,-3.283333333333333,0.9664404384637746,0.9664404384637746,1
n2.0_W4,2.0,30.0,1.0,4,-3.28,0.7805111361030841,0.7805111361030841,1
n2.0_W4,2.0,30.0,1.0,4,-3.2766666666666664,0.6533759119406068,0.6533759119406068,1
n2.0_W4,2.0,30.0,1.0,4,-3.2733333333333334,0.5614889311205262,0.5614889311205262,1
n2.0_W4,2.0,30.0,1.0,4,-3.27,0.4886559578131008,0.4886559578131008,1
n2.0_W4,2.0,30.0,1.0,4,-3.2666666666666666,0.34690038035254867,0.34690038035254867,1
n2.0_W4,2.0,30.0,1.0,4,-3.263333333333333,0.8375201592439362,0.8375201592439362,1
n2.0_W4,2.0,30.0,1.0,4,-3.26,0.40094821443083545,0.40094821443083545,1
n2.0_W4,2.0,30.0,1.0,4,-3.256666666666667,0.27096036737889306,0.27096036737889306,1
n2.0_W4,2.0,30.0,1.0,4,-3.2533333333333334,0.1440166450099458,0.1440166450099458,1
n2.0_W4,2.0,30.0,1.0,4,-3.25,7.417831135702589e-05,7.417831135702589e-05,1
n2.0_W4,2.0,30.0,1.0,4,-3.2466666666666666,0.17823029214499506,0.17823029214499506,1
n2.0_W4,2.0,30.0,1.0,4,-3.243333333333333,0.8389678008444011,0.8389678008444011,1
n2.0_W4,2.0,30.0,1.0,4,-3.2399999999999998,0.963558476182874,0.963558476182874,1
n2.0_W4,2.0,30.0,1.0,4,-3.2366666666666664,0.7148221543400833,0.7148221543400833,1
n2.0_W4,2.0,30.0,1.0,4,-3.2333333333333334,0.31868912897447366,0.31868912897447366,1
n2.0_W4,2.0,30.0,1.0,4,-3.23,0.5341382782846589,0.5341382782846589,1
n2.0_W4,2.0,30.0,1.0,4,-3.2266666666666666,0.9026064736890755,0.9026064736890755,1
n2.0_W4,2.0,30.0,1.0,4,-3.223333333333333,0.5975627141524296,0.5975627141524296,1
n2.0_W4,2.0,30.0,1.0,4,-3.2199999999999998,0.0031324159257274395,0.0031324159257274395,1
n2.0_W4,2.0,30.0,1.0,4,-3.216666666666667,0.5020881905453559,0.5020881905453559,1
n2.0_W4,2.0,30.0,1.0,4,-3.2133333333333334,0.8833778873636681,0.8833778873636681,1
n2.0_W4,2.0,30.0,1.0,4,-3.21,0.8375409123499294,0.8375409123499294,1
n2.0_W4,2.0,30.0,1.0,4,-3.2066666666666666,0.8069686089275366,0.8069686089275366,1
n2.0_W4,2.0,30.0,1.0,4,-3.203333333333333,0.5774779640503097,0.5774779640503097,1
n2.0_W4,2.0,30.0,1.0,4,-3.2,0.7428056929273186,0.7428056929273186,1
n2.0_W4,2.0,30.0,1.0,4,-3.1966666666666668,0.9956514511739315,0.9956514511739315,1
n2.0_W4,2.0,30.0,1.0,4,-3.1933333333333334,0.8538158935785597,0.8538158935785597,1
n2.0_W4,2.0,30.0,1.0,4,-3.19,0.0018582370041021333,0.0018582370041021333,1
n2.0_W4,2.0,30.0,1.0,4,-3.1866666666666665,0.24981716279105712,0.24981716279105712,1
n2.0_W4,2.0,30.0,1.0,4,-3.183333333333333,0.18649387929103764,0.18649387929103764,1
n2.0_W4,2.0,30.0,1.0,4,-3.1799999999999997,0.008895353414982172,0.008895353414982172,1
n2.0_W4,2.0,30.0,1.0,4,-3.1766666666666667,0.062243236103217324,0.062243236103217324,1
n2.0_W4,2.0,30.0,1.0,4,-3.1733333333333333,0.32134297269803147,0.32134297269803147,1
n2.0_W4,2.0,30.0,1.0,4,-3.17,0.6917924674336642,0.6917924674336642,1
n2.0_W4,2.0,30.0,1.0,4,-3.1666666666666665,0.9999708445013166,0.9999708445013166,1
n2.0_W4,2.0,30.0,1.0,4,-3.163333333333333,0.13343304453675625,0.13343304453675625,1
n2.0_W4,2.0,30.0,1.0,4,-3.16,0.7829175376886087,0.7829175376886087,1
n2.0_W4,2.0,30.0,1.0,4,-3.1566666666666667,0.9597195680743252,0.9597195680743252,1
n2.0_W4,2.0,30.0,1.0,4,-3.1533333333333333,0.5923184215115533,0.5923184215115533,1
n2.0_W4,2.0,30.0,1.0,4,-3.15,0.07107817458101429,0.07107817458101429,1
n2.0_W4,2.0,30.0,1.0,4,-3.1466666666666665,0.0008380898756861531,0.0008380898756861531,1
n2.0_W4,2.0,30.0,1.0,4,-3.1433333333333335,0.49688857192996116,0.49688857192996116,1
n2.0_W4,2.0,30.0,1.0,4,-3.1399999999999997,0.18337070149022971,0.18337070149022971,1
n2.0_W4,2.0,30.0,1.0,4,-3.1366666666666667,0.7050034831295615,0.7050034831295615,1
n2.0_W4,2.0,30.0,1.0,4,-3.1333333333333333,0.8346372369960897,0.8346372369960897,1
n2.0_W4,2.0,30.0,1.0,4,-3.13,0.9977997062419106,0.9977997062419106,1
n2.0_W4,2.0,30.0,1.0,4,-3.1266666666666665,0.6814795445047259,0.6814795445047259,1
n2.0_W4,2.0,30.0,1.0,4,-3.123333333333333,0.4946498713417179,0.4946498713417179,1
n2.0_W4,2.0,30.0,1.0,4,-3.12,0.8263054354540161,0.8263054354540161,1
n2.0_W4,2.0,30.0,1.0,4,-3.1166666666666667,0.9375448282519425,0.9375448282519425,1
n2.0_W4,2.0,30.0,1.0,4,-3.1133333333333333,0.9945168273736523,0.9945168273736523,1
n2.0_W4,2.0,30.0,1.0,4,-3.11,0.9838246468034474,0.9838246468034474,1
n2.0_W4,2.0,30.0,1.0,4,-3.1066666666666665,0.00018554901630861233,0.00018554901630861233,1
n2.0_W4,2.0,30.0,1.0,4,-3.1033333333333335,0.3104552435787996,0.3104552435787996,1
n2.0_W4,2.0,30.0,1.0,4,-3.1,0.4259803786339446,0.4259803786339446,1
n2.0_W4,2.0,30.0,1.0,4,-3.0966666666666667,0.03066017473817588,0.03066017473817588,1
n2.0_W4,2.0,30.0,1.0,4,-3.0933333333333333,0.17905682032375084,0.17905682032375084,1
n2.0_W4,2.0,30.0,1.0,4,-3.09,0.30938223736990283,0.30938223736990283,1
n2.0_W4,2.0,30.0,1.0,4,-3.086666666666667,0.38594935893511023,0.38594935893511023,1
n2.0_W4,2.0,30.0,1.0,4,-3.083333333333333,0.3862010084516018,0.3862010084516018,1
n2.0_W4,2.0,30.0,1.0,4,-3.08,0.45968949756843946,0.45968949756843946,1
n2.0_W4,2.0,30.0,1.0,4,-3.0766666666666667,0.28458479494031985,0.28458479494031985,1
n2.0_W4,2.0,30.0,1.0,4,-3.0733333333333333,0.7362648526747161,0.7362648526747161,1
n2.0_W4,2.0,30.0,1.0,4,-3.07,0.9997313852526696,0.9997313852526696,1
n2.0_W4,2.0,30.0,1.0,4,-3.0666666666666664,0.7909229865769549,0.7909229865769549,1
n2.0_W4,2.0,30.0,1.0,4,-3.0633333333333335,0.836312261798692,0.836312261798692,1
n2.0_W4,2.0,30.0,1.0,4,-3.06,0.997409024355924,0.997409024355924,1
n2.0_W4,2.0,30.0,1.0,4,-3.0566666666666666,0.12849438250758238,0.12849438250758238,1
n2.0_W4,2.0,30.0,1.0,4,-3.0533333333333332,0.8854356793668234,0.8854356793668234,1
n2.0_W4,2.0,30.0,1.0,4,-3.05,0.8040583544845501,0.8040583544845501,1
n2.0_W4,2.0,30.0,1.0,4,-3.046666666666667,0.8107333189807349,0.8107333189807349,1
n2.0_W4,2.0,30.0,1.0,4,-3.0433333333333334,0.8788262960938832,0.8788262960938832,1
n2.0_W4,2.0,30.0,1.0,4,-3.04,0.9942429508967157,0.9942429508967157,1
n2.0_W4,2.0,30.0,1.0,4,-3.0366666666666666,0.9612573301935738,0.9612573301935738,1
n2.0_W4,2.0,30.0,1.0,4,-3.033333333333333,0.961172216339337,0.961172216339337,1
n2.0_W4,2.0,30.0,1.0,4,-3.0300000000000002,0.02745445805538229,0.02745445805538229,1
n2.0_W4,2.0,30.0,1.0,4,-3.0266666666666664,0.29000879692664505,0.29000879692664505,1
n2.0_W4,2.0,30.0,1.0,4,-3.0233333333333334,0.5105138523098083,0.5105138523098083,1
n2.0_W4,2.0,30.0,1.0,4,-3.02,0.6018543078569009,0.6018543078569009,1
n2.0_W4,2.0,30.0,1.0,4,-3.0166666666666666,0.609192929576642,0.609192929576642,1
n2.0_W4,2.0,30.0,1.0,4,-3.013333333333333,0.3789814061364482,0.3789814061364482,1
n2.0_W4,2.0,30.0,1.0,4,-3.01,0.815220352439184,0.815220352439184,1
n2.0_W4,2.0,30.0,1.0,4,-3.006666666666667,0.99898095827776,0.99898095827776,1
n2.0_W4,2.0,30.0,1.0,4,-3.0033333333333334,0.9291843296587573,0.9291843296587573,1
n2.0_W4,2.0,30.0,1.0,4,-3.0,0.009726250644530842,0.009726250644530842,1
n4.0_W4,4.0,30.0,1.0,4,-3.8,0.0,0.0,0
n4.0_W4,4.0,30.0,1.0,4,-3.7966666666666664,0.0,0.0,0
n4.0_W4,4.0,30.0,1.0,4,-3.793333333333333,0.0,0.0,0
n4.0_W4,4.0,30.0,1.0,4,-3.79,0.0,0.0,0
n4.0_W4,4.0,30.0,1.0,4,-3.7866666666666666,0.0,0.0,0
n4.0_W4,4.0,30.0,1.0,4,-3.783333333333333,0.0,0.0,0
n4.0_W4,4.0,30.0,1.0,4,-3.78,0.0,0.0,0
n4.0_W4,4.0,30.0,1.0,4,-3.7766666666666664,0.0,0.0,0
n4.0_W4,4.0,30.0,1.0,4,-3.773333333333333,0.0,0.0,0
n4.0_W4,4.0,30.0,1.0,4,-3.77,0.0,0.0,0
n4.0_W4,4.0,30.0,1.0,4,-3.7666666666666666,0.0,0.0,0
n4.0_W4,4.0,30.0,1.0,4,-3.763333333333333,0.0,0.0,0
n4.0_W4,4.0,30.0,1.0,4,-3.76,0.0,0.0,0
n4.0_W4,4.0,30.0,1.0,4,-3.7566666666666664,0.0,0.0,0
n4.0_W4,4.0,30.0,1.0,4,-3.753333333333333,0.0,0.0,0
n4.0_W4,4.0,30.0,1.0,4,-3.75,0.0,0.0,0
n4.0_W4,4.0,30.0,1.0,4,-3.7466666666666666,0.0,0.0,0
n4.0_W4,4.0,30.0,1.0,4,-3.743333333333333,0.0,0.0,0
n4.0_W4,4.0,30.0,1.0,4,-3.7399999999999998,0.0,0.0,0
n4.0_W4,4.0,30.0,1.0,4,-3.7366666666666664,0.0,0.0,0
n4.0_W4,4.0,30.0,1.0,4,-3.7333333333333334,0.0,0.0,0
n4.0_W4,4.0,30.0,1.0,4,-3.73,0.0,0.0,0
n4.0_W4,4.0,30.0,1.0,4,-3.7266666666666666,0.0,0.0,0
n4.0_W4,4.0,30.0,1.0,4,-3.723333333333333,0.0,0.0,0
n4.0_W4,4.0,30.0,1.0,4,-3.7199999999999998,0.0,0.0,0
n4.0_W4,4.0,30.0,1.0,4,-3.7166666666666663,0.0,0.0,0
n4.0_W4,4.0,30.0,1.0,4,-3.7133333333333334,0.0,0.0,0
n4.0_W4,4.0,30.0,1.0,4,-3.71,0.0,0.0,0
n4.0_W4,4.0,30.0,1.0,4,-3.7066666666666666,0.0,0.0,0
n4.0_W4,4.0,30.0,1.0,4,-3.703333333333333,0.0,0.0,0
n4.0_W4,4.0,30.0,1.0,4,-3.6999999999999997,0.0,0.0,0
n4.0_W4,4.0,30.0,1.0,4,-3.6966666666666663,0.0,0.0,0
n4.0_W4,4.0,30.0,1.0,4,-3.6933333333333334,0.0,0.0,0
n4.0_W4,4.0,30.0,1.0,4,-3.69,0.0,0.0,0
n4.0_W4,4.0,30.0,1.0,4,-3.6866666666666665,0.0,0.0,0
n4.0_W4,4.0,30.0,1.0,4,-3.683333333333333,0.0,0.0,0
n4.0_W4,4.0,30.0,1.0,4,-3.6799999999999997,0.0,0.0,0
n4.0_W4,4.0,30.0,1.0,4,-3.6766666666666663,0.0,0.0,0
n4.0_W4,4.0,30.0,1.0,4,-3.6733333333333333,0.0,0.0,0
n4.0_W4,4.0,30.0,1.0,4,-3.67,0.0,0.0,0
n4.0_W4,4.0,30.0,1.0,4,-3.6666666666666665,0.0,0.0,0
n4.0_W4,4.0,30.0,1.0,4,-3.663333333333333,0.0,0.0,0
n4.0_W4,4.0,30.0,1.0,4,-3.6599999999999997,0.0,0.0,0
n4.0_W4,4.0,30.0,1.0,4,-3.6566666666666663,0.0,0.0,0
n4.0_W4,4.0,30.0,1.0,4,-3.6533333333333333,0.0,0.0,0
n4.0_W4,4.0,30.0,1.0,4,-3.65,0.0,0.0,0
n4.0_W4,4.0,30.0,1.0,4,-3.6466666666666665,0.0,0.0,0
n4.0_W4,4.0,30.0,1.0,4,-3.643333333333333,0.0,0.0,0
n4.0_W4,4.0,30.0,1.0,4,-3.6399999999999997,0.0,0.0,0
n4.0_W4,4.0,30.0,1.0,4,-3.6366666666666667,0.0,0.0,0
n4.0_W4,4.0,30.0,1.0,4,-3.6333333333333333,0.0,0.0,0
n4.0_W4,4.0,30.0,1.0,4,-3.63,0.0,0.0,0
n4.0_W4,4.0,30.0,1.0,4,-3.6266666666666665,0.0,0.0,0
n4.0_W4,4.0,30.0,1.0,4,-3.623333333333333,0.0,0.0,0
n4.0_W4,4.0,30.0,1.0,4,-3.6199999999999997,0.0,0.0,0
n4.0_W4,4.0,30.0,1.0,4,-3.6166666666666667,0.01857366087196528,0.01857366087196528,1
n4.0_W4,4.0,30.0,1.0,4,-3.6133333333333333,0.017815023563600416,0.017815023563600416,1
n4.0_W4,4.0,30.0,1.0,4,-3.61,0.03467876210643986,0.03467876210643986,1
n4.0_W4,4.0,30.0,1.0,4,-3.6066666666666665,0.00013008282224861537,0.00013008282224861537,1
n4.0_W4,4.0,30.0,1.0,4,-3.603333333333333,0.05574165056884268,0.05574165056884268,1
n4.0_W4,4.0,30.0,1.0,4,-3.5999999999999996,0.10790297511792936,0.10790297511792936,1
n4.0_W4,4.0,30.0,1.0,4,-3.5966666666666667,0.10928427695682044,0.10928427695682044,1
n4.0_W4,4.0,30.0,1.0,4,-3.5933333333333333,0.4298973344909332,0.4298973344909332,1
n4.0_W4,4.0,30.0,1.0,4,-3.59,0.8299927796225331,0.8299927796225331,1
n4.0_W4,4.0,30.0,1.0,4,-3.5866666666666664,0.921997913188416,0.921997913188416,1
n4.0_W4,4.0,30.0,1.0,4,-3.583333333333333,0.31320166807032696,0.31320166807032696,1
n4.0_W4,4.0,30.0,1.0,4,-3.58,0.15555681727055226,0.15555681727055226,1
n4.0_W4,4.0,30.0,1.0,4,-3.5766666666666667,0.34726352792302306,0.34726352792302306,1
n4.0_W4,4.0,30.0,1.0,4,-3.5733333333333333,0.429884300566992,0.429884300566992,1
n4.0_W4,4.0,30.0,1.0,4,-3.57,0.2632870162026849,0.2632870162026849,1
n4.0_W4,4.0,30.0,1.0,4,-3.5666666666666664,0.34634690173944854,0.34634690173944854,1
n4.0_W4,4.0,30.0,1.0,4,-3.563333333333333,0.17824880724127198,0.17824880724127198,1
n4.0_W4,4.0,30.0,1.0,4,-3.56,0.3156724942513301,0.3156724942513301,1
n4.0_W4,4.0,30.0,1.0,4,-3.5566666666666666,0.720642594333305,0.720642594333305,1
n4.0_W4,4.0,30.0,1.0,4,-3.5533333333333332,0.6672879670658062,0.6672879670658062,1
n4.0_W4,4.0,30.0,1.0,4,-3.55,0.7983183302173137,0.7983183302173137,1
n4.0_W4,4.0,30.0,1.0,4,-3.5466666666666664,0.9997050106274604,0.9997050106274604,1
n4.0_W4,4.0,30.0,1.0,4,-3.543333333333333,0.3288168107703003,0.3288168107703003,1
n4.0_W4,4.0,30.0,1.0,4,-3.54,0.002945198655433277,0.002945198655433277,1
n4.0_W4,4.0,30.0,1.0,4,-3.5366666666666666,0.11805989592477227,0.11805989592477227,1
n4.0_W4,4.0,30.0,1.0,4,-3.533333333333333,0.009423164339737883,0.009423164339737883,1
n4.0_W4,4.0,30.0,1.0,4,-3.53,0.9985374528388475,0.9985374528388475,1
n4.0_W4,4.0,30.0,1.0,4,-3.5266666666666664,0.013339768191683844,0.013339768191683844,1
n4.0_W4,4.0,30.0,1.0,4,-3.5233333333333334,0.22770835412902135,0.22770835412902135,1
n4.0_W4,4.0,30.0,1.0,4,-3.52,0.4590360670106774,0.4590360670106774,1
n4.0_W4,4.0,30.0,1.0,4,-3.5166666666666666,0.5021231289301394,0.5021231289301394,1
n4.0_W4,4.0,30.0,1.0,4,-3.513333333333333,0.0012594558849035504,0.0012594558849035504,1
n4.0_W4,4.0,30.0,1.0,4,-3.51,0.5637012330085296,0.5637012330085296,1
n4.0_W4,4.0,30.0,1.0,4,-3.5066666666666664,0.716752095166785,0.716752095166785,1
n4.0_W4,4.0,30.0,1.0,4,-3.503333333333333,0.9750710233245078,0.9750710233245078,1
n4.0_W4,4.0,30.0,1.0,4,-3.5,0.8209879691025671,0.8209879691025671,1
n4.0_W4,4.0,30.0,1.0,4,-3.4966666666666666,0.3647051278815676,0.3647051278815676,1
n4.0_W4,4.0,30.0,1.0,4,-3.493333333333333,0.00034401659300690134,0.00034401659300690134,1
n4.0_W4,4.0,30.0,1.0,4,-3.4899999999999998,0.00692448450739061,0.00692448450739061,1
n4.0_W4,4.0,30.0,1.0,4,-3.4866666666666664,0.29247411622521313,0.29247411622521313,1
n4.0_W4,4.0,30.0,1.0,4,-3.4833333333333334,0.2045284817412398,0.2045284817412398,1
n4.0_W4,4.0,30.0,1.0,4,-3.48,0.25683914381802053,0.25683914381802053,1
n4.0_W4,4.0,30.0,1.0,4,-3.4766666666666666,0.32937038618655784,0.32937038618655784,1
n4.0_W4,4.0,30.0,1.0,4,-3.473333333333333,0.4341777891141664,0.4341777891141664,1
n4.0_W4,4.0,30.0,1.0,4,-3.4699999999999998,0.43403722898537317,0.43403722898537317,1
n4.0_W4,4.0,30.0,1.0,4,-3.466666666666667,0.8672493358221555,0.8672493358221555,1
n4.0_W4,4.0,30.0,1.0,4,-3.4633333333333334,0.9985714764015814,0.9985714764015814,1
n4.0_W4,4.0,30.0,1.0,4,-3.46,0.8578460714882417,0.8578460714882417,1
n4.0_W4,4.0,30.0,1.0,4,-3.4566666666666666,0.29336884130627633,0.29336884130627633,1
n4.0_W4,4.0,30.0,1.0,4,-3.453333333333333,0.20627987012779114,0.20627987012779114,1
n4.0_W4,4.0,30.0,1.0,4,-3.4499999999999997,0.06427954230571449,0.06427954230571449,1
n4.0_W4,4.0,30.0,1.0,4,-3.4466666666666663,0.5558473974782323,0.5558473974782323,1
n4.0_W4,4.0,30.0,1.0,4,-3.4433333333333334,0.9992721235760316,0.9992721235760316,1
n4.0_W4,4.0,30.0,1.0,4,-3.44,0.926032812541274,0.926032812541274,1
n4.0_W4,4.0,30.0,1.0,4,-3.4366666666666665,0.895103543735288,0.895103543735288,1
n4.0_W4,4.0,30.0,1.0,4,-3.433333333333333,0.934830802940849,0.934830802940849,1
n4.0_W4,4.0,30.0,1.0,4,-3.4299999999999997,0.8833681822800203,0.8833681822800203,1
n4.0_W4,4.0,30.0,1.0,4,-3.4266666666666667,0.9541853480789213,0.9541853480789213,1
n4.0_W4,4.0,30.0,1.0,4,-3.4233333333333333,0.9963997366061244,0.9963997366061244,1
n4.0_W4,4.0,30.0,1.0,4,-3.42,0.9632392189191322,0.9632392189191322,1
n4.0_W4,4.0,30.0,1.0,4,-3.4166666666666665,0.9959883766068532,0.9959883766068532,1
n4.0_W4,4.0,30.0,1.0,4,-3.413333333333333,0.9959627234133672,0.9959627234133672,1
n4.0_W4,4.0,30.0,1.0,4,-3.41,0.886255198355882,0.886255198355882,1
n4.0_W4,4.0,30.0,1.0,4,-3.4066666666666667,0.12910222814902592,0.12910222814902592,1
n4.0_W4,4.0,30.0,1.0,4,-3.4033333333333333,0.43563116766188437,0.43563116766188437,1
n4.0_W4,4.0,30.0,1.0,4,-3.4,0.9522747557708571,0.9522747557708571,1
n4.0_W4,4.0,30.0,1.0,4,-3.3966666666666665,0.19528628144448107,0.19528628144448107,1
n4.0_W4,4.0,30.0,1.0,4,-3.393333333333333,0.30567265077386624,0.30567265077386624,1
n4.0_W4,4.0,30.0,1.0,4,-3.3899999999999997,0.017752826533629012,0.017752826533629012,1
n4.0_W4,4.0,30.0,1.0,4,-3.3866666666666667,0.42277997044302984,0.42277997044302984,1
n4.0_W4,4.0,30.0,1.0,4,-3.3833333333333333,0.39072872351215243,0.39072872351215243,1
n4.0_W4,4.0,30.0,1.0,4,-3.38,0.6159567241048544,0.6159567241048544,1
n4.0_W4,4.0,30.0,1.0,4,-3.3766666666666665,0.7704167135308686,0.7704167135308686,1
n4.0_W4,4.0,30.0,1.0,4,-3.373333333333333,0.9660703918508624,0.9660703918508624,1
n4.0_W4,4.0,30.0,1.0,4,-3.37,0.9183125389565076,0.9183125389565076,1
n4.0_W4,4.0,30.0,1.0,4,-3.3666666666666667,0.025383901214793406,0.025383901214793406,1
n4.0_W4,4.0,30.0,1.0,4,-3.3633333333333333,0.8319797551853488,0.8319797551853488,1
n4.0_W4,4.0,30.0,1.0,4,-3.36,0.9198614544682447,0.9198614544682447,1
n4.0_W4,4.0,30.0,1.0,4,-3.3566666666666665,0.6747863002221461,0.6747863002221461,1
n4.0_W4,4.0,30.0,1.0,4,-3.353333333333333,0.5646417655535885,0.5646417655535885,1
n4.0_W4,4.0,30.0,1.0,4,-3.35,0.2522617577438502,0.2522617577438502,1
n4.0_W4,4.0,30.0,1.0,4,-3.3466666666666667,0.461963836379525,0.461963836379525,1
n4.0_W4,4.0,30.0,1.0,4,-3.3433333333333333,0.01100631639621529,0.01100631639621529,1
n4.0_W4,4.0,30.0,1.0,4,-3.34,0.5683365765130943,0.5683365765130943,1
n4.0_W4,4.0,30.0,1.0,4,-3.3366666666666664,0.565440718100852,0.565440718100852,1
n4.0_W4,4.0,30.0,1.0,4,-3.333333333333333,0.06592742841259565,0.06592742841259565,1
n4.0_W4,4.0,30.0,1.0,4,-3.33,0.11834613552133821,0.11834613552133821,1
n4.0_W4,4.0,30.0,1.0,4,-3.3266666666666667,0.13428658379932087,0.13428658379932087,1
n4.0_W4,4.0,30.0,1.0,4,-3.3233333333333333,0.1855427895629018,0.1855427895629018,1
n4.0_W4,4.0,30.0,1.0,4,-3.32,0.03649664876013004,0.03649664876013004,1
n4.0_W4,4.0,30.0,1.0,4,-3.3166666666666664,0.014953247049122615,0.014953247049122615,1
n4.0_W4,4.0,30.0,1.0,4,-3.3133333333333335,0.005116740453657664,0.005116740453657664,1
n4.0_W4,4.0,30.0,1.0,4,-3.31,0.03940975263681743,0.03940975263681743,1
n4.0_W4,4.0,30.0,1.0,4,-3.3066666666666666,0.18725156958323808,0.18725156958323808,1
n4.0_W4,4.0,30.0,1.0,4,-3.3033333333333332,0.360476100225843,0.360476100225843,1
n4.0_W4,4.0,30.0,1.0,4,-3.3,0.23532624502144225,0.23532624502144225,1
n4.0_W4,4.0,30.0,1.0,4,-3.296666666666667,0.7540896130634073,0.7540896130634073,1
n4.0_W4,4.0,30.0,1.0,4,-3.293333333333333,0.9999156566393258,0.9999156566393258,1
n4.0_W4,4.0,30.0,1.0,4,-3.29,0.9055490605015012,0.9055490605015012,1
n4.0_W4,4.0,30.0,1.0,4,-3.2866666666666666,0.11931170587297456,0.11931170587297456,1
n4.0_W4,4.0,30.0,1.0,4,-3.283333333333333,0.0064922189928098,0.0064922189928098,1
n4.0_W4,4.0,30.0,1.0,4,-3.28,0.08885607741375476,0.08885607741375476,1
n4.0_W4,4.0,30.0,1.0,4,-3.2766666666666664,0.3423218701022028,0.3423218701022028,1
n4.0_W4,4.0,30.0,1.0,4,-3.2733333333333334,0.30047313712233076,0.30047313712233076,1
n4.0_W4,4.0,30.0,1.0,4,-3.27,0.014527054711121775,0.014527054711121775,1
n4.0_W4,4.0,30.0,1.0,4,-3.2666666666666666,0.573828732052297,0.573828732052297,1
n4.0_W4,4.0,30.0,1.0,4,-3.263333333333333,0.9933415922901865,0.9933415922901865,1
n4.0_W4,4.0,30.0,1.0,4,-3.26,0.9916688814718413,0.9916688814718413,1
n4.0_W4,4.0,30.0,1.0,4,-3.256666666666667,0.8838752331749473,0.8838752331749473,1
n4.0_W4,4.0,30.0,1.0,4,-3.2533333333333334,0.8336723542020795,0.8336723542020795,1
n4.0_W4,4.0,30.0,1.0,4,-3.25,0.8795139009908516,0.8795139009908516,1
n4.0_W4,4.0,30.0,1.0,4,-3.2466666666666666,0.5325726911070725,0.5325726911070725,1
n4.0_W4,4.0,30.0,1.0,4,-3.243333333333333,0.6632449273859568,0.6632449273859568,1
n4.0_W4,4.0,30.0,1.0,4,-3.2399999999999998,0.7924205062481683,0.7924205062481683,1
n4.0_W4,4.0,30.0,1.0,4,-3.2366666666666664,0.9407438024525182,0.9407438024525182,1
n4.0_W4,4.0,30.0,1.0,4,-3.2333333333333334,0.8505262467910742,0.8505262467910742,1
n4.0_W4,4.0,30.0,1.0,4,-3.23,0.1170599020371854,0.1170599020371854,1
n4.0_W4,4.0,30.0,1.0,4,-3.2266666666666666,0.1806046471697573,0.1806046471697573,1
n4.0_W4,4.0,30.0,1.0,4,-3.223333333333333,0.976990002446473,0.976990002446473,1
n4.0_W4,4.0,30.0,1.0,4,-3.2199999999999998,0.3934234186280148,0.3934234186280148,1
n4.0_W4,4.0,30.0,1.0,4,-3.216666666666667,0.0017853509050638052,0.0017853509050638052,1
n4.0_W4,4.0,30.0,1.0,4,-3.2133333333333334,0.6861139461231898,0.6861139461231898,1
n4.0_W4,4.0,30.0,1.0,4,-3.21,0.9773407403644755,0.9773407403644755,1
n4.0_W4,4.0,30.0,1.0,4,-3.2066666666666666,0.9607223306967635,0.9607223306967635,1
n4.0_W4,4.0,30.0,1.0,4,-3.203333333333333,0.49608772858497774,0.49608772858497774,1
n4.0_W4,4.0,30.0,1.0,4,-3.2,0.17327067111913175,0.17327067111913175,1
n4.0_W4,4.0,30.0,1.0,4,-3.1966666666666668,0.3824327433213088,0.3824327433213088,1
n4.0_W4,4.0,30.0,1.0,4,-3.1933333333333334,0.5677272096694246,0.5677272096694246,1
n4.0_W4,4.0,30.0,1.0,4,-3.19,0.6603727639071639,0.6603727639071639,1
n4.0_W4,4.0,30.0,1.0,4,-3.1866666666666665,0.6728830342760206,0.6728830342760206,1
n4.0_W4,4.0,30.0,1.0,4,-3.183333333333333,0.44214351743081376,0.44214351743081376,1
n4.0_W4,4.0,30.0,1.0,4,-3.1799999999999997,0.6465491191213087,0.6465491191213087,1
n4.0_W4,4.0,30.0,1.0,4,-3.1766666666666667,0.3730170469092024,0.3730170469092024,1
n4.0_W4,4.0,30.0,1.0,4,-3.1733333333333333,0.0803452822013862,0.0803452822013862,1
n4.0_W4,4.0,30.0,1.0,4,-3.17,0.847495174382962,0.847495174382962,1
n4.0_W4,4.0,30.0,1.0,4,-3.1666666666666665,0.07661293210794722,0.07661293210794722,1
n4.0_W4,4.0,30.0,1.0,4,-3.163333333333333,0.14751554160023775,0.14751554160023775,1
n4.0_W4,4.0,30.0,1.0,4,-3.16,0.21398482677749806,0.21398482677749806,1
n4.0_W4,4.0,30.0,1.0,4,-3.1566666666666667,0.5246924944223229,0.5246924944223229,1
n4.0_W4,4.0,30.0,1.0,4,-3.1533333333333333,0.2775957598542011,0.2775957598542011,1
n4.0_W4,4.0,30.0,1.0,4,-3.15,0.24311690348181028,0.24311690348181028,1
n4.0_W4,4.0,30.0,1.0,4,-3.1466666666666665,0.2504026089803625,0.2504026089803625,1
n4.0_W4,4.0,30.0,1.0,4,-3.1433333333333335,0.8544695559415946,0.8544695559415946,1
n4.0_W4,4.0,30.0,1.0,4,-3.1399999999999997,0.4032606712098653,0.4032606712098653,1
n4.0_W4,4.0,30.0,1.0,4,-3.1366666666666667,0.06716871900961484,0.06716871900961484,1
n4.0_W4,4.0,30.0,1.0,4,-3.1333333333333333,0.009001002764030899,0.009001002764030899,1
n4.0_W4,4.0,30.0,1.0,4,-3.13,0.18224266823475507,0.18224266823475507,1
n4.0_W4,4.0,30.0,1.0,4,-3.1266666666666665,0.5626620933499038,0.5626620933499038,1
n4.0_W4,4.0,30.0,1.0,4,-3.123333333333333,0.24912619102668518,0.24912619102668518,1
n4.0_W4,4.0,30.0,1.0,4,-3.12,0.005320295218235762,0.005320295218235762,1
n4.0_W4,4.0,30.0,1.0,4,-3.1166666666666667,0.00036095330483526777,0.00036095330483526777,1
n4.0_W4,4.0,30.0,1.0,4,-3.1133333333333333,0.04962251313711361,0.04962251313711361,1
n4.0_W4,4.0,30.0,1.0,4,-3.11,0.05826806868543788,0.05826806868543788,1
n4.0_W4,4.0,30.0,1.0,4,-3.1066666666666665,0.1330080750476157,0.1330080750476157,1
n4.0_W4,4.0,30.0,1.0,4,-3.1033333333333335,0.003028172985392619,0.003028172985392619,1
n4.0_W4,4.0,30.0,1.0,4,-3.1,0.27132439911712775,0.27132439911712775,1
n4.0_W4,4.0,30.0,1.0,4,-3.0966666666666667,0.21221795914931602,0.21221795914931602,1
n4.0_W4,4.0,30.0,1.0,4,-3.0933333333333333,0.0018486068044667678,0.0018486068044667678,1
n4.0_W4,4.0,30.0,1.0,4,-3.09,0.967862199012962,0.967862199012962,1
n4.0_W4,4.0,30.0,1.0,4,-3.086666666666667,0.9296372906667417,0.9296372906667417,1
n4.0_W4,4.0,30.0,1.0,4,-3.083333333333333,0.8810217707484006,0.8810217707484006,1
n4.0_W4,4.0,30.0,1.0,4,-3.08,0.9740499456411186,0.9740499456411186,1
n4.0_W4,4.0,30.0,1.0,4,-3.0766666666666667,0.5894169733871201,0.5894169733871201,1
n4.0_W4,4.0,30.0,1.0,4,-3.0733333333333333,0.09068274024922544,0.09068274024922544,1
n4.0_W4,4.0,30.0,1.0,4,-3.07,0.30413999331007224,0.30413999331007224,1
n4.0_W4,4.0,30.0,1.0,4,-3.0666666666666664,0.4152773109272488,0.4152773109272488,1
n4.0_W4,4.0,30.0,1.0,4,-3.0633333333333335,0.4530212927137053,0.4530212927137053,1
n4.0_W4,4.0,30.0,1.0,4,-3.06,0.7322362223267344,0.7322362223267344,1
n4.0_W4,4.0,30.0,1.0,4,-3.0566666666666666,0.7302804685456858,0.7302804685456858,1
n4.0_W4,4.0,30.0,1.0,4,-3.0533333333333332,0.15909569958890318,0.15909569958890318,1
n4.0_W4,4.0,30.0,1.0,4,-3.05,0.10376121888193993,0.10376121888193993,1
n4.0_W4,4.0,30.0,1.0,4,-3.046666666666667,0.9423196049442875,0.9423196049442875,1
n4.0_W4,4.0,30.0,1.0,4,-3.0433333333333334,0.5652444673985338,0.5652444673985338,1
n4.0_W4,4.0,30.0,1.0,4,-3.04,0.9596244789829316,0.9596244789829316,1
n4.0_W4,4.0,30.0,1.0,4,-3.0366666666666666,0.04114148504509924,0.04114148504509924,1
n4.0_W4,4.0,30.0,1.0,4,-3.033333333333333,0.9607174696191509,0.9607174696191509,1
n4.0_W4,4.0,30.0,1.0,4,-3.0300000000000002,0.9971494502051531,0.9971494502051531,1
n4.0_W4,4.0,30.0,1.0,4,-3.0266666666666664,0.4267138782306519,0.4267138782306519,1
n4.0_W4,4.0,30.0,1.0,4,-3.0233333333333334,0.3691109438484025,0.3691109438484025,1
n4.0_W4,4.0,30.0,1.0,4,-3.02,0.4661975472612838,0.4661975472612838,1
n4.0_W4,4.0,30.0,1.0,4,-3.0166666666666666,0.5870104735390231,0.5870104735390231,1
n4.0_W4,4.0,30.0,1.0,4,-3.013333333333333,0.7510940917473766,0.7510940917473766,1
n4.0_W4,4.0,30.0,1.0,4,-3.01,0.49174495140747515,0.49174495140747515,1
n4.0_W4,4.0,30.0,1.0,4,-3.006666666666667,0.4068746916533957,0.4068746916533957,1
n4.0_W4,4.0,30.0,1.0,4,-3.0033333333333334,0.0468893258673938,0.0468893258673938,1
n4.0_W4,4.0,30.0,1.0,4,-3.0,0.1718501256463626,0.1718501256463626,1
n1.2_W10,1.2,30.0,1.0,10,-3.8,0.9253193940697197,0.9253193940697197,1
n1.2_W10,1.2,30.0,1.0,10,-3.7966666666666664,0.5923723637783831,0.5923723637783831,1
n1.2_W10,1.2,30.0,1.0,10,-3.793333333333333,0.29246097145899774,0.29246097145899774,1
n1.2_W10,1.2,30.0,1.0,10,-3.79,0.218319118259762,0.218319118259762,1
n1.2_W10,1.2,30.0,1.0,10,-3.7866666666666666,0.2391534506401438,0.2391534506401438,1
n1.2_W10,1.2,30.0,1.0,10,-3.783333333333333,0.3942027293588767,0.3942027293588767,1
n1.2_W10,1.2,30.0,1.0,10,-3.78,0.8941513142681461,0.8941513142681461,1
n1.2_W10,1.2,30.0,1.0,10,-3.7766666666666664,0.027262471166678893,0.027262471166678893,1
n1.2_W10,1.2,30.0,1.0,10,-3.773333333333333,0.001919723287017646,0.001919723287017646,1
n1.2_W10,1.2,30.0,1.0,10,-3.77,0.018330841400831417,0.018330841400831417,1
n1.2_W10,1.2,30.0,1.0,10,-3.7666666666666666,0.02736685979460694,0.02736685979460694,1
n1.2_W10,1.2,30.0,1.0,10,-3.763333333333333,0.9434981153110616,0.9434981153110616,1
n1.2_W10,1.2,30.0,1.0,10,-3.76,0.43318621844356847,0.43318621844356847,1
n1.2_W10,1.2,30.0,1.0,10,-3.7566666666666664,0.1604158979185161,0.1604158979185161,1
n1.2_W10,1.2,30.0,1.0,10,-3.753333333333333,0.07119685335652057,0.07119685335652057,1
n1.2_W10,1.2,30.0,1.0,10,-3.75,0.031154642203414795,0.031154642203414795,1
n1.2_W10,1.2,30.0,1.0,10,-3.7466666666666666,0.0065515945610311425,0.0065515945610311425,1
n1.2_W10,1.2,30.0,1.0,10,-3.743333333333333,0.009994976081450694,0.009994976081450694,1
n1.2_W10,1.2,30.0,1.0,10,-3.7399999999999998,0.39447344808862356,0.39447344808862356,1
n1.2_W10,1.2,30.0,1.0,10,-3.7366666666666664,0.9041812973853285,0.9041812973853285,1
n1.2_W10,1.2,30.0,1.0,10,-3.7333333333333334,0.003897959904946636,0.003897959904946636,1
n1.2_W10,1.2,30.0,1.0,10,-3.73,0.1229813611499958,0.1229813611499958,1
n1.2_W10,1.2,30.0,1.0,10,-3.7266666666666666,0.20438430166917995,0.20438430166917995,1
n1.2_W10,1.2,30.0,1.0,10,-3.723333333333333,0.3629895681910801,0.3629895681910801,1
n1.2_W10,1.2,30.0,1.0,10,-3.7199999999999998,0.23646326317417724,0.23646326317417724,1
n1.2_W10,1.2,30.0,1.0,10,-3.7166666666666663,0.5867190029485891,0.5867190029485891,1
n1.2_W10,1.2,30.0,1.0,10,-3.7133333333333334,0.92076235922791,0.92076235922791,1
n1.2_W10,1.2,30.0,1.0,10,-3.71,0.9714951775484183,0.9714951775484183,1
n1.2_W10,1.2,30.0,1.0,10,-3.7066666666666666,0.783099971417454,0.783099971417454,1
n1.2_W10,1.2,30.0,1.0,10,-3.703333333333333,0.716388400212819,0.716388400212819,1
n1.2_W10,1.2,30.0,1.0,10,-3.6999999999999997,0.411763832566513,0.411763832566513,1
n1.2_W10,1.2,30.0,1.0,10,-3.6966666666666663,0.10095762762442077,0.10095762762442077,1
n1.2_W10,1.2,30.0,1.0,10,-3.6933333333333334,0.18786383469582618,0.18786383469582618,1
n1.2_W10,1.2,30.0,1.0,10,-3.69,0.3868573739684893,0.3868573739684893,1
n1.2_W10,1.2,30.0,1.0,10,-3.6866666666666665,0.8593772452477875,0.8593772452477875,1
n1.2_W10,1.2,30.0,1.0,10,-3.683333333333333,0.12573603172255612,0.12573603172255612,1
n1.2_W10,1.2,30.0,1.0,10,-3.6799999999999997,0.16631783855190388,0.16631783855190388,2
n1.2_W10,1.2,30.0,1.0,10,-3.6766666666666663,0.6843698844461256,0.6843698844461256,2
n1.2_W10,1.2,30.0,1.0,10,-3.6733333333333333,0.9939534064704809,0.9939534064704809,2
n1.2_W10,1.2,30.0,1.0,10,-3.67,0.9441791405145951,0.9441791405145951,2
n1.2_W10,1.2,30.0,1.0,10,-3.6666666666666665,0.9928083446117653,0.9928083446117653,2
n1.2_W10,1.2,30.0,1.0,10,-3.663333333333333,0.9261517025425855,0.9261517025425855,2
n1.2_W10,1.2,30.0,1.0,10,-3.6599999999999997,0.5794885212071326,0.5794885212071326,2
n1.2_W10,1.2,30.0,1.0,10,-3.6566666666666663,0.23784182878855803,0.23784182878855803,2
n1.2_W10,1.2,30.0,1.0,10,-3.6533333333333333,0.044642533012450435,0.044642533012450435,2
n1.2_W10,1.2,30.0,1.0,10,-3.65,0.5763036865584941,0.5763036865584941,2
n1.2_W10,1.2,30.0,1.0,10,-3.6466666666666665,0.0148704628079584,0.0148704628079584,2
n1.2_W10,1.2,30.0,1.0,10,-3.643333333333333,0.2693804661959463,0.2693804661959463,2
n1.2_W10,1.2,30.0,1.0,10,-3.6399999999999997,0.7013321855235118,0.7013321855235118,2
n1.2_W10,1.2,30.0,1.0,10,-3.6366666666666667,0.5666940023435536,0.5666940023435536,2
n1.2_W10,1.2,30.0,1.0,10,-3.6333333333333333,0.3181518932886791,0.3181518932886791,2
n1.2_W10,1.2,30.0,1.0,10,-3.63,0.6967156636092919,0.6967156636092919,2
n1.2_W10,1.2,30.0,1.0,10,-3.6266666666666665,0.01584472080607168,0.01584472080607168,2
n1.2_W10,1.2,30.0,1.0,10,-3.623333333333333,0.2439974388009292,0.2439974388009292,2
n1.2_W10,1.2,30.0,1.0,10,-3.6199999999999997,0.3741128557224546,0.3741128557224546,2
n1.2_W10,1.2,30.0,1.0,10,-3.6166666666666667,0.49069822886014125,0.49069822886014125,2
n1.2_W10,1.2,30.0,1.0,10,-3.6133333333333333,0.630848550981723,0.630848550981723,2
n1.2_W10,1.2,30.0,1.0,10,-3.61,0.7893662064089333,0.7893662064089333,2
n1.2_W10,1.2,30.0,1.0,10,-3.6066666666666665,0.9159303113507813,0.9159303113507813,2
n1.2_W10,1.2,30.0,1.0,10,-3.603333333333333,0.9447680637679394,0.9447680637679394,2
n1.2_W10,1.2,30.0,1.0,10,-3.5999999999999996,0.4731658295418621,0.4731658295418621,2
n1.2_W10,1.2,30.0,1.0,10,-3.5966666666666667,0.007636913406258546,0.007636913406258546,2
n1.2_W10,1.2,30.0,1.0,10,-3.5933333333333333,0.061869453906165106,0.061869453906165106,2
n1.2_W10,1.2,30.0,1.0,10,-3.59,0.07308616899420513,0.07308616899420513,2
n1.2_W10,1.2,30.0,1.0,10,-3.5866666666666664,0.1083763682421859,0.1083763682421859,2
n1.2_W10,1.2,30.0,1.0,10,-3.583333333333333,0.578899278857446,0.578899278857446,2
n1.2_W10,1.2,30.0,1.0,10,-3.58,0.7533085298233018,0.7533085298233018,2
n1.2_W10,1.2,30.0,1.0,10,-3.5766666666666667,0.7019412030836287,0.7019412030836287,2
n1.2_W10,1.2,30.0,1.0,10,-3.5733333333333333,0.8928775239688169,0.8928775239688169,2
n1.2_W10,1.2,30.0,1.0,10,-3.57,0.9874096806265167,0.9874096806265167,2
n1.2_W10,1.2,30.0,1.0,10,-3.5666666666666664,0.9949782127279192,0.9949782127279192,2
n1.2_W10,1.2,30.0,1.0,10,-3.563333333333333,0.9784164578395173,0.9784164578395173,2
n1.2_W10,1.2,30.0,1.0,10,-3.56,0.9850813520784216,0.9850813520784216,2
n1.2_W10,1.2,30.0,1.0,10,-3.5566666666666666,1.0000561880266647,1.0000561880266647,2
n1.2_W10,1.2,30.0,1.0,10,-3.5533333333333332,0.9386432345365924,0.9386432345365924,2
n1.2_W10,1.2,30.0,1.0,10,-3.55,0.6289256886217744,0.6289256886217744,2
n1.2_W10,1.2,30.0,1.0,10,-3.5466666666666664,0.9537390478492471,0.9537390478492471,2
n1.2_W10,1.2,30.0,1.0,10,-3.543333333333333,0.20042544112275396,0.20042544112275396,2
n1.2_W10,1.2,30.0,1.0,10,-3.54,0.018320620207977218,0.018320620207977218,2
n1.2_W10,1.2,30.0,1.0,10,-3.5366666666666666,0.019095078457767888,0.019095078457767888,2
n1.2_W10,1.2,30.0,1.0,10,-3.533333333333333,0.1316063395818703,0.1316063395818703,2
n1.2_W10,1.2,30.0,1.0,10,-3.53,0.3169710504130539,0.3169710504130539,2
n1.2_W10,1.2,30.0,1.0,10,-3.5266666666666664,0.4848885272028805,0.4848885272028805,2
n1.2_W10,1.2,30.0,1.0,10,-3.5233333333333334,0.8819660857141453,0.8819660857141453,2
n1.2_W10,1.2,30.0,1.0,10,-3.52,0.6004389039295247,0.6004389039295247,2
n1.2_W10,1.2,30.0,1.0,10,-3.5166666666666666,0.02655468722600121,0.02655468722600121,2
n1.2_W10,1.2,30.0,1.0,10,-3.513333333333333,0.15481426827183442,0.15481426827183442,2
n1.2_W10,1.2,30.0,1.0,10,-3.51,0.2845962250091732,0.2845962250091732,2
n1.2_W10,1.2,30.0,1.0,10,-3.5066666666666664,0.329325288622212,0.329325288622212,2
n1.2_W10,1.2,30.0,1.0,10,-3.503333333333333,0.3416938971705765,0.3416938971705765,2
n1.2_W10,1.2,30.0,1.0,10,-3.5,0.3345933512465928,0.3345933512465928,2
n1.2_W10,1.2,30.0,1.0,10,-3.4966666666666666,0.29681330935173816,0.29681330935173816,2
n1.2_W10,1.2,30.0,1.0,10,-3.493333333333333,0.194362926429281,0.194362926429281,2
n1.2_W10,1.2,30.0,1.0,10,-3.4899999999999998,0.08026444644925476,0.08026444644925476,2
n1.2_W10,1.2,30.0,1.0,10,-3.4866666666666664,0.029347200562634197,0.029347200562634197,2
n1.2_W10,1.2,30.0,1.0,10,-3.4833333333333334,0.07924365714989996,0.07924365714989996,2
n1.2_W10,1.2,30.0,1.0,10,-3.48,0.05904983106942375,0.05904983106942375,2
n1.2_W10,1.2,30.0,1.0,10,-3.4766666666666666,0.020642498210848386,0.020642498210848386,2
n1.2_W10,1.2,30.0,1.0,10,-3.473333333333333,0.0015806957697702205,0.0015806957697702205,2
n1.2_W10,1.2,30.0,1.0,10,-3.4699999999999998,0.0016462483165648068,0.0016462483165648068,2
n1.2_W10,1.2,30.0,1.0,10,-3.466666666666667,0.001838193371323204,0.001838193371323204,2
n1.2_W10,1.2,30.0,1.0,10,-3.4633333333333334,0.10446151430990466,0.10446151430990466,2
n1.2_W10,1.2,30.0,1.0,10,-3.46,1.002884642046436,1.002884642046436,2
n1.2_W10,1.2,30.0,1.0,10,-3.4566666666666666,0.9298798100243527,0.9298798100243527,2
n1.2_W10,1.2,30.0,1.0,10,-3.453333333333333,0.9514646092613323,0.9514646092613323,2
n1.2_W10,1.2,30.0,1.0,10,-3.4499999999999997,0.9862913528691571,0.9862913528691571,2
n1.2_W10,1.2,30.0,1.0,10,-3.4466666666666663,1.0549644191278011,1.0549644191278011,2
n1.2_W10,1.2,30.0,1.0,10,-3.4433333333333334,1.0014267911477097,1.0014267911477097,2
n1.2_W10,1.2,30.0,1.0,10,-3.44,0.9960863020963041,0.9960863020963041,2
n1.2_W10,1.2,30.0,1.0,10,-3.4366666666666665,1.0011769448853711,1.0011769448853711,2
n1.2_W10,1.2,30.0,1.0,10,-3.433333333333333,0.23444866110334167,0.23444866110334167,2
n1.2_W10,1.2,30.0,1.0,10,-3.4299999999999997,1.038519959728889,1.038519959728889,2
n1.2_W10,1.2,30.0,1.0,10,-3.4266666666666667,1.0000347494068347,1.0000347494068347,2
n1.2_W10,1.2,30.0,1.0,10,-3.4233333333333333,0.9116458245089998,0.9116458245089998,2
n1.2_W10,1.2,30.0,1.0,10,-3.42,0.6152636543615347,0.6152636543615347,2
n1.2_W10,1.2,30.0,1.0,10,-3.4166666666666665,0.23649426647757701,0.23649426647757701,2
n1.2_W10,1.2,30.0,1.0,10,-3.413333333333333,0.11973720586586627,0.11973720586586627,2
n1.2_W10,1.2,30.0,1.0,10,-3.41,0.007293691912554663,0.007293691912554663,2
n1.2_W10,1.2,30.0,1.0,10,-3.4066666666666667,0.005505498323017133,0.005505498323017133,2
n1.2_W10,1.2,30.0,1.0,10,-3.4033333333333333,0.2113898854238307,0.2113898854238307,2
n1.2_W10,1.2,30.0,1.0,10,-3.4,0.889870023110525,0.889870023110525,2
n1.2_W10,1.2,30.0,1.0,10,-3.3966666666666665,0.2629018267934435,0.2629018267934435,2
n1.2_W10,1.2,30.0,1.0,10,-3.393333333333333,0.18304812831823208,0.18304812831823208,2
n1.2_W10,1.2,30.0,1.0,10,-3.3899999999999997,0.42638156492764473,0.42638156492764473,2
n1.2_W10,1.2,30.0,1.0,10,-3.3866666666666667,0.13523114972631142,0.13523114972631142,2
n1.2_W10,1.2,30.0,1.0,10,-3.3833333333333333,0.21856411695693218,0.21856411695693218,2
n1.2_W10,1.2,30.0,1.0,10,-3.38,0.2096514199398219,0.2096514199398219,2
n1.2_W10,1.2,30.0,1.0,10,-3.3766666666666665,0.1639196528591577,0.1639196528591577,2
n1.2_W10,1.2,30.0,1.0,10,-3.373333333333333,0.10041250889912876,0.10041250889912876,2
n1.2_W10,1.2,30.0,1.0,10,-3.37,0.03517887080836988,0.03517887080836988,2
n1.2_W10,1.2,30.0,1.0,10,-3.3666666666666667,0.01006124356789694,0.01006124356789694,2
n1.2_W10,1.2,30.0,1.0,10,-3.3633333333333333,1.0925109840940075,1.0925109840940075,2
n1.2_W10,1.2,30.0,1.0,10,-3.36,0.03609961463397623,0.03609961463397623,2
n1.2_W10,1.2,30.0,1.0,10,-3.3566666666666665,0.022210187002311525,0.022210187002311525,2
n1.2_W10,1.2,30.0,1.0,10,-3.353333333333333,0.006059445435761225,0.006059445435761225,2
n1.2_W10,1.2,30.0,1.0,10,-3.35,0.07251476333129386,0.07251476333129386,2
n1.2_W10,1.2,30.0,1.0,10,-3.3466666666666667,0.18863186268099827,0.18863186268099827,2
n1.2_W10,1.2,30.0,1.0,10,-3.3433333333333333,0.3130493303278242,0.3130493303278242,2
n1.2_W10,1.2,30.0,1.0,10,-3.34,0.4318242800550523,0.4318242800550523,2
n1.2_W10,1.2,30.0,1.0,10,-3.3366666666666664,0.5546503433688443,0.5546503433688443,2
n1.2_W10,1.2,30.0,1.0,10,-3.333333333333333,0.7860892087042645,0.7860892087042645,2
n1.2_W10,1.2,30.0,1.0,10,-3.33,0.01807296265063733,0.01807296265063733,2
n1.2_W10,1.2,30.0,1.0,10,-3.3266666666666667,0.9787747771995938,0.9787747771995938,2
n1.2_W10,1.2,30.0,1.0,10,-3.3233333333333333,0.9564285583577778,0.9564285583577778,2
n1.2_W10,1.2,30.0,1.0,10,-3.32,0.9609155952743558,0.9609155952743558,2
n1.2_W10,1.2,30.0,1.0,10,-3.3166666666666664,0.9760186580404201,0.9760186580404201,2
n1.2_W10,1.2,30.0,1.0,10,-3.3133333333333335,0.988298742079802,0.988298742079802,2
n1.2_W10,1.2,30.0,1.0,10,-3.31,1.618313982775399,1.618313982775399,2
n1.2_W10,1.2,30.0,1.0,10,-3.3066666666666666,0.8367467731508802,0.8367467731508802,3
n1.2_W10,1.2,30.0,1.0,10,-3.3033333333333332,0.830646168180088,0.830646168180088,3
n1.2_W10,1.2,30.0,1.0,10,-3.3,0.9914027045487736,0.9914027045487736,3
n1.2_W10,1.2,30.0,1.0,10,-3.296666666666667,0.9697674028783845,0.9697674028783845,3
n1.2_W10,1.2,30.0,1.0,10,-3.293333333333333,0.9834604659251038,0.9834604659251038,3
n1.2_W10,1.2,30.0,1.0,10,-3.29,1.0041363042036882,1.0041363042036882,3
n1.2_W10,1.2,30.0,1.0,10,-3.2866666666666666,0.9992632212034878,0.9992632212034878,3
n1.2_W10,1.2,30.0,1.0,10,-3.283333333333333,1.00026903528048,1.00026903528048,3
n1.2_W10,1.2,30.0,1.0,10,-3.28,0.9894488633792782,0.9894488633792782,3
n1.2_W10,1.2,30.0,1.0,10,-3.2766666666666664,0.8285194738206895,0.8285194738206895,3
n1.2_W10,1.2,30.0,1.0,10,-3.2733333333333334,0.6841243232447123,0.6841243232447123,3
n1.2_W10,1.2,30.0,1.0,10,-3.27,0.6334490625326578,0.6334490625326578,3
n1.2_W10,1.2,30.0,1.0,10,-3.2666666666666666,0.8053760754917858,0.8053760754917858,3
n1.2_W10,1.2,30.0,1.0,10,-3.263333333333333,1.0041801461143878,1.0041801461143878,3
n1.2_W10,1.2,30.0,1.0,10,-3.26,0.8343267677096924,0.8343267677096924,3
n1.2_W10,1.2,30.0,1.0,10,-3.256666666666667,0.21778916491214664,0.21778916491214664,3
n1.2_W10,1.2,30.0,1.0,10,-3.2533333333333334,0.12649794769597225,0.12649794769597225,3
n1.2_W10,1.2,30.0,1.0,10,-3.25,0.11439876354539696,0.11439876354539696,3
n1.2_W10,1.2,30.0,1.0,10,-3.2466666666666666,0.055919161234514674,0.055919161234514674,3
n1.2_W10,1.2,30.0,1.0,10,-3.243333333333333,0.010545470975950115,0.010545470975950115,3
n1.2_W10,1.2,30.0,1.0,10,-3.2399999999999998,0.0349233675237197,0.0349233675237197,3
n1.2_W10,1.2,30.0,1.0,10,-3.2366666666666664,0.16216421213221952,0.16216421213221952,3
n1.2_W10,1.2,30.0,1.0,10,-3.2333333333333334,0.38879081742532134,0.38879081742532134,3
n1.2_W10,1.2,30.0,1.0,10,-3.23,0.7046232064011215,0.7046232064011215,3
n1.2_W10,1.2,30.0,1.0,10,-3.2266666666666666,1.2846299464428999,1.2846299464428999,3
n1.2_W10,1.2,30.0,1.0,10,-3.223333333333333,1.6918349999453737,1.6918349999453737,3
n1.2_W10,1.2,30.0,1.0,10,-3.2199999999999998,0.17250118512759155,0.17250118512759155,3
n1.2_W10,1.2,30.0,1.0,10,-3.216666666666667,0.11130341398108808,0.11130341398108808,3
n1.2_W10,1.2,30.0,1.0,10,-3.2133333333333334,0.9190914535592749,0.9190914535592749,3
n1.2_W10,1.2,30.0,1.0,10,-3.21,1.0179679834351911,1.0179679834351911,3
n1.2_W10,1.2,30.0,1.0,10,-3.2066666666666666,1.0064437875086567,1.0064437875086567,3
n1.2_W10,1.2,30.0,1.0,10,-3.203333333333333,1.00822083338448,1.00822083338448,3
n1.2_W10,1.2,30.0,1.0,10,-3.2,1.0346835265116288,1.0346835265116288,3
n1.2_W10,1.2,30.0,1.0,10,-3.1966666666666668,1.4120737740513867,1.4120737740513867,3
n1.2_W10,1.2,30.0,1.0,10,-3.1933333333333334,0.5394855176400714,0.5394855176400714,3
n1.2_W10,1.2,30.0,1.0,10,-3.19,0.27416627120705234,0.27416627120705234,3
n1.2_W10,1.2,30.0,1.0,10,-3.1866666666666665,0.08322832261236512,0.08322832261236512,3
n1.2_W10,1.2,30.0,1.0,10,-3.183333333333333,1.007950413369708,1.007950413369708,3
n1.2_W10,1.2,30.0,1.0,10,-3.1799999999999997,0.6501487353183943,0.6501487353183943,3
n1.2_W10,1.2,30.0,1.0,10,-3.1766666666666667,0.8917533300906122,0.8917533300906122,3
n1.2_W10,1.2,30.0,1.0,10,-3.1733333333333333,0.8984557284690181,0.8984557284690181,3
n1.2_W10,1.2,30.0,1.0,10,-3.17,0.8710561821136904,0.8710561821136904,3
n1.2_W10,1.2,30.0,1.0,10,-3.1666666666666665,0.9154479022027681,0.9154479022027681,3
n1.2_W10,1.2,30.0,1.0,10,-3.163333333333333,1.3012800659013835,1.3012800659013835,3
n1.2_W10,1.2,30.0,1.0,10,-3.16,0.685540008467088,0.685540008467088,3
n1.2_W10,1.2,30.0,1.0,10,-3.1566666666666667,0.0640275735802663,0.0640275735802663,3
n1.2_W10,1.2,30.0,1.0,10,-3.1533333333333333,0.11819225088557772,0.11819225088557772,3
n1.2_W10,1.2,30.0,1.0,10,-3.15,0.15068595776222457,0.15068595776222457,3
n1.2_W10,1.2,30.0,1.0,10,-3.1466666666666665,0.32302301634306924,0.32302301634306924,3
n1.2_W10,1.2,30.0,1.0,10,-3.1433333333333335,0.46377240945047127,0.46377240945047127,3
n1.2_W10,1.2,30.0,1.0,10,-3.1399999999999997,1.4503640136231717,1.4503640136231717,3
n1.2_W10,1.2,30.0,1.0,10,-3.1366666666666667,0.8908504167828413,0.8908504167828413,3
n1.2_W10,1.2,30.0,1.0,10,-3.1333333333333333,1.0207985925768388,1.0207985925768388,3
n1.2_W10,1.2,30.0,1.0,10,-3.13,0.9587770566356605,0.9587770566356605,3
n1.2_W10,1.2,30.0,1.0,10,-3.1266666666666665,0.8683493626532087,0.8683493626532087,3
n1.2_W10,1.2,30.0,1.0,10,-3.123333333333333,0.8608460809131989,0.8608460809131989,3
n1.2_W10,1.2,30.0,1.0,10,-3.12,0.9805405620737546,0.9805405620737546,3
n1.2_W10,1.2,30.0,1.0,10,-3.1166666666666667,1.3709938544823015,1.3709938544823015,3
n1.2_W10,1.2,30.0,1.0,10,-3.1133333333333333,1.3509528704084592,1.3509528704084592,3
n1.2_W10,1.2,30.0,1.0,10,-3.11,0.24856497334526775,0.24856497334526775,3
n1.2_W10,1.2,30.0,1.0,10,-3.1066666666666665,0.7996722726293367,0.7996722726293367,3
n1.2_W10,1.2,30.0,1.0,10,-3.1033333333333335,0.3988353404323315,0.3988353404323315,3
n1.2_W10,1.2,30.0,1.0,10,-3.1,0.14863581585272842,0.14863581585272842,3
n1.2_W10,1.2,30.0,1.0,10,-3.0966666666666667,0.7811937727845532,0.7811937727845532,3
n1.2_W10,1.2,30.0,1.0,10,-3.0933333333333333,1.0280670368342533,1.0280670368342533,3
n1.2_W10,1.2,30.0,1.0,10,-3.09,1.1757377317360582,1.1757377317360582,3
n1.2_W10,1.2,30.0,1.0,10,-3.086666666666667,1.5347299497288045,1.5347299497288045,3
n1.2_W10,1.2,30.0,1.0,10,-3.083333333333333,1.6419615805604932,1.6419615805604932,3
n1.2_W10,1.2,30.0,1.0,10,-3.08,1.8892516824634178,1.8892516824634178,3
n1.2_W10,1.2,30.0,1.0,10,-3.0766666666666667,1.276486347028256,1.276486347028256,3
n1.2_W10,1.2,30.0,1.0,10,-3.0733333333333333,0.9488841182513061,0.9488841182513061,3
n1.2_W10,1.2,30.0,1.0,10,-3.07,0.1980658716038458,0.1980658716038458,3
n1.2_W10,1.2,30.0,1.0,10,-3.0666666666666664,0.9992512011886336,0.9992512011886336,3
n1.2_W10,1.2,30.0,1.0,10,-3.0633333333333335,0.10856094509350421,0.10856094509350421,3
n1.2_W10,1.2,30.0,1.0,10,-3.06,0.7223653298010566,0.7223653298010566,3
n1.2_W10,1.2,30.0,1.0,10,-3.0566666666666666,0.7729339167442082,0.7729339167442082,3
n1.2_W10,1.2,30.0,1.0,10,-3.0533333333333332,0.9198853730185249,0.9198853730185249,3
n1.2_W10,1.2,30.0,1.0,10,-3.05,1.3787998514940296,1.3787998514940296,3
n1.2_W10,1.2,30.0,1.0,10,-3.046666666666667,0.7475298471392694,0.7475298471392694,3
n1.2_W10,1.2,30.0,1.0,10,-3.0433333333333334,0.19580370947980186,0.19580370947980186,3
n1.2_W10,1.2,30.0,1.0,10,-3.04,0.1481992547594761,0.1481992547594761,3
n1.2_W10,1.2,30.0,1.0,10,-3.0366666666666666,0.06540372990907146,0.06540372990907146,3
n1.2_W10,1.2,30.0,1.0,10,-3.033333333333333,0.6988401732337332,0.6988401732337332,3
n1.2_W10,1.2,30.0,1.0,10,-3.0300000000000002,0.9531247625214653,0.9531247625214653,3
n1.2_W10,1.2,30.0,1.0,10,-3.0266666666666664,0.8859931897522402,0.8859931897522402,3
n1.2_W10,1.2,30.0,1.0,10,-3.0233333333333334,0.8795249123315667,0.8795249123315667,3
n1.2_W10,1.2,30.0,1.0,10,-3.02,0.9010829932977598,0.9010829932977598,3
n1.2_W10,1.2,30.0,1.0,10,-3.0166666666666666,0.9686678993489377,0.9686678993489377,3
n1.2_W10,1.2,30.0,1.0,10,-3.013333333333333,1.1700564222171987,1.1700564222171987,3
n1.2_W10,1.2,30.0,1.0,10,-3.01,0.8933196165943771,0.8933196165943771,3
n1.2_W10,1.2,30.0,1.0,10,-3.006666666666667,0.9226221165782565,0.9226221165782565,3
n1.2_W10,1.2,30.0,1.0,10,-3.0033333333333334,0.7104884276327307,0.7104884276327307,3
n1.2_W10,1.2,30.0,1.0,10,-3.0,0.548809645291575,0.548809645291575,3
n2.0_W10,2.0,30.0,1.0,10,-3.8,0.07511617120122811,0.07511617120122811,1
n2.0_W10,2.0,30.0,1.0,10,-3.7966666666666664,0.08006729234128787,0.08006729234128787,1
n2.0_W10,2.0,30.0,1.0,10,-3.793333333333333,0.45948814970876456,0.45948814970876456,1
n2.0_W10,2.0,30.0,1.0,10,-3.79,0.7308399661590433,0.7308399661590433,1
n2.0_W10,2.0,30.0,1.0,10,-3.7866666666666666,0.8659260793171307,0.8659260793171307,1
n2.0_W10,2.0,30.0,1.0,10,-3.783333333333333,0.9293671707752721,0.9293671707752721,1
n2.0_W10,2.0,30.0,1.0,10,-3.78,0.96286855619374,0.96286855619374,1
n2.0_W10,2.0,30.0,1.0,10,-3.7766666666666664,0.021533071930855345,0.021533071930855345,1
n2.0_W10,2.0,30.0,1.0,10,-3.773333333333333,0.9852013702419501,0.9852013702419501,1
n2.0_W10,2.0,30.0,1.0,10,-3.77,0.00911057694264084,0.00911057694264084,1
n2.0_W10,2.0,30.0,1.0,10,-3.7666666666666666,0.03322219903795856,0.03322219903795856,1
n2.0_W10,2.0,30.0,1.0,10,-3.763333333333333,0.0001184273860914333,0.0001184273860914333,1
n2.0_W10,2.0,30.0,1.0,10,-3.76,0.47941275767885017,0.47941275767885017,1
n2.0_W10,2.0,30.0,1.0,10,-3.7566666666666664,0.7237476634040797,0.7237476634040797,1
n2.0_W10,2.0,30.0,1.0,10,-3.753333333333333,0.860913145789788,0.860913145789788,1
n2.0_W10,2.0,30.0,1.0,10,-3.75,0.9299307157486809,0.9299307157486809,1
n2.0_W10,2.0,30.0,1.0,10,-3.7466666666666666,0.9514268485957821,0.9514268485957821,1
n2.0_W10,2.0,30.0,1.0,10,-3.743333333333333,0.9998031056299693,0.9998031056299693,1
n2.0_W10,2.0,30.0,1.0,10,-3.7399999999999998,0.7174602966189438,0.7174602966189438,1
n2.0_W10,2.0,30.0,1.0,10,-3.7366666666666664,0.9987766238048028,0.9987766238048028,1
n2.0_W10,2.0,30.0,1.0,10,-3.7333333333333334,0.9539786114813166,0.9539786114813166,1
n2.0_W10,2.0,30.0,1.0,10,-3.73,0.5145910468671346,0.5145910468671346,1
n2.0_W10,2.0,30.0,1.0,10,-3.7266666666666666,0.6736800126811362,0.6736800126811362,1
n2.0_W10,2.0,30.0,1.0,10,-3.723333333333333,0.6814345297629703,0.6814345297629703,1
n2.0_W10,2.0,30.0,1.0,10,-3.7199999999999998,0.8078312482989105,0.8078312482989105,1
n2.0_W10,2.0,30.0,1.0,10,-3.7166666666666663,0.5788362237034669,0.5788362237034669,1
n2.0_W10,2.0,30.0,1.0,10,-3.7133333333333334,0.5852749877763919,0.5852749877763919,1
n2.0_W10,2.0,30.0,1.0,10,-3.71,0.8787171726619607,0.8787171726619607,1
n2.0_W10,2.0,30.0,1.0,10,-3.7066666666666666,0.8674754022777356,0.8674754022777356,1
n2.0_W10,2.0,30.0,1.0,10,-3.703333333333333,0.6405758180205292,0.6405758180205292,1
n2.0_W10,2.0,30.0,1.0,10,-3.6999999999999997,0.020878467398063757,0.020878467398063757,1
n2.0_W10,2.0,30.0,1.0,10,-3.6966666666666663,0.818590535056692,0.818590535056692,1
n2.0_W10,2.0,30.0,1.0,10,-3.6933333333333334,0.979729167987723,0.979729167987723,1
n2.0_W10,2.0,30.0,1.0,10,-3.69,0.9808451937710885,0.9808451937710885,1
n2.0_W10,2.0,30.0,1.0,10,-3.6866666666666665,0.9900076301005065,0.9900076301005065,1
n2.0_W10,2.0,30.0,1.0,10,-3.683333333333333,0.9337999258951666,0.9337999258951666,1
n2.0_W10,2.0,30.0,1.0,10,-3.6799999999999997,0.9104401140119425,0.9104401140119425,2
n2.0_W10,2.0,30.0,1.0,10,-3.6766666666666663,0.926650968681455,0.926650968681455,2
n2.0_W10,2.0,30.0,1.0,10,-3.6733333333333333,1.4058475732274438,1.4058475732274438,2
n2.0_W10,2.0,30.0,1.0,10,-3.67,1.1421739680753986,1.1421739680753986,2
n2.0_W10,2.0,30.0,1.0,10,-3.6666666666666665,1.312791925947251,1.312791925947251,2
n2.0_W10,2.0,30.0,1.0,10,-3.663333333333333,1.3217685404896238,1.3217685404896238,2
n2.0_W10,2.0,30.0,1.0,10,-3.6599999999999997,1.3862901888928028,1.3862901888928028,2
n2.0_W10,2.0,30.0,1.0,10,-3.6566666666666663,0.9509638225866205,0.9509638225866205,2
n2.0_W10,2.0,30.0,1.0,10,-3.6533333333333333,1.1836536683490773,1.1836536683490773,2
n2.0_W10,2.0,30.0,1.0,10,-3.65,1.4582510420886272,1.4582510420886272,2
n2.0_W10,2.0,30.0,1.0,10,-3.6466666666666665,1.038132627620303,1.038132627620303,2
n2.0_W10,2.0,30.0,1.0,10,-3.643333333333333,1.2512926523031793,1.2512926523031793,2
n2.0_W10,2.0,30.0,1.0,10,-3.6399999999999997,0.8813043155943779,0.8813043155943779,2
n2.0_W10,2.0,30.0,1.0,10,-3.6366666666666667,0.5664700228013188,0.5664700228013188,2
n2.0_W10,2.0,30.0,1.0,10,-3.6333333333333333,0.4928779867351141,0.4928779867351141,2
n2.0_W10,2.0,30.0,1.0,10,-3.63,0.6657214643681303,0.6657214643681303,2
n2.0_W10,2.0,30.0,1.0,10,-3.6266666666666665,0.9005937994634031,0.9005937994634031,2
n2.0_W10,2.0,30.0,1.0,10,-3.623333333333333,1.0191156509990773,1.0191156509990773,2
n2.0_W10,2.0,30.0,1.0,10,-3.6199999999999997,0.6661965524461737,0.6661965524461737,2
n2.0_W10,2.0,30.0,1.0,10,-3.6166666666666667,0.3646020002515458,0.3646020002515458,2
n2.0_W10,2.0,30.0,1.0,10,-3.6133333333333333,0.2941837744989867,0.2941837744989867,2
n2.0_W10,2.0,30.0,1.0,10,-3.61,0.7007500544333423,0.7007500544333423,2
n2.0_W10,2.0,30.0,1.0,10,-3.6066666666666665,1.150090934054959,1.150090934054959,2
n2.0_W10,2.0,30.0,1.0,10,-3.603333333333333,1.3306366505386071,1.3306366505386071,2
n2.0_W10,2.0,30.0,1.0,10,-3.5999999999999996,1.0215459072865594,1.0215459072865594,2
n2.0_W10,2.0,30.0,1.0,10,-3.5966666666666667,0.8027924332233463,0.8027924332233463,2
n2.0_W10,2.0,30.0,1.0,10,-3.5933333333333333,0.20645585823820764,0.20645585823820764,2
n2.0_W10,2.0,30.0,1.0,10,-3.59,0.3700683340094459,0.3700683340094459,2
n2.0_W10,2.0,30.0,1.0,10,-3.5866666666666664,1.0798719186588015,1.0798719186588015,2
n2.0_W10,2.0,30.0,1.0,10,-3.583333333333333,1.1529055941867665,1.1529055941867665,2
n2.0_W10,2.0,30.0,1.0,10,-3.58,1.239915210509451,1.239915210509451,2
n2.0_W10,2.0,30.0,1.0,10,-3.5766666666666667,1.723054192453351,1.723054192453351,2
n2.0_W10,2.0,30.0,1.0,10,-3.5733333333333333,1.8682854101152693,1.8682854101152693,2
n2.0_W10,2.0,30.0,1.0,10,-3.57,1.9109984857697644,1.9109984857697644,2
n2.0_W10,2.0,30.0,1.0,10,-3.5666666666666664,1.542799905660669,1.542799905660669,2
n2.0_W10,2.0,30.0,1.0,10,-3.563333333333333,0.8840877404005748,0.8840877404005748,2
n2.0_W10,2.0,30.0,1.0,10,-3.56,0.5887008371823081,0.5887008371823081,2
n2.0_W10,2.0,30.0,1.0,10,-3.5566666666666666,0.3478433931061905,0.3478433931061905,2
n2.0_W10,2.0,30.0,1.0,10,-3.5533333333333332,0.6109103944279983,0.6109103944279983,2
n2.0_W10,2.0,30.0,1.0,10,-3.55,0.6881211964098783,0.6881211964098783,2
n2.0_W10,2.0,30.0,1.0,10,-3.5466666666666664,0.5559789267556431,0.5559789267556431,2
n2.0_W10,2.0,30.0,1.0,10,-3.543333333333333,0.9932048899174509,0.9932048899174509,2
n2.0_W10,2.0,30.0,1.0,10,-3.54,0.9381965422655754,0.9381965422655754,2
n2.0_W10,2.0,30.0,1.0,10,-3.5366666666666666,1.8909098980123122,1.8909098980123122,2
n2.0_W10,2.0,30.0,1.0,10,-3.533333333333333,1.291745774210449,1.291745774210449,2
n2.0_W10,2.0,30.0,1.0,10,-3.53,1.8080187148579083,1.8080187148579083,2
n2.0_W10,2.0,30.0,1.0,10,-3.5266666666666664,1.560630593719689,1.560630593719689,2
n2.0_W10,2.0,30.0,1.0,10,-3.5233333333333334,1.9030984218530735,1.9030984218530735,2
n2.0_W10,2.0,30.0,1.0,10,-3.52,1.9426635005023916,1.9426635005023916,2
n2.0_W10,2.0,30.0,1.0,10,-3.5166666666666666,1.968630889675879,1.968630889675879,2
n2.0_W10,2.0,30.0,1.0,10,-3.513333333333333,1.9512734797842246,1.9512734797842246,2
n2.0_W10,2.0,30.0,1.0,10,-3.51,1.798548093393834,1.798548093393834,2
n2.0_W10,2.0,30.0,1.0,10,-3.5066666666666664,1.187549760695582,1.187549760695582,2
n2.0_W10,2.0,30.0,1.0,10,-3.503333333333333,0.07308656641546987,0.07308656641546987,2
n2.0_W10,2.0,30.0,1.0,10,-3.5,0.3550565444636949,0.3550565444636949,2
n2.0_W10,2.0,30.0,1.0,10,-3.4966666666666666,0.8464102280194035,0.8464102280194035,2
n2.0_W10,2.0,30.0,1.0,10,-3.493333333333333,1.5218057755331442,1.5218057755331442,2
n2.0_W10,2.0,30.0,1.0,10,-3.4899999999999998,1.165173719998246,1.165173719998246,2
n2.0_W10,2.0,30.0,1.0,10,-3.4866666666666664,1.1257920973899058,1.1257920973899058,2
n2.0_W10,2.0,30.0,1.0,10,-3.4833333333333334,1.1319040752001461,1.1319040752001461,2
n2.0_W10,2.0,30.0,1.0,10,-3.48,1.4105490976167914,1.4105490976167914,2
n2.0_W10,2.0,30.0,1.0,10,-3.4766666666666666,1.1895249686508274,1.1895249686508274,2
n2.0_W10,2.0,30.0,1.0,10,-3.473333333333333,0.7127110994415962,0.7127110994415962,2
n2.0_W10,2.0,30.0,1.0,10,-3.4699999999999998,1.3669272829158845,1.3669272829158845,2
n2.0_W10,2.0,30.0,1.0,10,-3.466666666666667,1.5025391143523896,1.5025391143523896,2
n2.0_W10,2.0,30.0,1.0,10,-3.4633333333333334,1.7785990918727361,1.7785990918727361,2
n2.0_W10,2.0,30.0,1.0,10,-3.46,1.7020987436167803,1.7020987436167803,2
n2.0_W10,2.0,30.0,1.0,10,-3.4566666666666666,1.0990020199526234,1.0990020199526234,2
n2.0_W10,2.0,30.0,1.0,10,-3.453333333333333,1.7265712499561627,1.7265712499561627,2
n2.0_W10,2.0,30.0,1.0,10,-3.4499999999999997,1.6452123986693785,1.6452123986693785,2
n2.0_W10,2.0,30.0,1.0,10,-3.4466666666666663,0.6959794312605367,0.6959794312605367,2
n2.0_W10,2.0,30.0,1.0,10,-3.4433333333333334,0.9448201178524434,0.9448201178524434,2
n2.0_W10,2.0,30.0,1.0,10,-3.44,0.25799987659800333,0.25799987659800333,2
n2.0_W10,2.0,30.0,1.0,10,-3.4366666666666665,0.8340943139167591,0.8340943139167591,2
n2.0_W10,2.0,30.0,1.0,10,-3.433333333333333,0.994393774005329,0.994393774005329,2
n2.0_W10,2.0,30.0,1.0,10,-3.4299999999999997,1.1743512855514664,1.1743512855514664,2
n2.0_W10,2.0,30.0,1.0,10,-3.4266666666666667,1.2914833485539894,1.2914833485539894,2
n2.0_W10,2.0,30.0,1.0,10,-3.4233333333333333,1.2916042566705581,1.2916042566705581,2
n2.0_W10,2.0,30.0,1.0,10,-3.42,1.8091220115706161,1.8091220115706161,2
n2.0_W10,2.0,30.0,1.0,10,-3.4166666666666665,1.632003629485488,1.632003629485488,2
n2.0_W10,2.0,30.0,1.0,10,-3.413333333333333,1.4723160082524647,1.4723160082524647,2
n2.0_W10,2.0,30.0,1.0,10,-3.41,0.8583386034421129,0.8583386034421129,2
n2.0_W10,2.0,30.0,1.0,10,-3.4066666666666667,0.9438660657309678,0.9438660657309678,2
n2.0_W10,2.0,30.0,1.0,10,-3.4033333333333333,1.2198684344545787,1.2198684344545787,2
n2.0_W10,2.0,30.0,1.0,10,-3.4,1.0420694420184993,1.0420694420184993,2
n2.0_W10,2.0,30.0,1.0,10,-3.3966666666666665,1.60532066964334,1.60532066964334,2
n2.0_W10,2.0,30.0,1.0,10,-3.393333333333333,1.938102908859953,1.938102908859953,2
n2.0_W10,2.0,30.0,1.0,10,-3.3899999999999997,0.10324919791466818,0.10324919791466818,2
n2.0_W10,2.0,30.0,1.0,10,-3.3866666666666667,0.19286364589042213,0.19286364589042213,2
n2.0_W10,2.0,30.0,1.0,10,-3.3833333333333333,0.5888393177070939,0.5888393177070939,2
n2.0_W10,2.0,30.0,1.0,10,-3.38,0.25673840495734207,0.25673840495734207,2
n2.0_W10,2.0,30.0,1.0,10,-3.3766666666666665,0.6811896424779592,0.6811896424779592,2
n2.0_W10,2.0,30.0,1.0,10,-3.373333333333333,1.1019229765717775,1.1019229765717775,2
n2.0_W10,2.0,30.0,1.0,10,-3.37,1.1761087473624077,1.1761087473624077,2
n2.0_W10,2.0,30.0,1.0,10,-3.3666666666666667,1.1789411358818076,1.1789411358818076,2
n2.0_W10,2.0,30.0,1.0,10,-3.3633333333333333,1.1210903673560795,1.1210903673560795,2
n2.0_W10,2.0,30.0,1.0,10,-3.36,1.0052910911586208,1.0052910911586208,2
n2.0_W10,2.0,30.0,1.0,10,-3.3566666666666665,1.2836072628204855,1.2836072628204855,2
n2.0_W10,2.0,30.0,1.0,10,-3.353333333333333,1.8460240047474286,1.8460240047474286,2
n2.0_W10,2.0,30.0,1.0,10,-3.35,1.5203841540401457,1.5203841540401457,2
n2.0_W10,2.0,30.0,1.0,10,-3.3466666666666667,0.9688993301175776,0.9688993301175776,2
n2.0_W10,2.0,30.0,1.0,10,-3.3433333333333333,0.8445048998134312,0.8445048998134312,2
n2.0_W10,2.0,30.0,1.0,10,-3.34,0.7594651181066889,0.7594651181066889,2
n2.0_W10,2.0,30.0,1.0,10,-3.3366666666666664,0.9030390223502444,0.9030390223502444,2
n2.0_W10,2.0,30.0,1.0,10,-3.333333333333333,0.8339911013345432,0.8339911013345432,2
n2.0_W10,2.0,30.0,1.0,10,-3.33,1.3022919440580243,1.3022919440580243,2
n2.0_W10,2.0,30.0,1.0,10,-3.3266666666666667,1.6215570272796531,1.6215570272796531,2
n2.0_W10,2.0,30.0,1.0,10,-3.3233333333333333,0.9822761340962152,0.9822761340962152,2
n2.0_W10,2.0,30.0,1.0,10,-3.32,1.5964182036092518,1.5964182036092518,2
n2.0_W10,2.0,30.0,1.0,10,-3.3166666666666664,1.0202482066420637,1.0202482066420637,2
n2.0_W10,2.0,30.0,1.0,10,-3.3133333333333335,0.9407944524015461,0.9407944524015461,2
n2.0_W10,2.0,30.0,1.0,10,-3.31,0.911485338696817,0.911485338696817,2
n2.0_W10,2.0,30.0,1.0,10,-3.3066666666666666,0.9859091103304847,0.9859091103304847,3
n2.0_W10,2.0,30.0,1.0,10,-3.3033333333333332,1.667214219838537,1.667214219838537,3
n2.0_W10,2.0,30.0,1.0,10,-3.3,1.2338491764436863,1.2338491764436863,3
n2.0_W10,2.0,30.0,1.0,10,-3.296666666666667,1.3239659218186888,1.3239659218186888,3
n2.0_W10,2.0,30.0,1.0,10,-3.293333333333333,1.373293866690383,1.373293866690383,3
n2.0_W10,2.0,30.0,1.0,10,-3.29,1.5974663554469275,1.5974663554469275,3
n2.0_W10,2.0,30.0,1.0,10,-3.2866666666666666,2.1194817812390916,2.1194817812390916,3
n2.0_W10,2.0,30.0,1.0,10,-3.283333333333333,2.1743673894293742,2.1743673894293742,3
n2.0_W10,2.0,30.0,1.0,10,-3.28,1.886702916052198,1.886702916052198,3
n2.0_W10,2.0,30.0,1.0,10,-3.2766666666666664,2.1652962560298827,2.1652962560298827,3
n2.0_W10,2.0,30.0,1.0,10,-3.2733333333333334,2.3749594430147676,2.3749594430147676,3
n2.0_W10,2.0,30.0,1.0,10,-3.27,2.491120076203681,2.491120076203681,3
n2.0_W10,2.0,30.0,1.0,10,-3.2666666666666666,2.430854540519393,2.430854540519393,3
n2.0_W10,2.0,30.0,1.0,10,-3.263333333333333,1.586029255675371,1.586029255675371,3
n2.0_W10,2.0,30.0,1.0,10,-3.26,0.9918955627290149,0.9918955627290149,3
n2.0_W10,2.0,30.0,1.0,10,-3.256666666666667,1.3716730315027053,1.3716730315027053,3
n2.0_W10,2.0,30.0,1.0,10,-3.2533333333333334,0.7266220703836335,0.7266220703836335,3
n2.0_W10,2.0,30.0,1.0,10,-3.25,0.38725788249941595,0.38725788249941595,3
n2.0_W10,2.0,30.0,1.0,10,-3.2466666666666666,1.0286636752452654,1.0286636752452654,3
n2.0_W10,2.0,30.0,1.0,10,-3.243333333333333,1.4099377050316866,1.4099377050316866,3
n2.0_W10,2.0,30.0,1.0,10,-3.2399999999999998,1.7233819823118857,1.7233819823118857,3
n2.0_W10,2.0,30.0,1.0,10,-3.2366666666666664,2.4158044450638885,2.4158044450638885,3
n2.0_W10,2.0,30.0,1.0,10,-3.2333333333333334,1.830888462610871,1.830888462610871,3
n2.0_W10,2.0,30.0,1.0,10,-3.23,1.177664642072203,1.177664642072203,3
n2.0_W10,2.0,30.0,1.0,10,-3.2266666666666666,1.4152673198858141,1.4152673198858141,3
n2.0_W10,2.0,30.0,1.0,10,-3.223333333333333,1.3683454776053392,1.3683454776053392,3
n2.0_W10,2.0,30.0,1.0,10,-3.2199999999999998,1.800883016384416,1.800883016384416,3
n2.0_W10,2.0,30.0,1.0,10,-3.216666666666667,1.5591432498689128,1.5591432498689128,3
n2.0_W10,2.0,30.0,1.0,10,-3.2133333333333334,1.8899497426053742,1.8899497426053742,3
n2.0_W10,2.0,30.0,1.0,10,-3.21,2.3711212822342294,2.3711212822342294,3
n2.0_W10,2.0,30.0,1.0,10,-3.2066666666666666,2.638305911838594,2.638305911838594,3
n2.0_W10,2.0,30.0,1.0,10,-3.203333333333333,2.727311202162748,2.727311202162748,3
n2.0_W10,2.0,30.0,1.0,10,-3.2,2.6273865571223336,2.6273865571223336,3
n2.0_W10,2.0,30.0,1.0,10,-3.1966666666666668,1.7815816967889448,1.7815816967889448,3
n2.0_W10,2.0,30.0,1.0,10,-3.1933333333333334,1.8211255156122348,1.8211255156122348,3
n2.0_W10,2.0,30.0,1.0,10,-3.19,0.957018891849051,0.957018891849051,3
n2.0_W10,2.0,30.0,1.0,10,-3.1866666666666665,0.6183900622436672,0.6183900622436672,3
n2.0_W10,2.0,30.0,1.0,10,-3.183333333333333,0.7246309265470242,0.7246309265470242,3
n2.0_W10,2.0,30.0,1.0,10,-3.1799999999999997,0.5897159302861628,0.5897159302861628,3
n2.0_W10,2.0,30.0,1.0,10,-3.1766666666666667,0.7753937010455212,0.7753937010455212,3
n2.0_W10,2.0,30.0,1.0,10,-3.1733333333333333,1.3693272540976145,1.3693272540976145,3
n2.0_W10,2.0,30.0,1.0,10,-3.17,1.7589429999424897,1.7589429999424897,3
n2.0_W10,2.0,30.0,1.0,10,-3.1666666666666665,2.0604658337671076,2.0604658337671076,3
n2.0_W10,2.0,30.0,1.0,10,-3.163333333333333,1.5318892325475817,1.5318892325475817,3
n2.0_W10,2.0,30.0,1.0,10,-3.16,1.8991833706010275,1.8991833706010275,3
n2.0_W10,2.0,30.0,1.0,10,-3.1566666666666667,2.5039061239797364,2.5039061239797364,3
n2.0_W10,2.0,30.0,1.0,10,-3.1533333333333333,1.6107464308070556,1.6107464308070556,3
n2.0_W10,2.0,30.0,1.0,10,-3.15,1.8155142203049521,1.8155142203049521,3
n2.0_W10,2.0,30.0,1.0,10,-3.1466666666666665,1.0354574068237754,1.0354574068237754,3
n2.0_W10,2.0,30.0,1.0,10,-3.1433333333333335,1.353658342156234,1.353658342156234,3
n2.0_W10,2.0,30.0,1.0,10,-3.1399999999999997,1.8630809988750276,1.8630809988750276,3
n2.0_W10,2.0,30.0,1.0,10,-3.1366666666666667,2.2476994809808577,2.2476994809808577,3
n2.0_W10,2.0,30.0,1.0,10,-3.1333333333333333,1.9676544216484704,1.9676544216484704,3
n2.0_W10,2.0,30.0,1.0,10,-3.13,2.039179004912544,2.039179004912544,3
n2.0_W10,2.0,30.0,1.0,10,-3.1266666666666665,0.5226512081952944,0.5226512081952944,3
n2.0_W10,2.0,30.0,1.0,10,-3.123333333333333,0.9025926275270875,0.9025926275270875,3
n2.0_W10,2.0,30.0,1.0,10,-3.12,1.2033416872979548,1.2033416872979548,3
n2.0_W10,2.0,30.0,1.0,10,-3.1166666666666667,1.4793025466743384,1.4793025466743384,3
n2.0_W10,2.0,30.0,1.0,10,-3.1133333333333333,1.682160952629018,1.682160952629018,3
n2.0_W10,2.0,30.0,1.0,10,-3.11,2.2266777508147206,2.2266777508147206,3
n2.0_W10,2.0,30.0,1.0,10,-3.1066666666666665,1.8432946836042312,1.8432946836042312,3
n2.0_W10,2.0,30.0,1.0,10,-3.1033333333333335,1.6501888138927976,1.6501888138927976,3
n2.0_W10,2.0,30.0,1.0,10,-3.1,1.4018116989866811,1.4018116989866811,3
n2.0_W10,2.0,30.0,1.0,10,-3.0966666666666667,1.3883162783431526,1.3883162783431526,3
n2.0_W10,2.0,30.0,1.0,10,-3.0933333333333333,1.6312821661125694,1.6312821661125694,3
n2.0_W10,2.0,30.0,1.0,10,-3.09,1.8107557291176881,1.8107557291176881,3
n2.0_W10,2.0,30.0,1.0,10,-3.086666666666667,1.9020596320657535,1.9020596320657535,3
n2.0_W10,2.0,30.0,1.0,10,-3.083333333333333,1.9370930274962854,1.9370930274962854,3
n2.0_W10,2.0,30.0,1.0,10,-3.08,1.5684772983780901,1.5684772983780901,3
n2.0_W10,2.0,30.0,1.0,10,-3.0766666666666667,1.578634594992642,1.578634594992642,3
n2.0_W10,2.0,30.0,1.0,10,-3.0733333333333333,1.8207201816148724,1.8207201816148724,3
n2.0_W10,2.0,30.0,1.0,10,-3.07,2.0395305327371047,2.0395305327371047,3
n2.0_W10,2.0,30.0,1.0,10,-3.0666666666666664,2.5881476620834687,2.5881476620834687,3
n2.0_W10,2.0,30.0,1.0,10,-3.0633333333333335,2.657670137784261,2.657670137784261,3
n2.0_W10,2.0,30.0,1.0,10,-3.06,2.156907638376302,2.156907638376302,3
n2.0_W10,2.0,30.0,1.0,10,-3.0566666666666666,1.497408039407974,1.497408039407974,3
n2.0_W10,2.0,30.0,1.0,10,-3.0533333333333332,1.3072022016678373,1.3072022016678373,3
n2.0_W10,2.0,30.0,1.0,10,-3.05,1.6065816431679756,1.6065816431679756,3
n2.0_W10,2.0,30.0,1.0,10,-3.046666666666667,1.8901058278472447,1.8901058278472447,3
n2.0_W10,2.0,30.0,1.0,10,-3.0433333333333334,1.8821571641436334,1.8821571641436334,3
n2.0_W10,2.0,30.0,1.0,10,-3.04,1.3505944845339592,1.3505944845339592,3
n2.0_W10,2.0,30.0,1.0,10,-3.0366666666666666,2.118791695751277,2.118791695751277,3
n2.0_W10,2.0,30.0,1.0,10,-3.033333333333333,1.9077910854685896,1.9077910854685896,3
n2.0_W10,2.0,30.0,1.0,10,-3.0300000000000002,1.2329863090270898,1.2329863090270898,3
n2.0_W10,2.0,30.0,1.0,10,-3.0266666666666664,1.3031567210723936,1.3031567210723936,3
n2.0_W10,2.0,30.0,1.0,10,-3.0233333333333334,1.693231286426497,1.693231286426497,3
n2.0_W10,2.0,30.0,1.0,10,-3.02,1.9936571539121504,1.9936571539121504,3
n2.0_W10,2.0,30.0,1.0,10,-3.0166666666666666,2.137410304450717,2.137410304450717,3
n2.0_W10,2.0,30.0,1.0,10,-3.013333333333333,2.1829988151493405,2.1829988151493405,3
n2.0_W10,2.0,30.0,1.0,10,-3.01,2.168343859096324,2.168343859096324,3
n2.0_W10,2.0,30.0,1.0,10,-3.006666666666667,2.131497434047121,2.131497434047121,3
n2.0_W10,2.0,30.0,1.0,10,-3.0033333333333334,2.16946130411417,2.16946130411417,3
n2.0_W10,2.0,30.0,1.0,10,-3.0,1.953472118419002,1.953472118419002,3
n4.0_W10,4.0,30.0,1.0,10,-3.8,0.9999994901003463,0.9999994901003463,1
n4.0_W10,4.0,30.0,1.0,10,-3.7966666666666664,0.9047372177296312,0.9047372177296312,1
n4.0_W10,4.0,30.0,1.0,10,-3.793333333333333,0.5848486338626254,0.5848486338626254,1
n4.0_W10,4.0,30.0,1.0,10,-3.79,0.3004398931012147,0.3004398931012147,1
n4.0_W10,4.0,30.0,1.0,10,-3.7866666666666666,0.6546136083357497,0.6546136083357497,1
n4.0_W10,4.0,30.0,1.0,10,-3.783333333333333,0.8575422856137253,0.8575422856137253,1
n4.0_W10,4.0,30.0,1.0,10,-3.78,0.7715273950330783,0.7715273950330783,1
n4.0_W10,4.0,30.0,1.0,10,-3.7766666666666664,0.9859519080564921,0.9859519080564921,1
n4.0_W10,4.0,30.0,1.0,10,-3.773333333333333,0.6853783553045554,0.6853783553045554,1
n4.0_W10,4.0,30.0,1.0,10,-3.77,0.6853578243636627,0.6853578243636627,1
n4.0_W10,4.0,30.0,1.0,10,-3.7666666666666666,0.05949040943120491,0.05949040943120491,1
n4.0_W10,4.0,30.0,1.0,10,-3.763333333333333,0.9440294659900672,0.9440294659900672,1
n4.0_W10,4.0,30.0,1.0,10,-3.76,0.7338972462003303,0.7338972462003303,1
n4.0_W10,4.0,30.0,1.0,10,-3.7566666666666664,0.29075266950802076,0.29075266950802076,1
n4.0_W10,4.0,30.0,1.0,10,-3.753333333333333,0.20504453139213982,0.20504453139213982,1
n4.0_W10,4.0,30.0,1.0,10,-3.75,0.23382656736329,0.23382656736329,1
n4.0_W10,4.0,30.0,1.0,10,-3.7466666666666666,0.5623089288573501,0.5623089288573501,1
n4.0_W10,4.0,30.0,1.0,10,-3.743333333333333,0.956994262745753,0.956994262745753,1
n4.0_W10,4.0,30.0,1.0,10,-3.7399999999999998,0.999947625210102,0.999947625210102,1
n4.0_W10,4.0,30.0,1.0,10,-3.7366666666666664,0.839463522652502,0.839463522652502,1
n4.0_W10,4.0,30.0,1.0,10,-3.7333333333333334,0.443699776299112,0.443699776299112,1
n4.0_W10,4.0,30.0,1.0,10,-3.73,0.2982554401035895,0.2982554401035895,1
n4.0_W10,4.0,30.0,1.0,10,-3.7266666666666666,0.09851385576083994,0.09851385576083994,1
n4.0_W10,4.0,30.0,1.0,10,-3.723333333333333,0.015423292432666583,0.015423292432666583,1
n4.0_W10,4.0,30.0,1.0,10,-3.7199999999999998,0.002358671108173872,0.002358671108173872,1
n4.0_W10,4.0,30.0,1.0,10,-3.7166666666666663,0.03646031153603184,0.03646031153603184,1
n4.0_W10,4.0,30.0,1.0,10,-3.7133333333333334,0.547250637567676,0.547250637567676,1
n4.0_W10,4.0,30.0,1.0,10,-3.71,0.6470392867289104,0.6470392867289104,1
n4.0_W10,4.0,30.0,1.0,10,-3.7066666666666666,0.4803513961702918,0.4803513961702918,1
n4.0_W10,4.0,30.0,1.0,10,-3.703333333333333,0.7431268854169755,0.7431268854169755,1
n4.0_W10,4.0,30.0,1.0,10,-3.6999999999999997,0.11043677168428619,0.11043677168428619,1
n4.0_W10,4.0,30.0,1.0,10,-3.6966666666666663,0.005831553294504868,0.005831553294504868,1
n4.0_W10,4.0,30.0,1.0,10,-3.6933333333333334,0.02107548636187634,0.02107548636187634,1
n4.0_W10,4.0,30.0,1.0,10,-3.69,0.12387361060898368,0.12387361060898368,1
n4.0_W10,4.0,30.0,1.0,10,-3.6866666666666665,0.301819212276602,0.301819212276602,1
n4.0_W10,4.0,30.0,1.0,10,-3.683333333333333,0.465732364661517,0.465732364661517,1
n4.0_W10,4.0,30.0,1.0,10,-3.6799999999999997,0.8230749663571187,0.8230749663571187,2
n4.0_W10,4.0,30.0,1.0,10,-3.6766666666666663,1.7087988376251138,1.7087988376251138,2
n4.0_W10,4.0,30.0,1.0,10,-3.6733333333333333,1.3060452538427076,1.3060452538427076,2
n4.0_W10,4.0,30.0,1.0,10,-3.67,1.3855305136605718,1.3855305136605718,2
n4.0_W10,4.0,30.0,1.0,10,-3.6666666666666665,0.5956196572757657,0.5956196572757657,2
n4.0_W10,4.0,30.0,1.0,10,-3.663333333333333,0.2162899293834464,0.2162899293834464,2
n4.0_W10,4.0,30.0,1.0,10,-3.6599999999999997,0.7708357064443292,0.7708357064443292,2
n4.0_W10,4.0,30.0,1.0,10,-3.6566666666666663,0.8938064115681937,0.8938064115681937,2
n4.0_W10,4.0,30.0,1.0,10,-3.6533333333333333,1.2993625121292731,1.2993625121292731,2
n4.0_W10,4.0,30.0,1.0,10,-3.65,1.5936243767219438,1.5936243767219438,2
n4.0_W10,4.0,30.0,1.0,10,-3.6466666666666665,1.232749206294441,1.232749206294441,2
n4.0_W10,4.0,30.0,1.0,10,-3.643333333333333,0.7791276236812965,0.7791276236812965,2
n4.0_W10,4.0,30.0,1.0,10,-3.6399999999999997,0.9629505411157653,0.9629505411157653,2
n4.0_W10,4.0,30.0,1.0,10,-3.6366666666666667,1.8425297579001088,1.8425297579001088,2
n4.0_W10,4.0,30.0,1.0,10,-3.6333333333333333,1.3442339203915306,1.3442339203915306,2
n4.0_W10,4.0,30.0,1.0,10,-3.63,1.1223025190585811,1.1223025190585811,2
n4.0_W10,4.0,30.0,1.0,10,-3.6266666666666665,1.014847365236838,1.014847365236838,2
n4.0_W10,4.0,30.0,1.0,10,-3.623333333333333,0.9844165012321119,0.9844165012321119,2
n4.0_W10,4.0,30.0,1.0,10,-3.6199999999999997,1.1259446231812569,1.1259446231812569,2
n4.0_W10,4.0,30.0,1.0,10,-3.6166666666666667,0.5562871994462802,0.5562871994462802,2
n4.0_W10,4.0,30.0,1.0,10,-3.6133333333333333,1.2221970174373238,1.2221970174373238,2
n4.0_W10,4.0,30.0,1.0,10,-3.61,1.371076374432738,1.371076374432738,2
n4.0_W10,4.0,30.0,1.0,10,-3.6066666666666665,1.2930968785866386,1.2930968785866386,2
n4.0_W10,4.0,30.0,1.0,10,-3.603333333333333,0.5784330333661674,0.5784330333661674,2
n4.0_W10,4.0,30.0,1.0,10,-3.5999999999999996,0.8657167602097261,0.8657167602097261,2
n4.0_W10,4.0,30.0,1.0,10,-3.5966666666666667,1.134281083734107,1.134281083734107,2
n4.0_W10,4.0,30.0,1.0,10,-3.5933333333333333,1.3885335143850428,1.3885335143850428,2
n4.0_W10,4.0,30.0,1.0,10,-3.59,1.771067243188146,1.771067243188146,2
n4.0_W10,4.0,30.0,1.0,10,-3.5866666666666664,1.6969921132404888,1.6969921132404888,2
n4.0_W10,4.0,30.0,1.0,10,-3.583333333333333,1.4729982102804335,1.4729982102804335,2
n4.0_W10,4.0,30.0,1.0,10,-3.58,0.8400383402588913,0.8400383402588913,2
n4.0_W10,4.0,30.0,1.0,10,-3.5766666666666667,0.23788091586833057,0.23788091586833057,2
n4.0_W10,4.0,30.0,1.0,10,-3.5733333333333333,0.10223585052898441,0.10223585052898441,2
n4.0_W10,4.0,30.0,1.0,10,-3.57,0.6839225781368335,0.6839225781368335,2
n4.0_W10,4.0,30.0,1.0,10,-3.5666666666666664,1.4175241205084714,1.4175241205084714,2
n4.0_W10,4.0,30.0,1.0,10,-3.563333333333333,0.9914622526890797,0.9914622526890797,2
n4.0_W10,4.0,30.0,1.0,10,-3.56,1.8844434079787495,1.8844434079787495,2
n4.0_W10,4.0,30.0,1.0,10,-3.5566666666666666,1.9026470003032145,1.9026470003032145,2
n4.0_W10,4.0,30.0,1.0,10,-3.5533333333333332,1.8278559030091825,1.8278559030091825,2
n4.0_W10,4.0,30.0,1.0,10,-3.55,1.4280789535149758,1.4280789535149758,2
n4.0_W10,4.0,30.0,1.0,10,-3.5466666666666664,0.9878186155536565,0.9878186155536565,2
n4.0_W10,4.0,30.0,1.0,10,-3.543333333333333,0.9512514277493549,0.9512514277493549,2
n4.0_W10,4.0,30.0,1.0,10,-3.54,0.9510038654865143,0.9510038654865143,2
n4.0_W10,4.0,30.0,1.0,10,-3.5366666666666666,1.2564744150295712,1.2564744150295712,2
n4.0_W10,4.0,30.0,1.0,10,-3.533333333333333,1.419326881824339,1.419326881824339,2
n4.0_W10,4.0,30.0,1.0,10,-3.53,1.6098282695218882,1.6098282695218882,2
n4.0_W10,4.0,30.0,1.0,10,-3.5266666666666664,0.6381806720012391,0.6381806720012391,2
n4.0_W10,4.0,30.0,1.0,10,-3.5233333333333334,0.3458966481792773,0.3458966481792773,2
n4.0_W10,4.0,30.0,1.0,10,-3.52,0.6168098593778872,0.6168098593778872,2
n4.0_W10,4.0,30.0,1.0,10,-3.5166666666666666,0.9279953143328518,0.9279953143328518,2
n4.0_W10,4.0,30.0,1.0,10,-3.513333333333333,1.0477503300769926,1.0477503300769926,2
n4.0_W10,4.0,30.0,1.0,10,-3.51,0.9898481614127969,0.9898481614127969,2
n4.0_W10,4.0,30.0,1.0,10,-3.5066666666666664,1.1416101175247497,1.1416101175247497,2
n4.0_W10,4.0,30.0,1.0,10,-3.503333333333333,0.8433266624062462,0.8433266624062462,2
n4.0_W10,4.0,30.0,1.0,10,-3.5,1.4688722141658443,1.4688722141658443,2
n4.0_W10,4.0,30.0,1.0,10,-3.4966666666666666,1.4618074230072486,1.4618074230072486,2
n4.0_W10,4.0,30.0,1.0,10,-3.493333333333333,1.0192420760928935,1.0192420760928935,2
n4.0_W10,4.0,30.0,1.0,10,-3.4899999999999998,0.3819374709641992,0.3819374709641992,2
n4.0_W10,4.0,30.0,1.0,10,-3.4866666666666664,1.0533061271735185,1.0533061271735185,2
n4.0_W10,4.0,30.0,1.0,10,-3.4833333333333334,0.8946684115788577,0.8946684115788577,2
n4.0_W10,4.0,30.0,1.0,10,-3.48,1.169649040826813,1.169649040826813,2
n4.0_W10,4.0,30.0,1.0,10,-3.4766666666666666,1.272665067240158,1.272665067240158,2
n4.0_W10,4.0,30.0,1.0,10,-3.473333333333333,1.0627454130600158,1.0627454130600158,2
n4.0_W10,4.0,30.0,1.0,10,-3.4699999999999998,0.5238677130686005,0.5238677130686005,2
n4.0_W10,4.0,30.0,1.0,10,-3.466666666666667,1.7840830588475074,1.7840830588475074,2
n4.0_W10,4.0,30.0,1.0,10,-3.4633333333333334,1.788381086480042,1.788381086480042,2
n4.0_W10,4.0,30.0,1.0,10,-3.46,0.9902231969509949,0.9902231969509949,2
n4.0_W10,4.0,30.0,1.0,10,-3.4566666666666666,1.0145730356501423,1.0145730356501423,2
n4.0_W10,4.0,30.0,1.0,10,-3.453333333333333,1.0034101565291083,1.0034101565291083,2
n4.0_W10,4.0,30.0,1.0,10,-3.4499999999999997,0.6560443270331568,0.6560443270331568,2
n4.0_W10,4.0,30.0,1.0,10,-3.4466666666666663,1.1401149323570108,1.1401149323570108,2
n4.0_W10,4.0,30.0,1.0,10,-3.4433333333333334,1.4315515817429942,1.4315515817429942,2
n4.0_W10,4.0,30.0,1.0,10,-3.44,1.7598978313169995,1.7598978313169995,2
n4.0_W10,4.0,30.0,1.0,10,-3.4366666666666665,1.7493901460276062,1.7493901460276062,2
n4.0_W10,4.0,30.0,1.0,10,-3.433333333333333,1.4845303031107677,1.4845303031107677,2
n4.0_W10,4.0,30.0,1.0,10,-3.4299999999999997,0.7935068210045203,0.7935068210045203,2
n4.0_W10,4.0,30.0,1.0,10,-3.4266666666666667,1.1737281352647617,1.1737281352647617,2
n4.0_W10,4.0,30.0,1.0,10,-3.4233333333333333,1.3842944706729627,1.3842944706729627,2
n4.0_W10,4.0,30.0,1.0,10,-3.42,1.4593307451477469,1.4593307451477469,2
n4.0_W10,4.0,30.0,1.0,10,-3.4166666666666665,1.6255952546644281,1.6255952546644281,2
n4.0_W10,4.0,30.0,1.0,10,-3.413333333333333,1.5402391406315528,1.5402391406315528,2
n4.0_W10,4.0,30.0,1.0,10,-3.41,0.9508350633071118,0.9508350633071118,2
n4.0_W10,4.0,30.0,1.0,10,-3.4066666666666667,1.4842344433524595,1.4842344433524595,2
n4.0_W10,4.0,30.0,1.0,10,-3.4033333333333333,1.2236416746497387,1.2236416746497387,2
n4.0_W10,4.0,30.0,1.0,10,-3.4,0.9277033301705238,0.9277033301705238,2
n4.0_W10,4.0,30.0,1.0,10,-3.3966666666666665,1.2342431107564356,1.2342431107564356,2
n4.0_W10,4.0,30.0,1.0,10,-3.393333333333333,1.2126280053879184,1.2126280053879184,2
n4.0_W10,4.0,30.0,1.0,10,-3.3899999999999997,0.38953487914933055,0.38953487914933055,2
n4.0_W10,4.0,30.0,1.0,10,-3.3866666666666667,0.6941739854326078,0.6941739854326078,2
n4.0_W10,4.0,30.0,1.0,10,-3.3833333333333333,0.3478449878366919,0.3478449878366919,2
n4.0_W10,4.0,30.0,1.0,10,-3.38,0.7165473683711054,0.7165473683711054,2
n4.0_W10,4.0,30.0,1.0,10,-3.3766666666666665,0.6294814152710784,0.6294814152710784,2
n4.0_W10,4.0,30.0,1.0,10,-3.373333333333333,0.8491843002583639,0.8491843002583639,2
n4.0_W10,4.0,30.0,1.0,10,-3.37,1.1904642137418857,1.1904642137418857,2
n4.0_W10,4.0,30.0,1.0,10,-3.3666666666666667,0.4619579190700894,0.4619579190700894,2
n4.0_W10,4.0,30.0,1.0,10,-3.3633333333333333,0.7063711477457643,0.7063711477457643,2
n4.0_W10,4.0,30.0,1.0,10,-3.36,0.4648217354643184,0.4648217354643184,2
n4.0_W10,4.0,30.0,1.0,10,-3.3566666666666665,1.6725748742288145,1.6725748742288145,2
n4.0_W10,4.0,30.0,1.0,10,-3.353333333333333,1.8480069502170073,1.8480069502170073,2
n4.0_W10,4.0,30.0,1.0,10,-3.35,1.7389236593237842,1.7389236593237842,2
n4.0_W10,4.0,30.0,1.0,10,-3.3466666666666667,1.0033053794889357,1.0033053794889357,2
n4.0_W10,4.0,30.0,1.0,10,-3.3433333333333333,1.4090469837163992,1.4090469837163992,2
n4.0_W10,4.0,30.0,1.0,10,-3.34,1.1953273273577878,1.1953273273577878,2
n4.0_W10,4.0,30.0,1.0,10,-3.3366666666666664,0.884512211545027,0.884512211545027,2
n4.0_W10,4.0,30.0,1.0,10,-3.333333333333333,0.8491482017031107,0.8491482017031107,2
n4.0_W10,4.0,30.0,1.0,10,-3.33,1.042631222687449,1.042631222687449,2
n4.0_W10,4.0,30.0,1.0,10,-3.3266666666666667,0.7219571642089253,0.7219571642089253,2
n4.0_W10,4.0,30.0,1.0,10,-3.3233333333333333,0.6702813100707642,0.6702813100707642,2
n4.0_W10,4.0,30.0,1.0,10,-3.32,0.9233055029473629,0.9233055029473629,2
n4.0_W10,4.0,30.0,1.0,10,-3.3166666666666664,0.4168584715378138,0.4168584715378138,2
n4.0_W10,4.0,30.0,1.0,10,-3.3133333333333335,0.9273817679523617,0.9273817679523617,2
n4.0_W10,4.0,30.0,1.0,10,-3.31,1.0258686040824123,1.0258686040824123,2
n4.0_W10,4.0,30.0,1.0,10,-3.3066666666666666,1.4140942056974992,1.4140942056974992,3
n4.0_W10,4.0,30.0,1.0,10,-3.3033333333333332,1.3936237932846134,1.3936237932846134,3
n4.0_W10,4.0,30.0,1.0,10,-3.3,0.7195374289007092,0.7195374289007092,3
n4.0_W10,4.0,30.0,1.0,10,-3.296666666666667,1.5561431720530168,1.5561431720530168,3
n4.0_W10,4.0,30.0,1.0,10,-3.293333333333333,2.0464991647343815,2.0464991647343815,3
n4.0_W10,4.0,30.0,1.0,10,-3.29,2.1336960205834132,2.1336960205834132,3
n4.0_W10,4.0,30.0,1.0,10,-3.2866666666666666,1.414454274385072,1.414454274385072,3
n4.0_W10,4.0,30.0,1.0,10,-3.283333333333333,1.2488392799458943,1.2488392799458943,3
n4.0_W10,4.0,30.0,1.0,10,-3.28,1.1788275796586445,1.1788275796586445,3
n4.0_W10,4.0,30.0,1.0,10,-3.2766666666666664,1.7936772855423653,1.7936772855423653,3
n4.0_W10,4.0,30.0,1.0,10,-3.2733333333333334,1.5778533256247378,1.5778533256247378,3
n4.0_W10,4.0,30.0,1.0,10,-3.27,1.2943949421647927,1.2943949421647927,3
n4.0_W10,4.0,30.0,1.0,10,-3.2666666666666666,1.941958238338592,1.941958238338592,3
n4.0_W10,4.0,30.0,1.0,10,-3.263333333333333,1.746498250898255,1.746498250898255,3
n4.0_W10,4.0,30.0,1.0,10,-3.26,1.8144653733809204,1.8144653733809204,3
n4.0_W10,4.0,30.0,1.0,10,-3.256666666666667,1.4131582825459992,1.4131582825459992,3
n4.0_W10,4.0,30.0,1.0,10,-3.2533333333333334,1.9031080580666313,1.9031080580666313,3
n4.0_W10,4.0,30.0,1.0,10,-3.25,2.3883194995652683,2.3883194995652683,3
n4.0_W10,4.0,30.0,1.0,10,-3.2466666666666666,2.5497145123455653,2.5497145123455653,3
n4.0_W10,4.0,30.0,1.0,10,-3.243333333333333,2.1752972614394865,2.1752972614394865,3
n4.0_W10,4.0,30.0,1.0,10,-3.2399999999999998,1.077456109696815,1.077456109696815,3
n4.0_W10,4.0,30.0,1.0,10,-3.2366666666666664,1.0505300859257578,1.0505300859257578,3
n4.0_W10,4.0,30.0,1.0,10,-3.2333333333333334,0.7160743313678364,0.7160743313678364,3
n4.0_W10,4.0,30.0,1.0,10,-3.23,0.9827769696825315,0.9827769696825315,3
n4.0_W10,4.0,30.0,1.0,10,-3.2266666666666666,1.5407977025356983,1.5407977025356983,3
n4.0_W10,4.0,30.0,1.0,10,-3.223333333333333,0.7309812335386315,0.7309812335386315,3
n4.0_W10,4.0,30.0,1.0,10,-3.2199999999999998,0.8864889383792459,0.8864889383792459,3
n4.0_W10,4.0,30.0,1.0,10,-3.216666666666667,1.3163008068921684,1.3163008068921684,3
n4.0_W10,4.0,30.0,1.0,10,-3.2133333333333334,1.885951880977122,1.885951880977122,3
n4.0_W10,4.0,30.0,1.0,10,-3.21,2.306062680765201,2.306062680765201,3
n4.0_W10,4.0,30.0,1.0,10,-3.2066666666666666,2.0332738116681845,2.0332738116681845,3
n4.0_W10,4.0,30.0,1.0,10,-3.203333333333333,2.124289334951351,2.124289334951351,3
n4.0_W10,4.0,30.0,1.0,10,-3.2,0.9521032987338672,0.9521032987338672,3
n4.0_W10,4.0,30.0,1.0,10,-3.1966666666666668,1.0981440867661867,1.0981440867661867,3
n4.0_W10,4.0,30.0,1.0,10,-3.1933333333333334,1.2981516408300329,1.2981516408300329,3
n4.0_W10,4.0,30.0,1.0,10,-3.19,1.519636874935,1.519636874935,3
n4.0_W10,4.0,30.0,1.0,10,-3.1866666666666665,1.7256259058892045,1.7256259058892045,3
n4.0_W10,4.0,30.0,1.0,10,-3.183333333333333,1.9128817370333897,1.9128817370333897,3
n4.0_W10,4.0,30.0,1.0,10,-3.1799999999999997,2.1392623998788984,2.1392623998788984,3
n4.0_W10,4.0,30.0,1.0,10,-3.1766666666666667,1.489574983445493,1.489574983445493,3
n4.0_W10,4.0,30.0,1.0,10,-3.1733333333333333,0.8706038178259191,0.8706038178259191,3
n4.0_W10,4.0,30.0,1.0,10,-3.17,0.4365861049113863,0.4365861049113863,3
n4.0_W10,4.0,30.0,1.0,10,-3.1666666666666665,0.7822297045623707,0.7822297045623707,3
n4.0_W10,4.0,30.0,1.0,10,-3.163333333333333,1.1882273441957982,1.1882273441957982,3
n4.0_W10,4.0,30.0,1.0,10,-3.16,1.3370539219784134,1.3370539219784134,3
n4.0_W10,4.0,30.0,1.0,10,-3.1566666666666667,1.647683669085601,1.647683669085601,3
n4.0_W10,4.0,30.0,1.0,10,-3.1533333333333333,1.375079558309501,1.375079558309501,3
n4.0_W10,4.0,30.0,1.0,10,-3.15,1.020538291932891,1.020538291932891,3
n4.0_W10,4.0,30.0,1.0,10,-3.1466666666666665,1.1708704101345855,1.1708704101345855,3
n4.0_W10,4.0,30.0,1.0,10,-3.1433333333333335,2.367843565766056,2.367843565766056,3
n4.0_W10,4.0,30.0,1.0,10,-3.1399999999999997,2.145794438045529,2.145794438045529,3
n4.0_W10,4.0,30.0,1.0,10,-3.1366666666666667,0.6738551167578164,0.6738551167578164,3
n4.0_W10,4.0,30.0,1.0,10,-3.1333333333333333,0.765877203302447,0.765877203302447,3
n4.0_W10,4.0,30.0,1.0,10,-3.13,1.4707559877323666,1.4707559877323666,3
n4.0_W10,4.0,30.0,1.0,10,-3.1266666666666665,1.6761364758070558,1.6761364758070558,3
n4.0_W10,4.0,30.0,1.0,10,-3.123333333333333,1.7424523314053733,1.7424523314053733,3
n4.0_W10,4.0,30.0,1.0,10,-3.12,1.246689418668436,1.246689418668436,3
n4.0_W10,4.0,30.0,1.0,10,-3.1166666666666667,1.1731447432642348,1.1731447432642348,3
n4.0_W10,4.0,30.0,1.0,10,-3.1133333333333333,1.3400652638165524,1.3400652638165524,3
n4.0_W10,4.0,30.0,1.0,10,-3.11,1.2542308675389087,1.2542308675389087,3
n4.0_W10,4.0,30.0,1.0,10,-3.1066666666666665,0.9965861940406352,0.9965861940406352,3
n4.0_W10,4.0,30.0,1.0,10,-3.1033333333333335,0.2262186108798475,0.2262186108798475,3
n4.0_W10,4.0,30.0,1.0,10,-3.1,1.4443175446268137,1.4443175446268137,3
n4.0_W10,4.0,30.0,1.0,10,-3.0966666666666667,1.5150425105117291,1.5150425105117291,3
n4.0_W10,4.0,30.0,1.0,10,-3.0933333333333333,1.7514755077922184,1.7514755077922184,3
n4.0_W10,4.0,30.0,1.0,10,-3.09,1.8550751715316964,1.8550751715316964,3
n4.0_W10,4.0,30.0,1.0,10,-3.086666666666667,1.8477852729353916,1.8477852729353916,3
n4.0_W10,4.0,30.0,1.0,10,-3.083333333333333,1.7762906357662245,1.7762906357662245,3
n4.0_W10,4.0,30.0,1.0,10,-3.08,2.3915057112634175,2.3915057112634175,3
n4.0_W10,4.0,30.0,1.0,10,-3.0766666666666667,1.8107330662897827,1.8107330662897827,3
n4.0_W10,4.0,30.0,1.0,10,-3.0733333333333333,1.45756657324743,1.45756657324743,3
n4.0_W10,4.0,30.0,1.0,10,-3.07,1.69901413761666,1.69901413761666,3
n4.0_W10,4.0,30.0,1.0,10,-3.0666666666666664,1.903679642184987,1.903679642184987,3
n4.0_W10,4.0,30.0,1.0,10,-3.0633333333333335,2.198397899683111,2.198397899683111,3
n4.0_W10,4.0,30.0,1.0,10,-3.06,1.8776564418585124,1.8776564418585124,3
n4.0_W10,4.0,30.0,1.0,10,-3.0566666666666666,1.9986755279638577,1.9986755279638577,3
n4.0_W10,4.0,30.0,1.0,10,-3.0533333333333332,1.141289190487994,1.141289190487994,3
n4.0_W10,4.0,30.0,1.0,10,-3.05,1.5458307336670158,1.5458307336670158,3
n4.0_W10,4.0,30.0,1.0,10,-3.046666666666667,0.7953094855899353,0.7953094855899353,3
n4.0_W10,4.0,30.0,1.0,10,-3.0433333333333334,0.8705017885163997,0.8705017885163997,3
n4.0_W10,4.0,30.0,1.0,10,-3.04,1.0686789044724596,1.0686789044724596,3
n4.0_W10,4.0,30.0,1.0,10,-3.0366666666666666,1.1708249741259555,1.1708249741259555,3
n4.0_W10,4.0,30.0,1.0,10,-3.033333333333333,1.2560762520871762,1.2560762520871762,3
n4.0_W10,4.0,30.0,1.0,10,-3.0300000000000002,1.411197293114474,1.411197293114474,3
n4.0_W10,4.0,30.0,1.0,10,-3.0266666666666664,1.4285070987377166,1.4285070987377166,3
n4.0_W10,4.0,30.0,1.0,10,-3.0233333333333334,1.4357729909292791,1.4357729909292791,3
n4.0_W10,4.0,30.0,1.0,10,-3.02,1.4932803915387256,1.4932803915387256,3
n4.0_W10,4.0,30.0,1.0,10,-3.0166666666666666,1.6633907460233073,1.6633907460233073,3
n4.0_W10,4.0,30.0,1.0,10,-3.013333333333333,1.946979554926694,1.946979554926694,3
n4.0_W10,4.0,30.0,1.0,10,-3.01,1.9775821323033709,1.9775821323033709,3
n4.0_W10,4.0,30.0,1.0,10,-3.006666666666667,1.7875830877603123,1.7875830877603123,3
n4.0_W10,4.0,30.0,1.0,10,-3.0033333333333334,2.391196600258345,2.391196600258345,3
n4.0_W10,4.0,30.0,1.0,10,-3.0,1.7603487169916139,1.7603487169916139,3
